:0200000480007A
:100000006F00402E6F00801D6F00C02C6F00802C91
:100010006F00402C6F00002C6F00C02B6F00802BF6
:100020006F00402B6F00002B6F00C02A6F00802AEA
:100030006F00402A6F00002A6F00C0296F008029DE
:100040006F0040296F0000296F00C0286F008028D2
:100050006F0040286F0000286F00C0276F008027C6
:100060006F0040276F0000276F00C0266F008026BA
:100070006F0040266F0000266F00C0256F00C0365D
:10008000971102009381C12517010300130181F725
:1000900017050000130505F713651500731055309B
:1000A0001385C1C717260200130686A33306A64090
:1000B00093050000EF20107017350000130505EAC6
:1000C000EF208046EF20905F1305000093050000AD
:1000D00013060000EF00C0006F204046678000005C
:1000E000130101D993078100130710009306010142
:1000F0001306800193058001130500242326112691
:10010000232481262322912623202127232E3125D3
:10011000232C4125EF109002F32920B0F32400B0E6
:10012000930671001306C1009305810013050101B8
:10013000EF00507213040500732A20B0732900B039
:100140008325810017F50000130505A9EF2050084D
:100150008325C10017F50000130505A9EF205007FE
:100160009305040017F50000130505A9EF205006BC
:100170008345710017F50000130505A9EF20500510
:1001800033063A4197F50000938505A917F500005D
:10019000130505A9EF20D0033306994097F5000019
:1001A000938585A717F50000130545A9EF20500298
:1001B0008320C12603248126832441260329012686
:1001C0008329C125032A8125130500001301012776
:1001D0006780000013050000678000001305000021
:1001E0006780000013050000678000001305000011
:1001F0006780000013050000678000001305000001
:1002000067800000130500006780000013050000F0
:1002100067800000130500006780000013050000E0
:1002200067800000130500006780000013050000D0
:1002300067800000130500006780000013050000C0
:1002400067800000130500006780000013050000B0
:1002500067800000130500006780000013050000A0
:100260006780000013050000678000001305000090
:100270006780000013050000678000001305000080
:100280006780000013050000678000001305000070
:100290006780000013050000678000001305000060
:1002A0006780000013050000678000001305000050
:1002B0006780000013050000678000001305000040
:1002C0006780000013050000678000001305000030
:1002D0006780000017E5000013051573EF2010017B
:1002E0006FF05FFF130101FC232011002322A10006
:1002F0002324B1002326C1002328D100232AE100B2
:10030000232CF100232E010123201103232251026B
:1003100023246102232671022328C103232AD10347
:10032000232CE103232EF103F322203413032000B6
:10033000638862021303B000638862001303300015
:10034000638862006F00C002EF0000346F0040035A
:1003500017E5000013050567EF2040796F004002A4
:1003600017E5000013050561EF2040786F0040019C
:1003700017E5000013052567EF2040776F00400266
:10038000F322103403830200130530003373A300FB
:100390006314A3009382220093822200739012348C
:1003A0008320010003254100832581000326C1002D
:1003B0008326010103274101832781010328C1010D
:1003C0008328010283224102032381028323C10285
:1003D000032E0103832E4103032F8103832FC103C7
:1003E0001301010473002030730020303305A04056
:1003F00023A4A1C81305F0FF6780000017E70000E1
:100400001307C76293075005B706001013071700BC
:1004100023A0F60083470700E39A07FE67800000E9
:100420009307800523A4F1C81305F0FF678000003F
:100430009307800523A4F1C81305F0FF678000002F
:100440009307800523A4F1C81305F0FF678000001F
:100450009307800523A4F1C81305F0FF678000000F
:100460009307800523A4F1C81305F0FF67800000FF
:100470001305F0FF678000009307C00023A4F1C8B4
:100480001305F0FF67800000B707048023A0A700D2
:10049000730050106F0000009307800523A4F1C87B
:1004A0001305F0FF678000009307B00023A4F1C894
:1004B0001305F0FF67800000B727000023A2F500B6
:1004C00013050000678000009307800523A4F1C88E
:1004D0001305F0FF678000009307800523A4F1C88F
:1004E0001305F0FF67800000930780FA23A4F1C88A
:1004F00013050000678000001305100067800000EE
:10050000930780FA23A4F1C81305F0FF6780000069
:100510001305F5FF13351500678000009307600190
:1005200023A4F1C81305F0FF678000009307F001D2
:1005300023A4F1C81305F0FF678000001305000035
:10054000678000009307800523A4F1C81305F0FF1E
:10055000678000001305F0FF6780000093078005A7
:1005600023A4F1C81305F0FF678000001305000005
:1005700067800000B727000023A2F50013050000E4
:10058000678000001305F0FF678000001305F0FF8F
:10059000678000009307200023A4F1C81305F0FF33
:1005A000678000009307800523A4F1C81305F0FFBE
:1005B000678000009307A00023A4F1C81305F0FF93
:1005C00067800000130101FF232021011389C1C7A7
:1005D0008327090023248100232291002326110070
:1005E0009384050013040600638A070213060400BF
:1005F0009385040017050200130545FEEF008053A4
:100600008320C100130504000324810083244100DA
:10061000032901001301010167800000B7C5010033
:10062000130630009385052017050200130505FB0E
:10063000EF000043930710002320F9006FF01FFB29
:1006400023A6A1C613050000678000001387C1C65A
:10065000832707003385A7002320A700637C25009C
:10066000170703001307079A6376E5001385070051
:10067000678000009307C00023A4F1C89307F0FF30
:100680001385070067800000130101FF23229100FA
:1006900023261100930710089384050063C21709ED
:1006A0009307F00263D61703938808FD930710059C
:1006B00063E4170317E700001307873993982800AE
:1006C000B388E80083A70800B387E70067800700C6
:1006D000930710016380F80A1307500597E700009D
:1006E0009387C734B70600109387170023A0E6004E
:1006F00003C70700E31A07FE8320C10083244100DB
:1007000013010101678000008320C1009307800569
:1007100023A4F1C883244100130101016780000074
:100720009307F040E3CA17FB9307F03F63D6170324
:10073000938808C09307F000E3E017FB17E7000079
:100740001307874593982800B388E80083A708001B
:10075000B387E700678007009307C00AE38EF8F8C5
:1007600063C6170393079009E388F8F89307900A84
:10077000E394F8F6930780FA23A4F1C86FF0DFF74B
:10078000B727000023A2F4006FF01FF79307600D56
:10079000E394F8F423A6A1C66FF01FF69307F001C7
:1007A00023A4F1C86FF05FF59307200023A4F1C8DC
:1007B0006FF09FF4B707048023A0A70073005010C8
:1007C0006F0000009307600123A4F1C86FF0DFF20F
:1007D000232021011389C1C7832709002324810015
:1007E0001304060063860702130604000324810035
:1007F000032901008320C100938504008324410064
:1008000017050200130585DD130101016F00803219
:10081000B7C50100130630009385052017050200B7
:100820001305C5DBEF00C023930710002320F90058
:100830006FF09FFB8327C50063880720832805018D
:10084000638408200328050003469500032745011B
:100850008346480133E6C600A304C50093F60602AA
:100860006382061EB386E840130600011383060068
:100870006374D60013030001638AE81C3386E70023
:10088000034E060093051700130610002300C8014D
:10089000232AB5006370D61A3386B700834E06004C
:1008A00013062700130E20002300D801232AC500B9
:1008B0006372DE183386C700834E060013063700C6
:1008C000130E30002300D801232AC5006374DE16FE
:1008D0003386C700834E060013064700130E400000
:1008E0002300D801232AC5006376DE143386C700AF
:1008F000834E060013065700130E50002300D80144
:10090000232AC5006378DE123386C700834E0600B3
:1009100013066700130E60002300D801232AC500C8
:10092000637ADE103386C700834E06001306770015
:10093000130E70002300D801232AC500637CDE0E4D
:100940003386C700834E060013068700130E80000F
:100950002300D801232AC500637EDE0C3386C7003E
:10096000834E060013069700130E90002300D80153
:10097000232AC5006370DE0C3386C700834E060051
:100980001306A700130EA0002300D801232AC500D8
:100990006372DE0A3386C700834E06001306B70073
:1009A000130EB0002300D801232AC5006374DE08AB
:1009B0003386C700834E06001306C700130EC0001F
:1009C0002300D801232AC5006376DE063386C700DC
:1009D000834E06001306D700130ED0002300D80163
:1009E000232AC5006378DE043386C700834E0600E1
:1009F0001306E700130EE0002300D801232AC500E8
:100A0000637ADE023386C700834E06001306F700C2
:100A1000130EF0002300D801232AC500637CDE00FA
:100A2000B387C70083C70700130707012300F80037
:100A3000232AE50013070000638406001307F3FF71
:100A40003307B7006384E8006780000083474800ED
:100A50002328050093F7D70F2302F80067800000D2
:100A6000130101FE232A910083240500232C810019
:100A70002328210123263101232E11002382040083
:100A800023840400930770FC2384F400238804006B
:100A90002322B500130405003785D71713890500F5
:100AA0009309060093060000138605001305054010
:100AB00093050000EF10405EB70780006374F502F5
:100AC0009357F500130700F82386E40093F7F70F18
:100AD000135575002382F4001375F50F2380A400CD
:100AE000238604002386340123043401A304040074
:100AF00097070000938747D4232224018320C10154
:100B00002328040023260400232A0400232E0400A3
:100B1000232C0400232204022320F4020324810155
:100B200083244101032901018329C100130101022A
:100B300067800000130101FF23260100638A050876
:100B400063080608032505003388C5001307100352
:100B500083474501232601000326C10093F6F70FC2
:100B6000636CC7008327C100938717002326F10019
:100B70008327C100E378F7FE93F70602E38A07FCB8
:100B8000232601008327C100636CF7008327C1007F
:100B9000938717002326F1008327C100E378F7FE2F
:100BA00083C705002300F500232601008327C10029
:100BB000636CF7008327C100938717002326F10099
:100BC0008327C100E378F7FE93851500E39205F9CA
:100BD00013010101678000006384050403C605005A
:100BE0006300060403270500130101FF9386150027
:100BF0008347470193F7F70FA307F1008347F100FD
:100C000093F70702E38607FE2300C70003C606002A
:100C100093861600E31E06FC1301010167800000A5
:100C200067800000630C0602638A05020327050043
:100C300097060000938646C02326B50083474700E9
:100C40002328C500232A05002320D50293E7270087
:100C50002302F700F32740F1638407006780000058
:100C60003727000C970702009387479783260700D2
:100C70003305F5401335150093071000B397A7000F
:100C8000B3E7D7002320F700678000008327050023
:100C9000034795008326050183C7470133E7E70033
:100CA000A304E50093F7F70F6398060093D7670056
:100CB00013F517006780000013050000678000002F
:100CC0001307050063800506630E0604032805006C
:100CD0008346950083474801B3E6D700A304D500B7
:100CE00093F7170063800704130500006F0080006E
:100CF0006308A60283460800B387A5001305150004
:100D00002380D700032807008346970083474801C4
:100D1000B3E6D700A304D70093F71700E39A07FCC4
:100D2000678000001305000067800000F32740F192
:100D300063960702B726000C170702001307078AFD
:100D400003A606003307E54013371700930710008A
:100D5000B397E700B3E7C70023A0F600B707010089
:100D60009387F7FF638CF5000327050093F5F500E3
:100D700083474700B3E7B7002302F700678000000E
:100D8000638E05029307000C63EAC7020327050080
:100D9000232EB5008347870093F7F703B3E7C70017
:100DA00093F7F70F2304F7008347470093E71700F3
:100DB0002302F700F32740F16384070067800000F7
:100DC0003727000C97070200938747818326070087
:100DD0003305F5401335150093071000B397A700AE
:100DE000B3E7D7002320F700678000006384050283
:100DF000032705002320B50223260500834747006B
:100E00002328050093E727002302F700F32740F18A
:100E100063840700678000003727000C97F7010004
:100E20009387C77B832607003305F54013351500EC
:100E300093071000B397A700B3E7D7002320F7006C
:100E40006780000063800502032705002322B502A6
:100E50008347470093E787002302F700F32740F119
:100E600063840700678000003727000C97F70100B4
:100E70009387C776832607003305F54013351500A1
:100E800093071000B397A700B3E7D7002320F7001C
:100E90006780000063880512630606128327050039
:100EA0008346950003C74701B366D700A304D50066
:100EB00013770702630807101307000113050600E4
:100EC0006374C7001305000183C6050013071000F3
:100ED0002380D700637AC70E83C61500130720004E
:100EE0002380D7006372C70E83C625001307300026
:100EF0002380D700637AC70C83C6350013074000F0
:100F00002380D7006372C70C83C6450013075000C7
:100F10002380D700637AC70A83C655001307600091
:100F20002380D7006372C70A83C665001307700069
:100F30002380D700637AC70883C675001307800033
:100F40002380D7006372C70883C68500130790000B
:100F50002380D700637AC70683C695001307A000D5
:100F60002380D7006372C70683C6A5001307B000AD
:100F70002380D700637AC70483C6B5001307C00077
:100F80002380D7006372C70483C6C5001307D0004F
:100F90002380D700637AC70283C6D5001307E00019
:100FA0002380D7006372C70283C6E5001307F000F1
:100FB0002380D700637AC70003C7F5002380E700CA
:100FC000678000001305000067800000832705008C
:100FD0000347950083C74701A304050033E5E700F5
:100FE0001375E509678000008327050003C58701A5
:100FF00067800000032705008347950003474701EA
:10100000B367F700A304F5001375070667800000B7
:10101000032705008347C70093E707042306F7006B
:1010200067800000032705008347C70093F7F70B8D
:101030002306F700678000009306050093870500EC
:101040001307100013068001930580011305002487
:101050006F00D00E130101FF23248100130406004A
:101060002322910013860600938405009305040053
:1010700023261100EF00000383A7040013050000DE
:1010800063C80700032504003305F5401335150038
:101090008320C10003248100832441001301010146
:1010A00067800000130101F92322210737F9FFFFB0
:1010B00023203107930200009309050013090979E1
:1010C00023249106232A6105938869011388090066
:1010D00023268106232E4105232C51052328710543
:1010E00023268105232491052322A1052320B10570
:1010F000938F05001305060093040000170B0200F0
:10110000130B0BE8138F02009309090093070F00DC
:10111000330A0F0113994400130F0F033384F800AF
:1011200013270963B3063901930709006314070005
:101130009387060013773A00630A077293870724A0
:1011400097EA0000938A0AB517EC0000130C8CB0E4
:10115000B30BFB00232E2101232091022322E10364
:10116000232401032326F1032328A102232A810239
:10117000232C3103232E1103038F0A0003470A0097
:10118000838E1A0083471A00330FEF0203472A03A6
:10119000838D2A00034E2A0003833A00034D3A0050
:1011A0002320E1000387DA0083884A00834C8A0108
:1011B000B38EFE0203885A0083499A018387BA00DE
:1011C00003856A000349AA012324E10003479A0426
:1011D00083857A008344BA01338ECD0303868A0067
:1011E00003440A0383869A008382AA0083431A0376
:1011F000834F3A03834D8A042322F1002326E10022
:101200003303A3038387CA0003270C00938A0A01D0
:10121000130C4C00330FEF000387EAFFB38EEE018F
:10122000330EDE012328E100B38898030347AA04A4
:101230003303C301038FFAFF232AE1000347BA04F3
:10124000232CE1000327010033083803B38868002A
:101250003305250333081801B385950233050501CD
:1012600033068602B385A500B38676023306B60040
:10127000B386C600032641003387E2023306F60335
:101280003307D700832681003307E6000326C10019
:10129000B387B703B386C602B387E70003264101CD
:1012A00003270101B386F600832781013307C702B4
:1012B000B307FF023307D700B387E70013C7F7FF71
:1012C0001357F741B3F7E70093D787401307F00FA1
:1012D0006354F7009307F00F2380FB0097E70000AB
:1012E0009387479B938B1B00E39887E90329C101F0
:1012F00083240102032F410203288102832FC102AC
:101300000325010303244103832981038328C103A7
:10131000130A2A0013090901E3148AE09307002144
:101320009384B400E314FFDEB7FDFFFF1308000051
:101330001307000093080000138A01EE130DF062FA
:10134000938D0D79930C500013060000131F570066
:1013500093050800930206002324E10093974200BE
:10136000330CBB0097CA0100938A8A3E97EB0000BA
:10137000938B4BA23387E7012320810113860A0058
:10138000232EF101938A0B002326B100232851005C
:10139000232A1101232C0101130C0F00930F0700C6
:1013A0002320A10283A70A001307860093090601E0
:1013B00013098601930406021304860293020603AE
:1013C000130F86039308060413088604930506008A
:1013D00013850F009306000023225101930A050094
:1013E0006354AD00B30AB501B30A5A0103AE0A0053
:1013F00083AE050003A34A0083A345008B670EEF6D
:10140000938B8A0003AE0B00832E070003A34B00CF
:10141000832347008B670EEF938B0A0103AE0B000B
:1014200083AE090003A34B0083A349008B670EEF33
:10143000938B8A0103AE0B00832E090003A34B009C
:10144000832349008B670EEF938B0A0203AE0B00D8
:1014500083AE040003A34B0083A344008B670EEF0D
:10146000938B8A0203AE0B00832E040003A34B0070
:10147000832344008B670EEF938B0A0303AE0B00AC
:1014800083AE020003A34B0083A342008B670EEFE1
:10149000938B8A0303AE0B00832E0F0003A34B0034
:1014A00083234F008B670EEF938B0A0403AE0B0070
:1014B00083AE080003A34B0083A348008B670EEFA5
:1014C000938A8A0403AE0A00832E080003A34A000D
:1014D000832348008B670EEF938616001305050BD8
:1014E0009385050513070705938909051309090560
:1014F000938404051304040593820205130F0F055A
:101500009388080513080805E39A96ED13C7F7FFBB
:101510001357F741B3F7E70093D787401307F00F4E
:10152000832A41006354F7009307F00F032701005B
:10153000938A4A00130606192300F716930717002B
:101540002320F10097E700009387C78AE39CFAE421
:10155000832201018325C10093078000938222002A
:101560008328410103288101832FC1010325010242
:10157000130F0C0093858501E392F2DE03278100AF
:1015800093882800130808061307B700E39E58DA6B
:10159000138801F897E500009385C58517EF0000D3
:1015A000130F0F0B97E40000938444AA93020800E2
:1015B000930808001304F00F83A705001707020023
:1015C000130707B213060F00032E0700832E060031
:1015D00003234700832346008B670EEF1309870020
:1015E00093098600032E090083AE090003234900F6
:1015F00083A349008B670EEF1309070193090601C6
:10160000032E090083AE09000323490083A3490088
:101610008B670EEF1309870193098601032E0900DA
:1016200083AE09000323490083A349008B670EEFB3
:101630001309070293090602032E090083AE09006D
:101640000323490083A349008B670EEF1309870228
:1016500093098602032E090083AE09000323490083
:1016600083A349008B670EEF130907039309060351
:10167000032E090083AE09000323490083A3490018
:101680008B670EEF1309870393098603032E090066
:1016900083AE09000323490083A349008B670EEF43
:1016A0001309070493090604032E090083AE0900F9
:1016B0000323490083A349008B670EEF13098704B6
:1016C00093098604032E090083AE09000323490011
:1016D00083A349008B670EEF1309070593090605DD
:1016E000032E090083AE09000323490083A34900A8
:1016F0008B670EEF1309870593098605032E0900F2
:1017000083AE09000323490083A349008B670EEFD2
:101710001307070613060606E398E2EA13C7F7FF66
:101720001357F741B3F7E70093D787406354F400AA
:101730009307F00F2380F8009385450093881800E5
:10174000130F0F18E39AB4E6938E610117E70000B8
:101750001307479217E600001306468F93880E0082
:1017600093020700130FF00F8327060013030700EF
:101770009305080003CE050083030300938515003D
:1017800013031300330E7E02B387C701E394BEFE3A
:1017900093D7B740635CFF189307F00F2380F800DE
:1017A000130646009388180013076709E31E56FACC
:1017B00003066B3703077B37930710006346E60089
:1017C000130706009307000003068B37634CC7120C
:1017D0001306070003079B376342E6121307060050
:1017E0000306AB376348C710130607000307BB3770
:1017F0006346E60013070600938607008307CB378E
:101800006342F712930707000307DB3763C8E7104B
:10181000138707008307EB37634EF70E9307070024
:101820000307FB3763C4E70E138707002300E500B7
:101830000324C10623A0DF00832481060329410677
:1018400083290106032AC105832A8105032B41054B
:10185000832B0105032CC104832C8104032D410437
:10186000832D01041301010767800000938707247B
:1018700093020A0317D600001306C63D97D6000050
:101880009386C6413307FB0083270600938586FFB6
:10189000032E0A0083AE050003238A0183A34500BB
:1018A0008B670EEF03AE020083AE060003A3820136
:1018B00083A346008B670EEF93C5F7FF93D5F541E1
:1018C000B3F7B70093D787409305F00F93860601CF
:1018D00063D4F5009307F00F2300F70097D70000BB
:1018E0009387C74B1306460013071700E39ED7F8EC
:1018F0006FF01FA2930740006FF05FEF9307300077
:101900006FF01FEE930720006FF0DFEC930690005E
:101910006FF0DFF1930680006FF09FF09306700088
:101920006FF05FEF930660006FF01FEE93C5F7FF57
:1019300093D5F541B3F7B7006FF05FE6130101FDF2
:1019400023229102938401C803A30400232E3101B2
:10195000232C4101232A510123286101232611024E
:101960002324810223202103930823001308102538
:10197000130B0500938A0500130A060093890600DD
:10198000636C181D17F801001308C8C733086800F6
:10199000034908000344180023A01401130800059C
:1019A000631A09011304B4FC1374F40F93061000B6
:1019B00063FA860217E5010013054533032481020B
:1019C0008320C10283244102032901028329C1012A
:1019D000032A8101832A4101032B01011301010321
:1019E0006F10C01003A60400930610251306B6005E
:1019F00063E0C61A23A0C400930680016316DA0AC6
:101A000063944A0B83A60400130610253304DB00FD
:101A1000636A860E6386090297F50100938585BE89
:101A200013060B00B385D500138509002326F100AA
:101A30002324E100EF10C0658327C1000327810044
:101A400023A0840083A60400131627009305102505
:101A50003304D60063E68506638C070097F5010022
:101A6000938545BAB385D50013850700EF10406212
:101A700023A0840003A7040093071025631CF7022A
:101A80008320C1020324810283244102032901022D
:101A90008329C101032A8101832A4101032B01010A
:101AA000130101036780000017E501001305852578
:101AB0006FF0DFF017E50100130585316FF01FF0BF
:101AC000930610251306040097E50100938545321F
:101AD00017E501001305C51F2324E100EF00506F37
:101AE000032781009307F0FFE306F7F813060700CA
:101AF0009305F0FF17E5010013054528EF00506D31
:101B00006FF05FF7930610251306040097E50100B8
:101B10009385052E17E501001305851B2326F1008B
:101B20002324E100EF00D06A9306F0FF0327810031
:101B30008327C100E308DBF013060B009305F0FFD9
:101B400017E501001305C51EEF0090688327C1004B
:101B5000032781006FF01FEF9306102513860800FE
:101B600097E501009385C52817E501001305451683
:101B70002326F1002324E100EF0090658327C100B4
:101B80000327810013090000130400006FF01FE118
:101B90009306102597E501009385852517E501003B
:101BA000130505132326F1002324E100EF00506202
:101BB0008327C100032781006FF01FE41308000092
:101BC00063C6051263DC0600B337C000B306D0401D
:101BD0001348F8FFB386F6403306C040930806006A
:101BE0001307050013830500639A060E63F4C516F8
:101BF000B70701006364F622B7070001930680016E
:101C00006374F60093060001B7070280335ED600C6
:101C1000938707E0B387C70183C70700130E00024D
:101C2000B387D700B306FE40630CFE003393D500A4
:101C3000B357F500B318D60033E367003317D50068
:101C400013D608013355C3029396080193D60601B3
:101C5000935707013373C302B385A602131303011D
:101C6000B3E7670063FCB700B387F8001303F5FF21
:101C700063E4170163E6B74013050300B387B74079
:101C8000B3D5C7021317070113570701B3F7C702EC
:101C9000B386B602939707013367F700637ED700D8
:101CA0003387E8009387F5FF636617019385E5FFA7
:101CB0006364D70093850700131505013365B500EC
:101CC00093050000630A0800B337A000B305B040D5
:101CD000B385F5403305A0406780000063F4D5026A
:101CE00093050000130500006FF0DFFDB337A0007F
:101CF000B305B040B385F5403305A0401308F0FFAD
:101D00006FF05FECB707010063E8F61EB70700014C
:101D10009308800163F4F60093080001B70702807E
:101D200033D71601938707E0B387E70003C707009F
:101D30009307000233071701B388E7406396E71C57
:101D400063E4B6303335C500133515009305000044
:101D50006FF05FF7630C060CB7070100637CF62C8D
:101D6000133306101333130013133300B3566600F6
:101D7000B7070280938707E0B387D70083C60700C1
:101D800093070002B3866600B38ED7406394D70CE6
:101D9000B386C540135306011316060113560601F8
:101DA0009305100033D5660293570701B3F6660218
:101DB000330EC50293960601B3E7D70063FCC70153
:101DC000B387F8009306F5FF63E4170163E4C72BBC
:101DD00013850600B387C741B3D6670213170701FF
:101DE00013570701B3F767023386C60293970701BB
:101DF0003367F700637EC7003387E8009387F6FFF9
:101E0000636617019386E6FF6364C7009386070045
:101E1000131505013365D5006FF0DFEA9336061020
:101E200093B61600939636006FF01FDEB707028058
:101E300093060000938707E0B387D70083C60700A7
:101E40001303000093070002B3866600B38ED740E9
:101E5000E380D7F4B318D60133DED50013D30801DD
:101E6000B3576E021396080113560601B356D500F8
:101E70003317D501B395D501B3E6B60093D5060166
:101E8000337E6E023305F602131E0E01B3E5C50163
:101E900063FEA500B385B800138EF7FF63E4151D3C
:101EA00063F2A51C9387E7FFB3851501B385A540B1
:101EB00033D565029396060193D60601B3F5650204
:101EC000330EA60293950501B3E6B60063FEC60184
:101ED000B386D8009305F5FF63EE161763FCC617AB
:101EE0001305E5FFB386160193950701B386C64136
:101EF000B3E5A5006FF01FEB93B8061093B8180078
:101F0000939838006FF09FE1B35EE600B396160138
:101F1000B3EEDE0033D3E50013DF0E01B357E30366
:101F2000139E0E01B3951501135E0E013357E500A4
:101F30003367B70093560701331616013373E30373
:101F4000B305FE0213130301B3E6660063FEB60099
:101F5000B386DE001383F7FF63EAD61163F8B61089
:101F60009387E7FFB386D601B386B640B3D5E603C1
:101F70001317070113570701B3F6E6033303BE0235
:101F8000939606013367D700637E67003387EE00C0
:101F90009386F5FF6364D70D6372670C9385E5FF45
:101FA0003307D70193970701370F0100B3E7B70055
:101FB0009306FFFFB3F5D70013DE0701B376D60013
:101FC00013560601B38ED50233076740B306DE020F
:101FD00013D30E01B385C502B385D500B305B30095
:101FE000330ECE0263F4D500330EEE0193D6050115
:101FF000B386C601636AD7026308D700138507005A
:10200000930500006FF01FCCB70601009386F6FF22
:1020100033F7D50013170701B3FEDE0033151501A2
:102020003307D701E37CE5FC1385F7FF9305000038
:102030006FF05FC9B7070001637AF6049356060193
:10204000130300016FF0DFD29305000013051000A9
:102050006FF05FC7138505006FF01FE993850600D9
:102060006FF05FF493070E006FF05FE493070300D7
:102070006FF09FEF1305E5FFB38717016FF09FD552
:102080001305E5FFB38717016FF05FBF9356860115
:10209000130380016FF0DFCD1308060093080500DD
:1020A000138705006390060E63FEC512B707010093
:1020B000636EF61EB7070001930680016374F60095
:1020C00093060001B70702803353D600938707E0D9
:1020D000B387670083C7070013030002B387D700E5
:1020E000B306F340630CF3003397D500B357F50004
:1020F0003318D60033E7E700B318D50013560801AC
:102100003355C7029316080193D6060193D70801E9
:102110003377C702B385A60213170701B3E7E700B9
:1021200063FCB700B307F8001307F5FF63E407018A
:1021300063E0B73E13050700B387B74033D7C70244
:102140009398080193D80801B3F7C702B386E60253
:1021500093970701B3E8F80063FED800B3081801AD
:102160009307F7FF63E608011307E7FF63E4D8006E
:1021700013870700131505013365E500930500007B
:102180006780000063F8D500930500001305000088
:1021900067800000B707010063E8F61EB70700017B
:1021A0001308800163F4F60013080001B7070280EA
:1021B00033D70601938707E0B387E70003C707001B
:1021C00093070002330707013388E7406396E71C53
:1021D00063E4B6303335C5001335150093050000B0
:1021E00067800000630C060CB7070100637CF62CC7
:1021F000133706101337170013173700B356E600CE
:10220000B7070280938707E0B387D70083C707002B
:1022100093060002B387E700B38EF6406394F60C92
:10222000B387C540935606011316060113560601DF
:102230009305100033D5D70213D70801B3F7D7029F
:102240003303C50293970701B367F70063FC670088
:10225000B307F8001307F5FF63E4070163E4672A97
:1022600013050700B387674033D7D7029398080157
:1022700093D80801B3F7D7023306C7029397070133
:10228000B3E8F80063FEC800B30818019307F7FF2E
:1022900063E608011307E7FF63E4C800138707003C
:1022A000131505013365E5006780000093360610BD
:1022B00093B61600939636006FF0DFE0B707028002
:1022C00093060000938707E0B387D70083C7070012
:1022D0001307000093060002B387E700B38EF640B1
:1022E000E380F6F43318D60133D3F5009356080192
:1022F000335ED30213160801B395D50113560601B8
:10230000B357F500B3E7B70013D70701B318D501EA
:102310003373D302B305C603131303013367670096
:10232000637EB7003307E8001305FEFF6364071DF3
:102330006372B71C130EEEFF330707013307B74074
:102340003355D7029397070193D707013377D70205
:102350003303A60213170701B3E7E70063FE670024
:10236000B307F8001307F5FF63EE071763FC671662
:102370001305E5FFB387070193150E01B387674087
:10238000B3E5A5006FF01FEB13B806101338180063
:10239000131838006FF09FE1335EE600B396060134
:1023A000336EDE00B3D8E500935E0E01B3D7D803D9
:1023B00013130E01B3950501135303013357E500C1
:1023C0003367B7009356070133160601B3F8D803F5
:1023D000B305F30293980801B3E6160163FEB60055
:1023E000B306DE009388F7FF63EAC61163F8B61000
:1023F0009387E7FFB386C601B386B640B3D5D6034D
:102400001317070113570701B3F6D603B308B30236
:10241000939606013367D700637E17013307EE00FA
:102420009386F5FF6364C70D6372170D9385E5FF0F
:102430003307C70193970701B70E0100B3E7B70051
:102440009386FEFFB3F5D70013D30701B376D6000A
:1024500013560601338ED50233071741B306D30254
:1024600093580E01B385C502B385D500B385B80076
:102470003303C30263F4D5003303D30193D60501BC
:10248000B3866600636AD7026308D7001385070026
:102490009305000067800000B70601009386F6FFF1
:1024A00033F7D50013170701337EDE00331505011E
:1024B0003307C701E37CE5FC1385F7FF93050000B4
:1024C00067800000B7070001637AF604935606019F
:1024D000130700016FF0DFD2930500001305100011
:1024E00067800000130507006FF01FE99385060061
:1024F0006FF05FF4130E05006FF05FE49387080040
:102500006FF09FEF1305E5FFB38707016FF09FD5CD
:102510001305E5FFB38707016FF01FC293568601CD
:10252000130780016FF0DFCD9305050093060000CF
:1025300013060000130500006F009058130101FFFF
:1025400093050000232481002326110013040500B5
:10255000EF00906083A741C863840700E78007000D
:1025600013050400EFD05FF2130500006780000040
:1025700037160280B775008037150280130646852E
:102580009385C516130505866F004035130101FFBD
:102590008325450023248100232291002326110056
:1025A000138401519304050063848500EF40103CBF
:1025B00083A58400930784066386F50013850400D1
:1025C000EF40D03A83A5C4001304040D638E850048
:1025D000032481008320C10013850400832441006B
:1025E000130101016F4090388320C1000324810052
:1025F00083244100130101016780000013050000DE
:1026000067800000130101FE232C8100B7270080A2
:102610001384015193870757232E1100232A910019
:1026200023282101232631012324410123A2F1C8BB
:102630001306800093074000930500001305C405AE
:102640002326F40023200400232204002324040072
:102650002322040623280400232A0400232C040038
:10266000EF005015B7070100373A0080B7390080F6
:1026700037390080B7340080130A8AAF9389C9B50F
:10268000130949BE9384C4C593879700130680003D
:10269000930500001305440C232044032322340334
:1026A0002324240323269402232AF406232E8400C1
:1026B0002324040623260406232804062326040CC8
:1026C000232C0406232E040623200408EF00900E7A
:1026D000B707020013078406938727011305C41266
:1026E000130680009305000023244409232634099F
:1026F00023282409232A9408232EF40C2322E408F7
:102700002328040C232A040C232C040C232A04124F
:102710002320040E2322040E2324040EEF0090092C
:102720009307040D2328440F232A340F232C240F4E
:10273000232E940E8320C1012326F40E032481014D
:1027400083244101032901018329C100032A810057
:10275000130101026780000083A741C8130101FE35
:1027600023263101232E1100232C8100232A9100DE
:1027700023282101930905006388070E3719028079
:10278000130949859304F0FF832749000324890036
:102790009387F7FF63D807006F00000813048406CF
:1027A000638C97060317C4009387F7FFE31807FEAF
:1027B000B707FFFF938717002326F40023220406A0
:1027C00023200400232404002322040023280400DF
:1027D000232A0400232C0400130680009305000024
:1027E0001305C405EF00007D23280402232A0402F8
:1027F00023220404232404048320C10113050400BC
:102800000324810183244101032901018329C1009B
:10281000130101026780000003240900630604001D
:10282000130904006FF05FF69305C01A13850900C1
:10283000EF10000A13040500630C05021305C50020
:1028400093074000232004002322F4002324A40043
:102850001306001A93050000EF00C07523208900BD
:10286000130904006FF05FF2EFF0DFD96FF01FF192
:10287000232009009307C00023A0F9006FF0DFF7C1
:1028800083274503638407006780000003A741C8CE
:10289000B72700809387C758232AF502E31607FE5F
:1028A0006FF05FD6678000006780000037160280F7
:1028B000B7250080130646859385855613050000CD
:1028C0006F00C00137160280B725008013064685C9
:1028D0009385C55F130500006F004000130101FDE3
:1028E00023202103232E3101232C4101232A5101CE
:1028F000232861012326710123261102232481024A
:1029000023229102130B0500938B0500930A060006
:10291000130A0000930910001309F0FF83A44A0072
:1029200003A48A009384F4FF63C804028357C4009D
:1029300063FEF9008317E4009305040013050B0000
:1029400063862701E7800B00336AAA009384F4FFB3
:1029500013048406E39C24FD83AA0A00E3900AFC86
:102960008320C1020324810283244102032901023E
:102970008329C101832A4101032B0101832BC1005B
:1029800013050A00032A8101130101036780000077
:10299000130101FC2324C1022326D1022328E102D2
:1029A000232AF102232C0103232E11031386050091
:1029B0008325850093068102232E11002326D10052
:1029C000EF10006D8320C101130101046780000036
:1029D00003A301C7130101FC2324C1022326D10252
:1029E0002322B1022328E102232AF102232C01032E
:1029F000232E11038325830093064102130605004D
:102A000013050300232E11002326D100EF10406888
:102A10008320C1011301010467800000130101FC40
:102A2000232C81021304050013850500232A91023B
:102A3000232E110293840500EF00C07FB7070280A8
:102A4000938747D72324F102930710002326F1022E
:102A5000032744039307010293061500232AF1007C
:102A600093072000232091022322A102232ED100CC
:102A7000232CF10083258400630007068397C5009B
:102A8000139727016342070203A74506B7E6FFFF36
:102A90009386F6FF37260000B3E7C7003377D700E9
:102AA0002396F50023A2E506130641011305040051
:102AB000EF4010308320C103032481031335150038
:102AC0003305A0401375B500832441031305F5FFBA
:102AD0001301010467800000130504002326B100E0
:102AE000EFF01FDA8325C1006FF05FF99305050051
:102AF00003A501C76FF09FF2130101FF232481009A
:102B0000138405008395E50023261100EF00002EB5
:102B100063400502832704058320C100B387A70013
:102B20002328F404032481001301010167800000BD
:102B30008357C40037F7FFFF1307F7FFB3F7E7002A
:102B40008320C1002316F400032481001301010136
:102B50006780000013050000678000008397C500B0
:102B6000130101FE232C8100232A91002328210137
:102B700023263101232E110013F7071013840500BB
:102B800093040500130906009389060063100704E7
:102B900037F7FFFF1307F7FFB3F7E7008315E400EC
:102BA0002316F400032481018320C10193860900C8
:102BB000130609008329C1000329010113850400BC
:102BC00083244101130101026F00C0288395E500B1
:102BD0009306200013060000EF00C01A8317C400FC
:102BE0006FF01FFB130101FF2324810013840500F4
:102BF0008395E50023261100EF00C0189307F0FF2E
:102C00006308F5028357C400371700008320C10012
:102C1000B3E7E7009397070193D707412328A4045C
:102C20002316F400032481001301010167800000D2
:102C30008357C40037F7FFFF1307F7FFB3F7E70029
:102C40009397070193D707418320C1002316F4000F
:102C50000324810013010101678000008395E500D2
:102C60006F004000130101FF232481002322910003
:102C700013040500138505002326110023A401C8B1
:102C8000EFD00FFF9307F0FF630CF5008320C10026
:102C900003248100832441001301010167800000A7
:102CA00083A781C8E38407FE8320C1002320F400AA
:102CB0000324810083244100130101016780000087
:102CC00083A701C7638EA70A83254504130101FE6C
:102CD000232A9100232E110093040500638C050420
:102CE0002328210123263101232C81001309000010
:102CF00093090008B387250103A40700630E0400AD
:102D0000930504000324040013850400EF00100C55
:102D1000E31804FE83A5440413094900E31C39FDAC
:102D200013850400EF00900A0324810103290101A7
:102D30008329C10083A584036386050013850400ED
:102D4000EF00D00883A5C404638605001385040042
:102D5000EF00D00783A74403638C07008320C101E1
:102D600013850400832441011301010267800700D9
:102D70008320C10183244101130101026780000007
:102D800067800000130101FF1387050023248100E1
:102D90002322910093050600130405001386060004
:102DA000130507002326110023A401C8EFD00FF953
:102DB0009307F0FF630CF5008320C100032481001A
:102DC00083244100130101016780000083A781C8AB
:102DD000E38407FE8320C1002320F4000324810044
:102DE000832441001301010167800000130101FFEA
:102DF00013870500232481002322910093050600F8
:102E0000130405001386060013050700232611008E
:102E100023A401C8EFD08FF59307F0FF630CF500F2
:102E20008320C10003248100832441001301010198
:102E30006780000083A781C8E38407FE8320C10068
:102E40002320F400032481008324410013010101A5
:102E500067800000130101FF138705002324810010
:102E60002322910093050600130405001386060033
:102E7000130507002326110023A401C8EFD08FF407
:102E80009307F0FF630CF5008320C1000324810049
:102E900083244100130101016780000083A781C8DA
:102EA000E38407FE8320C1002320F4000324810073
:102EB000832441001301010167800000130101FF19
:102EC00023248100B70702803704028023202101D8
:102ED0009387875D1307845D2326110023229100C9
:102EE0003389E7406382E702135929401304845D64
:102EF0009304000083270400938414001304440007
:102F0000E7800700E3E824FF37040280B707028068
:102F10009387875D1307845D3389E7401359294000
:102F20006380E7021304845D930400008327040098
:102F30009384140013044400E7800700E3E824FFAF
:102F40008320C10003248100832441000329010060
:102F50001301010167800000130101FF2324810098
:102F6000B7070280370402809387875D1304845D6E
:102F70003304F4402322910023261100935424406B
:102F8000638004021304C4FF3304F40083270400A5
:102F90009384F4FF1304C4FFE7800700E39804FE62
:102FA0008320C10003248100832441001301010117
:102FB000678000001303F00013070500637EC3025F
:102FC0009377F7006390070A63920508937606FFEC
:102FD0001376F600B386E6002320B7002322B7005D
:102FE0002324B7002326B70013070701E366D7FEA3
:102FF0006314060067800000B306C3409396260062
:1030000097020000B38656006780C6002307B7000A
:10301000A306B7002306B700A305B7002305B70032
:10302000A304B7002304B700A303B7002303B7002A
:10303000A302B7002302B700A301B7002301B70022
:10304000A300B7002300B7006780000093F5F50FD9
:1030500093968500B3E5D50093960501B3E5D500B9
:103060006FF0DFF69396270097020000B3865600B4
:1030700093820000E78006FA93800200938707FF9F
:103080003307F7403306F600E378C3F66FF0DFF35B
:10309000B3C7A50093F73700B308C50063940706CC
:1030A0009307300063F0C7069377350013070500D8
:1030B000639A070613F6C8FFB306E64093070002BB
:1030C00063CED70893860500930707006378C7028D
:1030D00003A80600938747009386460023AE07FFA8
:1030E000E3E8C7FE9307F6FFB387E74093F7C7FF10
:1030F000938747003307F700B385F500636817012E
:1031000067800000130705006378150583C7050075
:103110001307170093851500A30FF7FEE398E8FE49
:103120006780000083C605001307170093773700F8
:10313000A30FD7FE93851500E38E07F683C605001F
:103140001307170093773700A30FD7FE9385150059
:10315000E39A07FC6FF01FF667800000130101FF80
:10316000232681001304000283A3050083A24500E7
:1031700083AF850003AFC50083AE050103AE4501F3
:1031800003A3850103A8C50183A60502130747020F
:10319000B307E640232E77FC232057FE2322F7FFB8
:1031A0002324E7FF2326D7FF2328C7FF232A67FE10
:1031B000232C07FF232ED7FE93854502E346F4FA1E
:1031C00093860500930707006378C70203A80600EB
:1031D000938747009386460023AE07FFE3E8C7FEC8
:1031E0009307F6FFB387E74093F7C7FF938747003E
:1031F0003307F700B385F500636817010324C100A6
:10320000130101016780000083C705001307170041
:1032100093851500A30FF7FEE382E8FE83C7050040
:103220001307170093851500A30FF7FEE39EE8FC34
:103230006FF0DFFC9377350013070500639C0704EC
:10324000B7867F7F9386F6F79305F0FF0326070086
:1032500013074700B377D600B387D700B3E7C7009B
:10326000B3E7D700E384B7FE8346C7FFB307A740A1
:10327000638406048346D7FF638C06020345E7FF99
:103280003335A0003305F5001305E5FF6780000026
:10329000E38806FA83470700130717009376370081
:1032A000E39807FE3307A7401305F7FF6780000088
:1032B0001385D7FF678000001385C7FF6780000074
:1032C00083A7C1C8638C070403A747001308F00154
:1032D0006340E808131827006306050233830701DB
:1032E0002324C30883A88718130610003316E600AA
:1032F000B3E8C80023A417192324D3109306200091
:103300006306D5021307170023A2E700B38707015E
:1033100023A4B700130500006780000013888164B0
:1033200023A601C9938781646FF01FFA83A6C7188B
:103330001307170023A2E700B3E6C60023A6D71899
:10334000B387070123A4B7001305000067800000BE
:103350001305F0FF67800000130101FD232C4101DC
:103360002320210303A9C1C8232611026308090AE7
:10337000232E3101232A51012328610123267101C3
:10338000232481022322910223248101130B0500AF
:10339000938B05009309F0FF930A100083244900E2
:1033A0001384F4FF634E040493942400B30499003F
:1033B00063900B088327490083A644009387F7FF97
:1033C000638C870A23A20400638606028327891878
:1033D00033978A00032C4900B377F70063960706FA
:1033E000E78006000327490083A7C1C86310870947
:1033F000639E27071304F4FF9384C4FFE31A34FB8E
:1034000003248102832441028329C101832A4101CB
:10341000032B0101832BC100032C81008320C102F7
:1034200003290102032A81011301010367800000BF
:1034300083A74410E38077F91304F4FF9384C4FF57
:10344000E31834FF6FF0DFFB8327C91883A5440816
:103450003377F7006316070213050B00E7800600B9
:103460000327490083A7C1C8E30487F9E38A07F863
:10347000138907006FF09FF2232289006FF0DFF4B9
:1034800013850500E78006006FF0DFF5130101FEEC
:1034900023263101B7190280232C8100232A9100B1
:1034A0002328210123244101232E1100138A050022
:1034B0001309050093890998EF00103D03A78900BF
:1034C000B71700009387F7FE8324470037170000E3
:1034D00093F4C4FF3384F400330444411354C40010
:1034E0001304F4FF1314C400634EE40093050000BA
:1034F00013050900EF40D02883A78900B387970000
:103500006308F50213050900EF0050388320C1015C
:103510000324810183244101032901018329C1007E
:10352000032A8100130500001301010267800000D7
:10353000B305804013050900EF4090249307F0FF86
:10354000630AF504B7270280938747AB03A70700F8
:1035500083A68900B384844093E414003307874032
:103560001305090023A2960023A0E700EF00103204
:103570008320C10103248101832441010329010126
:103580008329C100032A81001305100013010102E1
:10359000678000009305000013050900EF40501EEE
:1035A00003A789009306F000B307E540E3DCF6F4D7
:1035B00083A641C793E717002322F7003305D540C0
:1035C000B726028023AAA6AA6FF0DFF3638205184C
:1035D000130101FF2324810023229100138405009D
:1035E0009304050023261100EF00102A0325C4FFD1
:1035F000130784FFB71502809377E5FF3306F700C2
:10360000938505988326460003A8850093F6C6FF98
:103610006302C81A2322D600137515003308D6009A
:103620006310050A032384FF03284800371502802E
:10363000330767408328870013058598B3876700A1
:10364000137818006382A8140323C70023A6680018
:10365000232413016306081A93E617002322D700D8
:103660002320F6009306F01F63ECF60693F687FF1F
:103670009386860003A54500B386D50003A6060001
:1036800013D8570093071000B3970701B3E7A700BB
:10369000138586FF2326A7002324C70023A2F50055
:1036A00023A0E6002326E600032481008320C10036
:1036B0001385040083244100130101016F00101DD4
:1036C00003254800137515006306050893E61700E7
:1036D000232ED4FE2320F6009306F01FE3F8F6F81D
:1036E00093D69700130640006360D61293D6670006
:1036F0001385960313868603131535003385A500BD
:1037000083260500130585FF6318D5006F0040155B
:1037100083A686006308D50003A646001376C6FF7D
:10372000E3E8C7FE03A5C6002326A7002324D7008D
:10373000032481002324E5008320C10013850400B5
:103740008324410023A6E600130101016F00101439
:103750006780000037150280B387D700130585986E
:1037600083268600638CA60C0328C60013E5170089
:103770003306F70023A606012324D8002322A7003E
:103780002320F6006FF01FEE631C081283258600CD
:103790000326C600B386F60093E7160023A6C500ED
:1037A0002324B6002322F7003307D7002320D700B5
:1037B0006FF09FEF13751500B386D70063100502F5
:1037C000032584FF3307A7408327C700032687000C
:1037D000B386A6002326F60023A4C70013E616002E
:1037E00083A781C72322C70023A4E500E3EEF6EAFE
:1037F00083A581C913850400EFF05FC96FF0DFEA8C
:10380000B387D7006FF0DFF5130640016370D6026F
:10381000130640056364D60693D6C7001385F606E3
:103820001386E606131535006FF05FED1385C605A8
:103830001386B605131535006FF05FEC23AAE5007B
:1038400023A8E50093E617002326A7002324A7005A
:103850002322D7003307F7002320F7006FF0DFE4BF
:1038600003A845001356264093071000B397C700DE
:10387000B3E7070123A2F5006FF01FEB1306401515
:10388000636CD60093D6F7001385860713867607F8
:10389000131535006FF09FE613064055636CD60094
:1038A00093D627011385D6071386C607131535004F
:1038B0006FF0DFE41305803F1306E0076FF01FE4AD
:1038C00093E617002322D7002320F6006FF0DFDDF8
:1038D000130101FD232E310123261102232481022D
:1038E00023229102232021039387B500130760014F
:1038F000930905006362F7089307000163E4B720AA
:10390000EF00807893078001930520009304000165
:103910003719028013090998B307F90003A4470077
:10392000138787FF6302E434832744008326C4009F
:103930000326840093F7C7FFB307F40003A74700EB
:103940002326D60023A4C600136717001385090099
:1039500023A2E700EF008073130584008320C102D7
:103960000324810283244102032901028329C10126
:10397000130101036780000093F487FF63C40718F5
:1039800063E2B418EF0040709307701F63F8973E2E
:1039900093D794006380071813074000636EF732D3
:1039A00093D7640093859703138887031396350094
:1039B00037190280130909983306C9000324460009
:1039C000130686FF630886021305F0006F004001AE
:1039D0008326C40063560728630ED60013840600AE
:1039E0008327440093F7C7FF33879740E352E5FEF0
:1039F000930508000324090193088900630E142528
:103A0000832744009306F00093F7C7FF338797405E
:103A100063CCE636232A19012328190163500734A1
:103A20001307F01F032549006368F72413F787FF86
:103A3000130787003307E9008326070013D65700D2
:103A400093071000B397C7003365F500930787FF0E
:103A50002326F4002324D4002322A9002320870056
:103A600023A6860093D72540130610003316F600D0
:103A7000636AC50AB377A60063940702131616009B
:103A800093F5C5FFB377A60093854500639A0700B9
:103A900013161600B377A60093854500E38A07FE48
:103AA0001308F00013933500330369001305030076
:103AB0008327C500138E05006302F52403A7470082
:103AC0001384070083A7C7001377C7FFB306974087
:103AD0006342D824E3C206FE3307E400832647008E
:103AE000032684001385090093E616002322D700DD
:103AF0002326F60023A4C700EF00405913058400D5
:103B00006FF0DFE59307C00023A0F9001305000064
:103B10006FF0DFE413060020930500041308F003A0
:103B20006FF01FE9032489002328610183274400E3
:103B300013FBC7FF63689B0033079B409307F000AC
:103B400063CAE70C23229101232A510103A741C72D
:103B500083AA81C9232C4101232671019307F0FF19
:103B6000330A6401B38A54016306F73CB7170000B7
:103B70009387F700B38AFA00B7F7FFFFB3FAFA00AA
:103B800093850A0013850900EF40803F9307F0FFFB
:103B9000930B0500630AF54423248101636E4523DA
:103BA000138C817D83250C00B385BA002320BC00D3
:103BB000138705006316AA2A931745016392072A03
:103BC000832B8900B3075B0193E7170023A2FB0057
:103BD00083A641C963F4B60023AAB1C883A601C96C
:103BE00063F4B60023A8B1C8032C810013840B0032
:103BF00093F7C7FF3387974063EA97389307F0003E
:103C000063D6E738032A8101832A4101832BC1004F
:103C1000832C410093E714002322F400B3049400A2
:103C200023249900136717001385090023A2E400D9
:103C3000EF00C0458320C1021305840003248102E4
:103C4000032B010183244102032901028329C101BD
:103C50001301010367800000032549006FF09FE016
:103C6000032684006FF05FCD03A4C7009385250071
:103C7000E38287D86FF05FCB13D79700930640009D
:103C800063F2E6149306400163E4E6321306C705C7
:103C90009306B705131636003306C900032706003E
:103CA000130686FF6318E6006F004029032787008C
:103CB0006308E6008326470093F6C6FFE3E8D7FED5
:103CC0000326C7002326C4002324E40023248600FF
:103CD000232687006FF01FD9130740016378F71080
:103CE000130740056364F72E93D7C4009385F70646
:103CF0001388E706139635006FF09FCB130E1E0056
:103D000093773E0013058500638007108327C50065
:103D10006FF09FDA0326840093E514002322B40099
:103D20002326F60023A4C700B3049400232A990095
:103D30002328990093E7160023A6140123A4140155
:103D400023A2F4003307E400138509002320D700E1
:103D5000EF00C033130584006FF05FC0B307F400B9
:103D600003A74700138509001367170023A2E70084
:103D7000EF00C031130584006FF05FBE93D53400AF
:103D8000938784006FF0DFB893E614002322D400F9
:103D9000B3049400232A99002328990093661700FE
:103DA00023A6140123A4140123A2D400B307F40012
:103DB0001385090023A0E700EF00402D13058400C0
:103DC0006FF0DFB913D767001306970393068703D5
:103DD000131636006FF05FEC630C24070324890090
:103DE000032C8100832744006FF09FE09385C70573
:103DF0001388B705139635006FF09FBB83278300A8
:103E00009385F5FF639E672693F73500130383FFC1
:103E1000E39607FE032749009347F6FFB3F7E70051
:103E20002322F90013161600E3EEC7CEE30C06CEEC
:103E30003377F600631A0700131616003377F6007F
:103E4000130E4E00E30A07FE93050E006FF09FC5A8
:103E5000138C817D03270C003387EA002320EC00BC
:103E600083A641C79307F0FF6386F618B3874B41DB
:103E7000B387E7002320FC0093FC7B00638C0C0CD1
:103E8000B38B9B41B717000093878700938B8B0000
:103E9000B3859741B38A5B01B3855541939545013D
:103EA00013DA450193050A0013850900EF40400D20
:103EB0009307F0FF6300F51833057541B30A450118
:103EC00003270C002324790193E71A00B305EA00C5
:103ED0002320BC0023A2FB00E30C24CF9306F000B8
:103EE00063F0660B0327440093074BFF93F787FFAC
:103EF000137717003367F7002322E40013065000FE
:103F00003307F4002322C7002324C70063E6F6002A
:103F100083A74B006FF0DFCB930584001385090066
:103F2000EFF0CFEA832B890083250C0083A74B0099
:103F30006FF01FCA938A0A016FF09FC493D6264080
:103F400093071000B397D7003365F5002322A9002B
:103F50006FF05FD7B3855B01B305B0409395450122
:103F600013DA450193050A0013850900EF4040016B
:103F70009307F0FFE312F5F4130A00006FF05FF40B
:103F8000032C81009307100023A2FB001385090076
:103F9000EF00C00F13050000032A8101832A4101AD
:103FA000032B0101832BC100832C41006FF01F9B69
:103FB0009306400563E4E60413D7C7001306F7062B
:103FC0009306E706131636006FF01FCD1307401552
:103FD0006364F70493D7F400938587071388770702
:103FE000139635006FF0DF9C03248900832744007B
:103FF0006FF01FC023AA71C76FF01FE8930640152A
:1040000063E4E60413D7F7001306870793067707E0
:10401000131636006FF05FC8130740556364F7044A
:1040200093D724019385D7071388C70713963500C4
:104030006FF01F98938C8CFFB38A9A01B38A7A41F0
:10404000130A00006FF0DFE79306405563E4E602D1
:1040500013D727011306D7079306C7071316360091
:104060006FF09FC31306803F9305F0071308E00726
:104070006FF01F941306803F9306E0076FF0DFC1D7
:10408000832749006FF01FDA678000006780000017
:10409000130101ED2326111223229112232A51111B
:1040A00023267111938A0500930406002324D1006E
:1040B000930B0500EF30D06B8327050013850700B5
:1040C0002322F102EFF00F972320A10263880B0057
:1040D00083A74B03639407006F1040738397CA0054
:1040E000139727016346070203A74A0637260000F5
:1040F000B7E6FFFFB3E7C7009386F6FF9397070184
:1041000093D707413377D7002396FA0023A2EA0614
:1041100013F787006302072E03A70A01630E072C1B
:1041200093F7A7011307A000638AE72EB707028061
:104130002328611123248111130B010B938747F46A
:10414000370C028023248112232C4111232EB10F1E
:1041500023202113232E3111232291112320A11179
:10416000232E61072322010823200108232A0100AE
:10417000232C0100232E010013040B002324010231
:1041800023280102232201002326F100130A000143
:10419000130C8C0B23207101938D040083C70D0039
:1041A000638C071E93840D00130750026386E72A71
:1041B00083C7140093841400E39A07FE3389B44143
:1041C000638CB41D03274108832701082320B40111
:1041D0003307270193871700232224012322E108B4
:1041E0002320F1081307700013048400634EF726A0
:1041F0000327410083C70400330727012322E1007E
:10420000638C071893841400A30F01049309F0FF33
:10421000930B0000130900009306800503CD0400F2
:10422000938D140093070DFE63E6F6040327C10087
:1042300093972700B387E70083A7070067800700ED
:10424000930B000093070DFD1306900003CD0D00A6
:1042500013972B00B30B7701939B1B00B38B770154
:1042600093070DFD938D1D00E372F6FE93070DFE7F
:10427000E3FEF6FA63020D122304A109A30F010461
:104280001307100093041000930C8108130F09000A
:104290009309000023280100930F000093724F0838
:1042A0000329410863960200B387EB40E342F044E0
:1042B0008347F105638A0702832701089306F10506
:1042C0002320D400130919009306100093871700C8
:1042D0002322D400232221092320F1089306700011
:1042E0001304840063C0F61A638A0F02832701084F
:1042F000930601062320D400130929009306200009
:10430000938717002322D400232221092320F108B8
:104310009306700013048400E3CEF64E9307000862
:10432000E38AF208B3899940E34E301993770F106E
:1043300063940774832701083309990023209401AB
:104340009387170023229400232221092320F108B8
:104350009306700063CCF62013048400137F4F0093
:1043600063060F00B384EB40E342904E13830B00CF
:1043700063D4EB001303070083274100B387670072
:104380002322F100E31A092283C70D00232001082C
:1043900013040B00E39807E083274108832B0100F7
:1043A000638407006F10407583D7CA00032481120D
:1043B0000329011293F707048329C111032A8111EC
:1043C000032B0111032C8110832C4110032D0110AC
:1043D000832DC10F638407006F10901D8320C112CD
:1043E0000325410083244112832A4111832BC110EC
:1043F000130101136780000093850A0013850B00E9
:10440000EF30006C630405006F10901A8397CA00A8
:104410001307A00093F7A701E39AE7D08397EA0078
:10442000E3C607D0832681008320C11213860400CF
:1044300093850A0083244112832A411113850B00BE
:10444000832BC110130101136F1010381369090178
:1044500093840D006FF09FDC3389B441E394B4D7AB
:1044600083C704006FF0DFD9032501001306C107DD
:1044700093850A00EF105054E31805F213040B0063
:104480006FF01FD7032501001306C10793850A00AB
:10449000232EE102232CE103232A51022326F103D8
:1044A000EF109051E31205F0032941080327C103DF
:1044B000032F810383224103832FC10213040B00C6
:1044C0006FF09FE283270108B7060280938606F407
:1044D0002320D400130919009306100093871700B6
:1044E0002322D400232221092320F10893067000FF
:1044F0001304840063D4F6006F1080106304060078
:104500006F1080458326410193771F00B3E7D700E2
:10451000E38607E483274102832601022320F40077
:1045200083270108B38526012322D400938717002F
:104530002322B1082320F1089306700063D4F6000B
:104540006F10806413048400832641019387170051
:10455000232094013389B6002322D4002322210989
:104560002320F10893067000E3D8F6DE032501004E
:104570001306C10793850A002326E1022328E101DF
:10458000EF109043E31205E203294108032F0101D4
:104590000327C10213040B006FF05FDC93778900DF
:1045A000E39C0760832781009387770093F787FF59
:1045B00003A7070093878700232CE10003A7C7FF09
:1045C0002324F100232EE100832CC10103A7C1C1E4
:1045D0008326810183A701C293941C0093D4140005
:1045E00013850600938504001306070093860700D1
:1045F000EF90504C630405006F1000048326810186
:1046000003A7C1C183A701C21385060093850400D7
:104610001306070093860700EF80503B6344A00019
:104620006F1080010327810193850C0013060000A1
:104630001305070093060000EF805039635405000E
:104640006F1040438346F1059307700463D4A701BC
:104650006F108041B70C0280938C0CF0232801006E
:10466000137FF9F71307300093043000930900001B
:104670006384060013071700937F2F00E3800FC2A7
:1046800013072700930F20006FF05FC1832681007E
:104690009377090103A70600938646002324D100DF
:1046A000639207129376090493070700E390064E7E
:1046B000634E07108346F10563C40904137FF9F7BD
:1046C000631E070213071000639E0920E314073CD2
:1046D00093741900930C0B00638204049307000386
:1046E000A307F10A930CF10A1387040063CC340387
:1046F00023280100E39006F86FF01FF813090F005C
:1047000013079000E364F76C93870703A307F10A8C
:10471000130F090093041000930CF10A138704008F
:10472000E3D834FD13870900232801006FF09FFCB4
:104730008327810083AB0700938747002324F10080
:10474000E3D80BD0B30B70411369490093840D007B
:104750006FF0DFAC03CD0D009307A002938D1D0019
:104760006314FD006F10807D93070DFD930590008D
:10477000130700001306900093090000E3E4F5AA74
:1047800003CD0D0093192700B389E900939919000F
:104790003387F90093070DFD938D1D00E372F6FE3C
:1047A00093090700E35007A89309F0FF6FF09FA754
:1047B000832781001369090103A707009387470036
:1047C0002324F10093070700E35607EEB307E04008
:1047D0009306D002130710006F00000A136909083E
:1047E00093840D006FF09FA31369090493840D0057
:1047F0006FF0DFA203278100A30F010493041000D0
:1048000083270700130747002324E1002304F1084E
:1048100013071000930C81086FF05FA79307B00295
:10482000A30FF10493840D006FF05F9F13691900CB
:1048300093840D006FF09F9E8347F105E39A07C0B4
:1048400093070002A30FF10493840D006FF01F9DE6
:104850001369890093840D006FF05F9C032781002A
:104860001369090183270700130747002324E10088
:104870001307100093060000A30FD10463C80900BA
:10488000137FF9F7E38207E413090F001306100002
:10489000E308C7E6130620006306C706930C0B0067
:1048A00013F7770013070703A38FECFE93D73700A6
:1048B00013860C00938CFCFFE39407FE937719009A
:1048C00063840706930700036300F7061306E6FFF9
:1048D000A38FFCFEB304CB40130F0900930C06001A
:1048E0006FF0DFE3930710006314F7006F10C03F11
:1048F0009307200013090F006304F7006F100021D5
:104900009307000003268102930C0B0013F7F700B6
:104910003307E6000347070093D74700938CFCFF5B
:104920002380EC00E39407FEB3049B41130F0900BE
:104930006FF0DFDE03278100136909018327070079
:10494000130747002324E100130700006FF09FF2D4
:10495000832681001377090183A70600938646000A
:104960002324D100E31607F013770904E30207F0CC
:104970009397070193D70701130710006FF09FEF7C
:1049800083278100A30F010483AC0700138847002D
:10499000E3800C322324010163D409006F10400727
:1049A000138609009305000013850C00EF30003FCB
:1049B00003288100631405006F10803AB304954109
:1049C0008346F10513C7F4FF1357F7412324010170
:1049D0002328010033F7E400130F090093090000B6
:1049E000E39A06C86FF05FC983268100378700000D
:1049F000130707832310E106138746002324E100F1
:104A000037070280130747F22324E10283A7060039
:104A10001369290013072000130D80076FF09FE52D
:104A2000832681001377090183A706009386460039
:104A30002324D100E31A07F013770904E30607F0F3
:104A40009397070193D70701130700006FF09FE2C8
:104A500093770901E384071483278100032741002A
:104A600083A7070023A0E7008327810093874700DF
:104A70002324F1006FF08FF29307500663DAA73515
:104A8000832681018327C1011306000013850600D8
:104A90009385070093060000232AE1022326E10301
:104AA000EF80005A032FC1020327410363160566F6
:104AB00083270108B7060280938606F42320D400DA
:104AC0001309190093061000938717002322D400BE
:104AD000232221092320F108930670001304840087
:104AE000E3C0F64C8327410683264101E3D8D7086B
:104AF000832741028326010213048400232CF4FE41
:104B0000832701083309D900232ED4FE9387170089
:104B1000232221092320F10893067000E3CCF60E2E
:104B2000832741019384F7FFE35A908293060001A3
:104B30008327010863C496006F10003DB70602800A
:104B40009386860B2326E102032D01001307040040
:104B50009309000113840400930C70002328E101E1
:104B6000938406006F00C000130404FFE3D6894A53
:104B70001309090193871700232097002322370187
:104B8000232221092320F10813078700E3DEFCFC20
:104B90001306C10793850A0013050D00EF10C061CD
:104BA000E3140580032941088327010813070B003C
:104BB0006FF09FFBB387EB406356F0F6930600015E
:104BC0000326010863C4F6006F10C01DB7060280FB
:104BD0009386860B232A910293050900930800010E
:104BE00013090700930F7000130704002326E10345
:104BF00013840700938406006F00C000130404FFB1
:104C000063DA8804938505011306160023209700B4
:104C1000232217012322B1082320C108130787008C
:104C2000E3DECFFC032501001306C10793850A00CC
:104C3000EF108058631A05F693080001130404FF6F
:104C4000832541080326010813070B00930F70000A
:104C5000E3CA88FA93860400032FC1028324410328
:104C600093070400130407001307090013890500C4
:104C70003309F900130616002322F4002320D40080
:104C8000232221092320C108930770001304840004
:104C900063DAC7E8032501001306C10793850A00FC
:104CA000232AE1022326E103EF100051631E05EEE3
:104CB0000329410803274103032FC10213040B00FA
:104CC0006FF04FE6B7060280832701089386860BB4
:104CD000635A3A0993060900930870001309070004
:104CE0002326E103130704001384090093090C0031
:104CF0006F00C000130404FF63588A049386060102
:104D00009387170023208701232247012322D108FC
:104D10002320F10813078700E3DEF8FC03250100D8
:104D20001306C10793850A00EF100049631E05E6CC
:104D3000130404FF832641088327010813070B008F
:104D400093087000E34C8AFA032FC102138609000E
:104D500093090400130407001307090013890600D0
:104D60009306060033093901938717002320D400E6
:104D700023223401232221092320F1089306700005
:104D80001304840063D4F6DA032501001306C10777
:104D900093850A00232AE1022326E103EF10C04194
:104DA000631405E00329410803274103032FC102CF
:104DB00013040B006FF08FD7032501001306C10702
:104DC00093850A00EF10403F630005DC6FF0CFDDF4
:104DD00083240108832641019307100023209401B6
:104DE00013091900938414009309840063DAD74AE5
:104DF000930710002322F400232221092320910885
:104E00009307700063CC97748327010283264102C5
:104E1000938414003309F90023A2F90023A0D900D8
:104E20002322210923209108930770009389890088
:104E300063C297768327C101832681011306000090
:104E40009385070083274101138506009306000020
:104E50002326E1022328E1011384F7FFEF80401E9F
:104E6000032F01010327C10263040548938C1C0032
:104E7000938414003309890023A0990123A2890097
:104E80002322210923209108930770009389890028
:104E9000E3C29714832601039307C1069384140089
:104EA0003389260123A0F90023A2D9002322210956
:104EB00023209108930770001384890063D097CA58
:104EC000032501001306C10793850A002326E1028A
:104ED0002328E101EF10402E631805CC0329410877
:104EE0000327C102032F010113040B006FF00FC74A
:104EF0009306000103260108E3D6F668B706028090
:104F00009386860A232E91029305090093080001D7
:104F10001309070093037000130704002326F1030D
:104F2000232A5102232CE1031384070093840600F3
:104F30006F00C000130404FF63DA88049385050141
:104F40001306160023209700232217012322B108FD
:104F50002320C10813078700E3DEC3FC03250100FB
:104F60001306C10793850A00EF100025631E05C2D2
:104F700093080001130404FF832541080326010858
:104F800013070B0093037000E3CA88FA93860400AA
:104F9000832FC10283224103032F81038324C10392
:104FA0009307040013040700130709001389050081
:104FB0003309F900130616002322F4002320D4003D
:104FC000232221092320C1089307700013048400C1
:104FD00063D0C7AE032501001306C10793850A00FD
:104FE000232EE102232CE103232A51022326F1037D
:104FF000EF10801C631A05BA032941080327C10377
:10500000032F810383224103832FC10213040B006A
:105010006FF00FAA032501001306C10793850A004C
:10502000232CE102232AE10323265102EF10C018AA
:10503000631C05B60329410803278103032F41039D
:105040008322C10213040B006FF04FAD93060001E1
:1050500083270108E3D29654B70602809386860A16
:10506000138D040093090001930C70002328E100C4
:10507000938406006F00C000130D0DFF63D6A905D1
:105080001309090193871700232094002322340178
:10509000232221092320F10813048400E3DEFCFC11
:1050A000032501001306C10793850A00EF10C01005
:1050B000631C05AE130D0DFF03294108832701086A
:1050C00013040B00E3CEA9FB032701019386040020
:1050D00093040D0033099900938717002320D4000F
:1050E00023229400232221092320F1089306700033
:1050F00063DEF6A6032501001306C10793850A00A7
:105100002328E100EF10400B631005AA0329410892
:10511000032701016FF08FA5032641066354C0BA2F
:1051200083274101832601019389070063C8F62C78
:105130006356300383270108330939012320940182
:105140009387170023223401232221092320F10809
:105150009306700013048400E3CEF61A93C7F9FF98
:1051600093D7F741B3F9F90083270101B389374198
:1051700063403037832641068327410163D6F628F2
:10518000832741020326010213048400232CF4FE2A
:10519000832701083309C900232EC4FE9387170013
:1051A000232221092320F10813067000E342F63080
:1051B0008327410103260101B386D740B389C74045
:1051C00063D4360193890600635A300383270101B3
:1051D0000326010833093901B38CFC0013061600BD
:1051E0002320940123223401232221092320C108F2
:1051F0009307700013048400E3C0C73213C6F9FF9D
:105200001356F641B3F7C900B384F640635890943F
:105210009306000183270108E3D8964EB706028063
:105220009386860B2326E102032D01001307040059
:105230009309000113840400930C70002328E101FA
:10524000938406006F00C000130404FF63D6895CDA
:1052500013090901938717002320970023223701A0
:10526000232221092320F10813078700E3DEFCFC39
:105270001306C10793850A0013050D00EF00D073D4
:1052800063140592032941088327010813070B00C3
:105290006FF09FFB93040000930C0B006FF00FC89E
:1052A00093761F00E39606B42322F40023222109FB
:1052B0002320910893077000E3DE97BC03250100CB
:1052C0001306C10793850A002326E1022328E10182
:1052D000EF00906E631A058C0329410883240108AE
:1052E0000327C102032F010193090B006FF09FBA3E
:1052F0008326410193071000E3DED7B8930710011E
:10530000E3DED73EB70602809386860B93870900BB
:10531000930C000193090700130D70001307090097
:105320002328E101138906006F00C000130404FF65
:1053300063DA8C70130707019384140023A02701FC
:1053400023A297012322E108232091089387870055
:10535000E35E9DFC032501001306C10793850A0047
:10536000EF009065630405006FF00F840327410888
:105370008324010893070B006FF05FFB93771F00F6
:10538000639407006FE09FFD6FF08FF6131707011E
:1053900013570741930707006FF00FC3937F09046A
:1053A000638C0FEA832781000327410083A707004E
:1053B0002390E7006FF04FEB0327810013050104F2
:1053C000832707009304470003A707002320E10475
:1053D00003A747002322E10403A787002324E10455
:1053E00083A7C7002326F104EF900012232CA1000D
:1053F000232EB100232491006FF00F9D93890600A6
:10540000E34A30D36FF09FD593771F00E38207DA2A
:105410006FF01FD7032501001306C10793850A000B
:105420002326E1022328E101EF001059630405005F
:105430006FE09FF7032941080327C102032F0101F1
:1054400013040B006FF0CFEDB7070280938707F1CD
:105450002324F102832681001377090183A7060024
:10546000938646002324D100631A070013770904AA
:10547000630607009397070193D7070193761900F6
:1054800013072000638806BE638607BE93060003E9
:105490002300D106A300A107136929006FF08FBD77
:1054A000B7070280938747F22324F1026FF09FFA37
:1054B000930760009384090063E83769B70C0280A2
:1054C0001387040023240101938C8CF36FE01FDC0D
:1054D0009306000183270108E3DC3625B706028026
:1054E000930507009386860B130704001306090033
:1054F00013840900130D0001930470002326E103B7
:1055000013890600938905006F00C000130404FF8F
:10551000635A8D561306060193871700232027012F
:105520002322A7012322C1082320F10813078700A3
:10553000E3DEF4FC032501001306C10793850A008E
:10554000EF009047630405006FE01FE60326410863
:105550008327010813070B006FF05FFB0325010091
:105560001306C10793850A002326E1022328E101DF
:10557000EF009044630405006FE01FE30329410836
:10558000832401080327C102032F010193090B00A3
:105590006FF09F87032501001306C10793850A005A
:1055A0002326E1022328E101EF00104163040500F6
:1055B0006FE09FDF03294108832401080327C1020C
:1055C000032F010193090B006FF0DF86930C0B0092
:1055D0001306A0001305900033F7C702938CFCFF5D
:1055E00093850700130707032380EC00B3D7C70296
:1055F000E364B5FEB3049B41130F09006FF00F92F3
:10560000032501001306C10793850A002326E10242
:105610002328E101EF00503A630405006FE0DFD872
:1056200003264106032941080327C102032F010174
:1056300013040B006FE09FEC032881018327C10155
:1056400013060800130508009386070093850700DA
:10565000EF805046E31205021377FDFD9307F0FF3C
:105660002326E102136F09106388F96E9307700413
:105670006302F7688327C101930200009384070047
:1056800063C0074E93076006138709009306300036
:105690006310FD4E0326810113088106930741061E
:1056A0001305060093050500032501009308410733
:1056B00013860400232A5102232AE1012328E10052
:1056C000EF20D0580327010193076006032F410103
:1056D00083224103930C05003308E500631CFD00A1
:1056E00083C60C00930700036380F65683274106A8
:1056F0003308F80083278101938504001306000016
:105700001385070093060000232A5102232A010172
:105710002328E101EF70D012032F0101032841017A
:1057200083224103630605428327410763FE070185
:105730009306000313871700232AE1062380D7006E
:1057400083274107E3E807FF032741062328E100F9
:10575000B3879741232AF1008327C10213077004FE
:105760006384E714930760066312FD1803270101A1
:1057700093771900B3E737016356E07E639C0772A5
:1057800083240101130D600613870400638802500F
:105790009307D002A30FF104930900006FE09FED7F
:1057A000032501001306C10793850A002326E102A1
:1057B0002328E101EF005020630405006FE0DFBE05
:1057C000032941080327C102032F010113040B0021
:1057D0006FF04FB1032501001306C10793850A003E
:1057E0002326E1022328E101EF00101D63040500D8
:1057F0006FE09FBB0329410883240108032F0101A7
:105800000327C10293090B006FF0CFE813850B004B
:10581000EFD00F876FE09F8C93860400032F010168
:1058200093040400130407000327C10233099900FD
:10583000938717002320D4006FE0DFB063CC0768A4
:105840008324C10193020000930910000327810102
:1058500093074106930841071305070093050500C8
:105860000325010013088106138709009306200011
:1058700013860400232A51002328E101EF20103D64
:1058800093771900032F010183224101930C050036
:1058900063900750832741062328F100832741079F
:1058A000B387A740232AF100032701019307D0FF04
:1058B000634CF70263CAE902832741010327010110
:1058C000634CF750937F19008327010163960F5CA7
:1058D00013C7F7FF1357F74133F7E7009384070027
:1058E000130D70066FF09FEA130DEDFF0327010102
:1058F0002306A1079307B0029308F7FF232211079D
:1059000063CC0832A306F1069307900063C0172DFD
:105910009387080313070003A307F10693074000CA
:105920002307E1062328F10203274101832601030F
:1059300093071000B304D70063D2E748832701021E
:1059400023280100B384F40013C7F4FF1357F74171
:1059500033F7E4006FF09FE38327410283260102BF
:1059600013048400232CF4FE83270108B385260149
:10597000232ED4FE938717002322B1082320F10899
:105980009306700063C2F620634406006FE0DFBB3D
:10599000930600FFB304C0406356D660B70602808A
:1059A0009386860B2328E100930900011307040066
:1059B00013097000130D0F00138406006F00C00060
:1059C000938404FF63D4994493850501938717005A
:1059D00023208700232237012322B1082320F10846
:1059E00013078700E35EF9FC032501001306C107D6
:1059F00093850A00EF00407C630405006FE0DF9AA6
:105A0000832541088327010813070B006FF05FFB14
:105A100013850C00EFD01F828346F1051347F5FF75
:105A20001357F74123280100930405003377E5005D
:105A3000130F090093090000638406006FE09FC301
:105A40006FE09FC3032F01019306090013090700AC
:105A50001387090093890700330989009384140090
:105A600023A0D9006FF08FC1B70C0280938C4CF04B
:105A70006FE0DFBE9307D002A30FF1049306D002BC
:105A80006FE09FBC032FC1029385090093060900B4
:105A90009309040013090600130407001387050087
:105AA00033093901938717002320D40023223401BE
:105AB000232221092320F108930670001304840097
:105AC00063DAF6EA032501001306C10793850A008D
:105AD000232AE1022326E103EF00006E63040500A0
:105AE0006FE09F8C0329410803274103032FC10264
:105AF00013040B006FF00FE81306C10793850A002B
:105B000013850B00EF00406B6FE01F8A93070000C6
:105B10006FE0DFD8032501001306C10793850A0053
:105B2000232AE1022326E103EF0000696304050054
:105B30006FE09F870329410803274103032FC10218
:105B400013040B006FF08FE1930460006FF01F9758
:105B5000832741062328F100930708006FF05FBFF9
:105B6000B7040080B3C4F4009302D0026FF09FB179
:105B70000327C10293075004E31AF7CC13871900D7
:105B8000930620006FF01FB1032501001306C10723
:105B900093850A002326E1022328E101EF00C0617A
:105BA000630405006FE05F800326410683254108FA
:105BB000832701080327C102032F010113040B00EF
:105BC000634406006FE05F986FF09FDC1305B10738
:105BD000930605001306A0001308300633E7C80239
:105BE00093870600938508009386F6FF1307070343
:105BF000A38FE7FEB3C8C802E342B8FE9388080348
:105C00001387E7FFA38F16FF6378A7389306E10693
:105C1000034607001307170093861600A38FC6FEDE
:105C2000E318A7FE1307010FB307F7409387F7F8B0
:105C30002328F1026FF05FCF93071000B388E7408D
:105C40009307D0026FF01FCC832681019385040057
:105C5000130600001385060093060000232C510252
:105C6000232A0103232AE1002328E101EF70403DAC
:105C7000032F0101032741010328410383228103EC
:105C800063140526832741063308F8002328F10012
:105C9000B3079841232AF1006FF05FAD8346F10509
:105CA00093090000638406006FE0DF9C6FE0DF9CD7
:105CB000032501001306C10793850A00232AE10288
:105CC0002326E103EF00404F630405006FE0CFEDB2
:105CD000832641060329410803274103032FC102FC
:105CE00013040B006FF0CFCC13090F0093070000D3
:105CF0006FE09FA18327C101E38209B49384070069
:105D000093020000E3D407B4B7040080B3C4F400E6
:105D10009302D0026FF09FB3032501001306C10761
:105D200093850A002326E1022328E101EF00C04801
:105D3000630405006FE04FE7832641068327410196
:105D4000032941080327C102032F010113040B009B
:105D5000B386D7406FF08FCA930960006FF09F91B0
:105D60008346F10523280100138709009384090065
:105D7000130F090093090000638406006FE09F8FF2
:105D80006FE09F8FB70602809386860A6FF04FA25E
:105D9000330835016FF01F96B70602809386860A96
:105DA0006FF04FB3B70602809386860B6FE05FEC0F
:105DB0009307F0FF2322F1006FE04FE29377190081
:105DC0002328F100E39C07B613C7F4FF1357F741EC
:105DD00033F7E4006FF09F9B832741010327010203
:105DE000B384E700832701016348F00083270101A2
:105DF0003388F4409304180013C7F4FF1357F74196
:105E000033F7E400130D70066FF05F9893060400FB
:105E10001304070003270101130F0D00B38595003C
:105E2000938717002320D400232294002322B10853
:105E30002320F1089306700063C4F6006FE08FF032
:105E4000032501001306C10793850A002326E102FA
:105E50002328E101EF004036630405006FE0CFD452
:105E600083254108832701080327C102032F01016D
:105E700013040B006FE04FED8327C10163C2070AD3
:105E80008346F1059307700463C6A709B70C028027
:105E9000938C8CF06FE08FFC03270102130D7006CA
:105EA000B384E70013C7F4FF1357F74133F7E40057
:105EB0006FF0DF8D832701023388E900130D600640
:105EC000B304F80013C7F4FF1357F74133F7E400A6
:105ED0006FF0DF8BB7040080B3C4F4009302D002EC
:105EE000930910006FF09F9693071000B387E74067
:105EF0002322F1063308F8006FF0CFFFB7060280C7
:105F00009386860B6FF05FB5B70602809386860B8B
:105F10006FF0DF91B70C0280938CCCF06FE00FF440
:105F20009307D002A30FF1049306D0026FF09FF500
:105F3000B70602809386860B6FF09FB68327810099
:105F400083A907009387470063C809002324F10051
:105F500093840D006FE08FAC9309F0FF2324F100D0
:105F60006FF01FFF639A070013071000130D600600
:105F7000930410006FF09F8183270102130D6006C8
:105F800013881700B304380113C7F4FF1357F74100
:105F900033F7E4006FF08FFF930720002328F1020E
:105FA0006FF09F98B70602809386860B6FF01FE70D
:105FB0009307050003A501C7930606001386050095
:105FC000938507006FE0CF8C130101B88397C5005C
:105FD00003D7E500232C814613840500B705010093
:105FE0009385D5FF032E44060323C401832844026E
:105FF00013170701B3F7B700B3E7E7001308004032
:10600000232AF1009305810093070107232A914673
:1060100023282147232E1146130905002326C107F3
:1060200023226102232611032324F100232CF100F3
:1060300023280101232E010123200102EFE04F85D7
:1060400093040500635C05028357410193F707043D
:10605000638807008357C40093E707042316F400FE
:106060008320C14703248147032901471385040086
:106070008324414713010148678000009305810094
:1060800013050900EF108044E30005FC9304F0FFC2
:106090006FF09FFB83A74506130101FD23286101D3
:1060A0002326110213972701130B06006358070ECE
:1060B0008327860023202103232E3101232A510127
:1060C0002326710113890500832B0600930905001F
:1060D000930AF0FF6388070A232481022322910296
:1060E000232C41012324810103AC4B0003A40B00AA
:1060F000135A2C0063060A06930400006F00C000C8
:1061000013044400630C9A04832504001306090059
:1061100013850900EF10103E93841400E31255FF1D
:106120000324810283244102032901028329C1013E
:10613000032A8101832A4101832BC100032C8100A2
:106140001305F0FF8320C10223240B0023220B0040
:10615000032B0101130101036780000083278B00DB
:10616000137CCCFFB38787412324FB00938B8B00E8
:10617000E39C07F60324810283244102032A810160
:10618000032C8100032901028329C101832A4101D3
:10619000832BC100130500006FF0DFFAEF104041C0
:1061A0008320C10223240B0023220B00032B0101B7
:1061B00013010103678000000327860063040700C2
:1061C0006FF05FED232206001305000067800000DA
:1061D000130101F22326310D232C810B2326B10B51
:1061E000232E110C2320A10093890500930D060096
:1061F000138C06006306050083274503E38E0758CA
:106200008397C900139727016346070203A749062E
:1062100037260000B7E6FFFFB3E7C7009386F6FF17
:106220009397070193D707413377D7002396F90057
:1062300023A2E90613F787006308071203A70901E1
:106240006304071293F7A7011307A000638EE712F8
:10625000B70702802328210D232E710B1309010695
:106260009387870CB70B0280232C810C232A910C77
:106270002324410D2322510D2320610D232A910B4C
:106280002328A10B23262103232A0102232801020C
:106290001307090023260100232201002328F1000F
:1062A00013040001938BCB2383C70D006386071073
:1062B00093840D00930650026386D72E83C7140083
:1062C00093841400E39A07FE338AB4416386B40FC3
:1062D00083264103832701032320B701B306DA0095
:1062E0009387170023224701232AD1022328F10292
:1062F00013067000130787006350F602E382062E30
:10630000032501001306C10293850900EFF09FD811
:106310006318050A130709008326410083C7040098
:10632000B38646012322D1006388070893871400AF
:10633000A30301029306F0FF93040000930C0000F6
:106340001305800503C60700938D1700930706FE0B
:106350006368F50E8325010193972700B387B70083
:1063600083A70700678007000325010093850900C4
:10637000EF100075E31E054C8397C9001307A000BA
:1063800093F7A701E396E7EC8397E900E3C207ECF4
:10639000032501008320C10D93060C0013860D0018
:1063A000032C810B832DC10A938509008329C10C1D
:1063B0001301010E6F00D04E83274103E39C074277
:1063C00083D7C9000324810D8324410D93F707046B
:1063D0000329010D032A810C832A410C032B010C94
:1063E000832BC10B832C410B032D010BE39207463A
:1063F0008320C10D032541008329C10C032C810B8F
:10640000832DC10A1301010E678000009304000070
:10641000930706FD1308900003C60D009395240012
:10642000B385950093951500B384B700930706FDD7
:10643000938D1D00E372F8FE930706FEE37CF5F0F2
:10644000E30C06F6230CC102A3030102130A100099
:10645000130B1000930A810393060000130F000032
:106460000326010393FF4C0883274103930516007D
:10647000138E050063960F00338D4441E340A00363
:1064800083457102638A0502130671029387170020
:106490002320C700130610002322C700232AF1027D
:1064A0002328C103130670006342C67913060E0049
:1064B00013078700130E1E0063000F0613068102E8
:1064C000938727002320C700130620002322C7003C
:1064D000232AF1022328C103130670006358C67BE8
:1064E000E3860710032501001306C1029385090006
:1064F000232AD1002324F101EFF0DFB9E31205ECE8
:10650000032601038327410383264101832F810052
:1065100013070900130E1600930500086382BF5489
:10652000338D66416348A063B307FB002320570106
:1065300023226701232AF1022328C1039306700056
:1065400063D4C65163880706032501001306C10200
:1065500093850900EFF01FB4E31405E68327410398
:106560001307090013F34C0063060300338B444107
:10657000634E600563D4440193040A00032741007D
:10658000330797002322E100639E07662328010258
:10659000130709006FF05FD193EC0C0193870D0096
:1065A0006FF05FDA338AB441E394B4D383C7040055
:1065B0006FF09FD72328010213F34C006300037C84
:1065C000338B4441635C607B130709009306000131
:1065D00003260103E3D86625370E0280130ECE2270
:1065E000130D0001930A70006F00800193052600CF
:1065F0001307870013860600130B0BFF635C6D0502
:1066000093870701930616002320C7012322A701C1
:10661000232AF1022328D102E3DADAFC638A074253
:10662000032501001306C102938509002324C1013B
:10663000EFF05FA6E31605D803260103130B0BFF4B
:1066400083274103032E81001307090093051600D9
:10665000E3486DFBB38767012320C701232267014D
:10666000232AF1022328B10213077000E354B7F084
:1066700063860770032501001306C1029385090094
:10668000EFF05FA1E31E05D2832741036FF09FEE79
:1066900093F70C0103260C00130C4C00639A0710AF
:1066A00093F50C0493070600E3920500634006048B
:1066B0000345710263C8060493FCFCF763140604E7
:1066C000E39A0616130A0000130B0000930A090050
:1066D00063040500130A1A0013FF2C00E3020FD80D
:1066E000130A2A00130F20006FF09FD79307D002E0
:1066F000A303F102B307C04063C4060093FCFCF798
:106700001305D002130690006364F67493870703A1
:1067100093F7F70FA30FF104138A06006344D00028
:10672000130A1000130B1000930AF105E31405FA85
:106730006FF09FFA83240C00130C4C00E3D004E6A6
:10674000B304904093EC4C0093870D006FF09FBF13
:1067500003C60D009307A00293881D00E300F61006
:10676000930706FD93069000930500001308900020
:10677000E3E4F60A03C6080093962500B386B60044
:1067800093961600B385D700930706FD93881800EB
:10679000E372F8FE9386050063C00574938D0800CC
:1067A0006FF0DFBA03260C0093EC0C01130C4C00C5
:1067B000930706006FF09FEF93EC0C0893870D0092
:1067C0006FF05FB89307B002A303F10293870D0047
:1067D0006FF05FB793EC1C0093870D006FF09FB6CE
:1067E00083477102E39C07DA93070002A303F102D7
:1067F00093870D006FF01FB583270C00A3030102E0
:10680000130C4C00230CF102130A1000130B1000A0
:10681000930A81036FF05FC483270C0013EB0C0114
:10682000130C4C00A303010213061000930C0B0081
:1068300013050000E3C806EC937CFBF76392075650
:1068400063920674631E065E137B1B0063020B6477
:1068500093070003A30FF104130A0B00930AF10539
:106860006FF09FE783270C0013EB0C01130C4C0017
:10687000A303010213060000930C0B00E3DE06FAEB
:10688000930A090013F6770013060603A38FCAFEC6
:1068900093D7370093850A00938AFAFFE39407FEA3
:1068A00093F71C00638A0716930700036306F61626
:1068B0009385E5FFA38FFAFE330BB940138A0600D8
:1068C00063C66661938A05006FF01FE113F60C0141
:1068D00083270C00130C4C00631A060013F60C04FB
:1068E000630606009397070193D70701138B0C00EB
:1068F0006FF01FF893F70C016390070213F30C0479
:10690000630C030083270C0083264100130C4C000A
:106910002390D7006FF05F9983270C0083264100F6
:10692000130C4C0023A0D7006FF01F9893EC0C04BD
:1069300093870D006FF01FA113F60C0183270C0045
:10694000130C4C00631A060013F60C0463060600D1
:106950009397070193D70701138B0C006FF09FECFF
:10696000832A0C00A3030102130C4C00638A0A6201
:1069700063CA0656138606009305000013850A00B5
:10698000232AE1002324D100EF1040418326810017
:1069900003274101138B060063040500330B5541A7
:1069A00083477102134AFBFF135AFA41337A4B01B2
:1069B00093060000130F0000E39E07D06FF05FAA5C
:1069C00037860000130606832314C10237060280AF
:1069D000130646F283270C0093EC2C00130C4C009A
:1069E0002326C100A3030102138B0C001306200011
:1069F000E3D406E4930A09008325C10013F6F700E7
:106A0000938AFAFF3386C5000346060093D74700F2
:106A10002380CA00E39207FE330B5941138A060014
:106A2000E3DC66CB130A0B006FF01FCB13071000DB
:106A30002328E10293070B0023205107232261073B
:106A4000232A610313070900130787006FF09FB122
:106A50009305100013060000130709006FF0DFB95B
:106A6000338D4441E35EA0AB9305000163D8A55D7F
:106A7000B70502809385C5232324B100130E0001BE
:106A8000130F70006F0080011305260013078700A5
:106A900013860500130D0DFF6352AE070325810019
:106AA00093870701930516002320A7002322C7011F
:106AB000232AF1022328B102E358BFFC63800716A2
:106AC000032501001306C10293850900232AD10082
:106AD000EFF04FDCE316058E03260103130E0001D1
:106AE000130D0DFF8327410383264101130709007E
:106AF00013051600130F7000E342AEFB032681005E
:106B0000B387A7012322A7012320C700232AF1026C
:106B10002328A102130670006352A6386388074A2F
:106B2000032501001306C102938509002324D10027
:106B3000EFF04FD6E3160588832681000326010374
:106B400083274103338D664113070900130E160096
:106B5000E35CA09D6354A44723247101930E70004D
:106B60006F008001130E26001307870013860500AF
:106B7000130D0DFF635AA4059387070193051600B3
:106B80002320770123228700232AF1022328B10240
:106B9000E3DABEFC63800706032501001306C10289
:106BA00093850900EFF00FCFE31C05800326010356
:106BB000130D0DFF8327410313070900130E160061
:106BC000930E7000E34AA4FB83268100B387A701DC
:106BD0002322A7012320D700232AF1022328C1035F
:106BE0009306700063C8C61D13078700130E1E00AE
:106BF0006FF09F93130E1000130600001307090097
:106C00006FF01FF7032501001306C10293850900E9
:106C1000EFF04FC8E30C05966FF08FFA13051000E4
:106C200013060000130709006FF0DFE66382070414
:106C3000032501001306C10293850900232CD1000E
:106C4000232AF1012324E101EFF0CFC4631A05F6F2
:106C5000032601038327410383268101832F4101FA
:106C6000032F810013070900130E16006FF0DF8455
:106C700063060F24930781022320F1069307200067
:106C80002322F106130E10001307090013060E004D
:106C900013078700130E1E006FF01F8813050001F5
:106CA0006354A537370E0280130ECE22930E0001D7
:106CB000930270006F00C0011305260013078700C0
:106CC00013860500130D0DFF63DCAE079305160058
:106CD000938707012320C7012322D701232AF1022A
:106CE0002328B102E3DAB2FC63820708032501001E
:106CF0001306C10293850900232EC101232CD10064
:106D0000232AF1012324E101EFF0CFB8631A05EA49
:106D100003260103930E0001130D0DFF832741038A
:106D2000032EC10183268101832F4101032F81009E
:106D3000130709001305160093027000E3C8AEF9AB
:106D4000B387A7012320C7012322A701232AF10229
:106D50002328A102130670006342A60A13078700C6
:106D6000130E1500130605006FF08FF113060000D7
:106D700013051000130709006FF0DFF463D444011A
:106D800093040A0083274100B38797002322F10070
:106D90006FF0CFFF13F3FCF7936C23001306200072
:106DA00093051000630EB62C93052000E31AB6ACD1
:106DB0006FF05FC4E38C07C6032501001306C10210
:106DC00093850900EFF00FAD631C05DE032E010370
:106DD0008327410313070900130E1E006FF0CFF441
:106DE00023280102130709006FF00FD3130E1000C0
:106DF00013060000130709006FF00FF263820716F5
:106E0000032501001306C10293850900232CD1003C
:106E1000232AF1012324E101EFF0CFA7631205DA61
:106E2000032601038327410383268101832F410128
:106E3000032F810013070900130E16006FF04FE4B3
:106E4000130A0000130B0000930A09006FF0DF889B
:106E5000930A09009305A000930E900033F6B70241
:106E6000938AFAFF138E0700130606032380CA00D5
:106E7000B3D7B702E3E4CEFF330B5941138A0600C0
:106E8000E3D86685130A0B00E31605846FF0DF84F0
:106E9000130A0000930A09006FF01F84130787008C
:106EA000130E1500130605006FF08FE71316060189
:106EB00013560641930706006FF04FFF13060000BC
:106EC000130E1000130709006FF00FE5130A0B00F3
:106ED000938A05006FF05F809306F0FF938D0800A2
:106EE0006FF0CFC613850A002324E100EFC08FB4F2
:106EF00003278100130B05006FF09FAAB7070280DC
:106F0000938707F12326F10093F50C0183270C00EA
:106F1000130C4C00639A050093F50C04638605007E
:106F20009397070193D7070193F51C00E38C05AAFB
:106F3000E38A07AA930500032304B102A304C10254
:106F4000A3030102E3D806E493EC2C006FF09FAAA0
:106F5000B7070280938747F22326F1006FF0DFFA2C
:106F60000347710263000708930771022320F106AB
:106F7000930710002322F106130E100013070900D7
:106F80006FF0CFD293051000E310B6E213050000B6
:106F9000930700036FF00FF8EFB09F8E6FF04FA6CE
:106FA00093076000138B060063EAD702370802805C
:106FB000130A0B00930A88F36FF00FCAB70602801A
:106FC0009386C6232324D1006FF01FC0130E100038
:106FD00013060000130709006FF08FD4130B600035
:106FE0006FF0DFFC13060000130E100013070900FA
:106FF0006FF08FCC032501001306C10293850900B1
:10700000EFF04F896FF0CFBB370E0280138505007C
:10701000130ECE226FF0DFD2938D0800930600008E
:107020006FF0CFB2370E028093051600130ECE22FA
:107030006FF04FE2930700036FF0CFED3706028049
:107040001306C62313050E002324C1006FF01FABE7
:107050009307F0FF2322F1006FF08FB983260C0015
:10706000130C4C0063C80600938D080093870D0035
:107070006FF04FAD9306F0FF938D08006FF01FFF88
:10708000130500006FF00FE89307050003A501C783
:107090009306060013860500938507006FF04F9353
:1070A000130101B88397C50003D7E500232C81465F
:1070B00013840500B70501009385D5FF032E440610
:1070C0000323C4018328440213170701B3F7B70051
:1070D000B3E7E70013080040232AF100930581007D
:1070E00093070107232A914623282147232E11467F
:1070F000130905002326C107232261022326110359
:107100002324F100232CF10023280101232E010167
:1071100023200102EFF0CF8B93040500635C05028E
:107120008357410193F70704638807008357C4001E
:1071300093E707042316F4008320C1470324814703
:1071400003290147138504008324414713010148A3
:10715000678000009305810013050900EF000037E8
:10716000E30005FC9304F0FF6FF09FFB130101FFA8
:107170002326110023202101638805022324810096
:107180002322910013840500930405006306050083
:1071900083274503638C070C8317C400639207029F
:1071A00003248100832441008320C10013090000CF
:1071B0001305090003290100130101016780000084
:1071C0009305040013850400EF00800B8327C4029D
:1071D00013090500638A07008325C4011385040091
:1071E000E7800700634405068357C40093F7070848
:1071F0006396070683250403638C05009307040444
:107200006386F50013850400EFC04FBC23280402F9
:10721000832544046388050013850400EFC00FBB79
:1072200023220404EFB00FE823160400EFB0CFE7E9
:107230008320C10003248100832441001305090039
:107240000329010013010101678000008357C40076
:107250001309F0FF93F70708E38E07F8832504016D
:1072600013850400EFC08FB66FF0DFF8EFB04FE189
:107270006FF09FF29305050003A501C76FF01FEFA4
:107280000397C500130101FE232C81002326310141
:10729000232E1100937787001384050093090500BE
:1072A00063900712B71700009387078083A64500F5
:1072B000B367F7002396F5006352D01803288402C1
:1072C0006304080E232A91009316370183A4090052
:1072D00023A009008325C40163CE0616130600000F
:1072E0009306100013850900E70008009307F0FFDC
:1072F000130605006304F51A8317C40003288402EB
:107300008325C40193F74700638E070003274400D9
:10731000832704033306E640638607008327C403FC
:107320003306F6409306000013850900E7000800C5
:107330009307F0FF6314F51283A609009307D001A9
:107340000317C40063EAD716B707402093871700D6
:10735000B3D7D70093F717006380071603260401FD
:10736000B7F7FFFF9387F77FB377F7002316F40093
:10737000232204002320C4009317370163D407009D
:10738000638206108325040323A0990063840510FB
:10739000930704046386F50013850900EFC00FA36B
:1073A0008324410123280402130500008320C10126
:1073B000032481018329C1001301010267800000B9
:1073C0002328210103A9050163020908232A91004A
:1073D00083A405001377370023A02501B38424413B
:1073E000930700006314070083A745012324F400DA
:1073F000634890006F0040053309A900635690046C
:10740000832744028325C4019386040013060900E0
:1074100013850900E7800700B384A440E34EA0FC75
:107420000317C400032901011367070483244101E2
:107430002316E4001305F0FF6FF05FF783A6C50382
:10744000E34ED0E66FF05FF683244101032901018A
:107450006FF09FF5032604056FF0DFEA0317C40001
:1074600083260401B7F7FFFF9387F77FB377F70011
:107470002316F400232204002320D400931737019D
:10748000E3D207F0832504032328A40423A0990052
:10749000E39005F0832441016FF01FF183A70900F9
:1074A000E38C07E41307D001638CE7001307600146
:1074B0006388E7000317C400136707046FF01FF722
:1074C00023A09900832441016FF01FEE130101FEF8
:1074D000232C8100232E11001304050063060500F0
:1074E00083274503638A07028397C500639C0700CF
:1074F0008320C1010324810113050000130101024F
:107500006780000013050400032481018320C1016A
:10751000130101026FF0DFD62326B100EFB04FB6A2
:107520008325C1006FF05FFC63000506930505002D
:1075300003A501C76306050083274503638C070085
:107540008397C5006396070013050000678000005D
:107550006FF01FD3130101FE2326B1002324A100E5
:10756000232E1100EFB0CFB18325C1000325810088
:107570008397C500639807028320C10113050000AB
:10758000130101026780000037160280B775008082
:1075900037150280130646859385C54C130505866D
:1075A0006FB0CFB38320C101130101026FF05FCD33
:1075B000832786006384072C8396C500130101FD91
:1075C00023248102232C4101232861012326110257
:1075D00093F78600130B0600130A050013840500B9
:1075E000638E070883A70501638A07082322910297
:1075F00023202103232E3101232A510193F7260052
:1076000083240B006384070A832744028325C40173
:10761000B70A00809309000013090000938A0AC08A
:107620001386090013050A00630209049306090082
:1076300063F42A0193860A00E78007006350A0469E
:1076400083278B00B389A9003309A940B387A740DA
:107650002324FB006386071A832744028325C40181
:107660001386090013050A00E31209FC83A904002C
:1076700003A94400938484006FF09FFA93050400EB
:1076800013050A00EF00C043631C051C8316C400E9
:107690002322910223202103232E3101232A510189
:1076A00093F7260083240B00E39007F6232671014D
:1076B0002324810193F716006396071C8327040097
:1076C00003278400B70A008023229101930B000056
:1076D00093090000938AFAFF13850700130C070033
:1076E0006382091013F6062063080628930C07002E
:1076F00063E6E93213F70648630A070803264401E4
:1077000083250401131716003307C7003389B740D8
:10771000135CF701330CEC0093071900135C1C4059
:10772000B387370113060C006376FC00138C070047
:107730001386070093F60640638E06309305060015
:1077400013050A00EFC0CF98930C0500630C0534B5
:107750008325040113060900EFB09F938357C400EB
:1077600093F7F7B793E707082316F40033852C0146
:10777000B3072C4123289401232A84012320A40049
:10778000138C09002324F400938C090013860C0049
:1077900093850B00EF0090040327840083270400E7
:1077A0001389090033078741B38797012324E40035
:1077B0002320F4009309000083278B00B38B2B0157
:1077C000B38727412324FB00638607028327040035
:1077D000032784008316C40013850700130C0700D9
:1077E000E39209F083AB040083A9440093848400EE
:1077F0006FF09FEE832BC100032C8100832C41008E
:107800008320C1020324810283244102032901024F
:107810008329C101832A4101032A8101032B01012C
:1078200013050000130101036780000093050400A5
:1078300013050A00EFF09FC9630E050A8317C40001
:10784000832BC100032C8100832441020329010200
:107850008329C101832A410193E707042316F40019
:107860008320C10203248102032A8101032B010129
:107870001305F0FF130101036780000013050000EA
:1078800067800000930A000013050000130C00003D
:107890009309000063820908630A050893870A00B8
:1078A000938B090063F43701938B070003250400D1
:1078B00083270401032984008326440163F6A7007B
:1078C0003309D9006344790963C0DB168327440276
:1078D0008325C40113060C0013050A00E780070086
:1078E00013090500E35CA0F4B38A2A4113051000D4
:1078F000E38E0AF283278B00330C2C01B3892941D4
:10790000B38727412324FB00E39607F8832BC100AC
:10791000032C81006FF0DFEE83A9440093870400FD
:1079200093848400E38A09FE03AC070013860900F0
:107930009305A00013050C00EF004046630A0514F0
:1079400013051500B30A85416FF05FF593050C0030
:1079500013060900EF0080688327040093050400E4
:1079600013050A00B38727012320F400EFF01FB6A8
:10797000E30C05F66FF09FEC8326040163E2F60446
:107980000326440163EEC9029387090063F43A01B8
:1079900093870A00B3E6C702032744028325C40184
:1079A00013860B0013050A00B386D740E7000700D3
:1079B00013090500635AA004B38929416FF0DFDF82
:1079C0001309070063F4E900138909001385070010
:1079D0001306090093850B00EF0040600327840025
:1079E0008327040033072741B38727012324E400BA
:1079F0002320F400E31207FC9305040013050A009A
:107A0000EFF0DFACE30A05FA8317C400832BC10053
:107A1000032C8100832C41006FF01FE3138C0900BD
:107A2000938C09006FF09FD613860B0093050C0012
:107A3000EF00C05A032784008327040013890B003A
:107A400033077741B38777012324E4002320F40030
:107A50006FF09FE913050A00EF30C027930C050073
:107A6000E31605D08325040113050A00EFB01FB605
:107A70008317C4001307C000832BC100032C8100AF
:107A8000832C41002320EA0093F7F7F76FF0DFDB48
:107A900093871900938A07006FF09FE08317C40053
:107AA0006FF09FDA1307C0008317C400832BC10057
:107AB000032C8100832C41002320EA006FF0DFD8E3
:107AC00083A701C7130101FF232481002322910012
:107AD0002326110093040500138405006386070024
:107AE00003A74703630C070E8317C40013F787002F
:107AF000630A0706032704016306070893F61700C5
:107B00006388060283264401232404001305000031
:107B1000B306D040232CD400630A07028320C1009F
:107B200003248100832441001301010167800000C8
:107B300093F6270013060000639406000326440111
:107B40002324C40013050000E31A07FC13F70708F9
:107B5000E30607FC93E707042316F4001305F0FF80
:107B60006FF0DFFB13F707016300070813F7470007
:107B7000631C07020327040193E787002316F40020
:107B8000E31E07F693F6072813060020E388C6F6DF
:107B90009305040013850400EF30407E8317C40072
:107BA000032704016FF09FF583250403638E05000E
:107BB000130704046388E50013850400EFB01FA1D8
:107BC0008317C400232804020327040193F7B7FD99
:107BD000232204002320E4006FF01FFA138507001E
:107BE000EFA01FCA6FF05FF01307900023A0E4001E
:107BF00093E707042316F4001305F0FF6FF01FF25C
:107C0000130101FE232C8100232A91002328210146
:107C1000232E1100130905009384050013040600A8
:107C2000EF00002C93071000631CF5009387F4FF0E
:107C30001307E00F6366F700230691006F00400210
:107C40009306C405138604009305C10013050900BB
:107C5000EF30C0629307F0FF6304F508630C050280
:107C6000832784008345C1009387F7FF2324F40012
:107C700063DA07000327840163CCE7029307A000BF
:107C80006388F50283270400138717002320E4008C
:107C90002380B7008320C10103248101032901014E
:107CA0001385040083244101130101026780000051
:107CB0001306040013050900EF3050139307F0FF7B
:107CC000E31AF5FC1305F0FF8320C10103248101B1
:107CD000832441010329010113010102678000008F
:107CE0008357C4001305F0FF93E707042316F4003D
:107CF0006FF09FFD8317C6001397270163400702AB
:107D000003274606B7260000B3E7D700B7260000D2
:107D10003367D7002316F6002322E6066FF05FEEE6
:107D2000130101FE232C810003A401C7232E11009F
:107D300013860500930505006306040083274403AA
:107D4000638007048317C600139727016340070267
:107D500003274606B7260000B3E7D700B726000082
:107D60003367D7002316F6002322E6061305040026
:107D7000032481018320C101130101026FF05FE838
:107D80002324A100130504002326C100EFA05FAF48
:107D90000326C100832581006FF0DFFA9377350059
:107DA00093F6F50F638A07029307F6FF630E060248
:107DB0001306F0FF6F0080011305150013773500DF
:107DC000630E07009387F7FF6380C7020347050030
:107DD000E314D7FE67800000930706001307300006
:107DE0006368F700639007061305000067800000D2
:107DF00093F5F50F13978500B305B70013970501A9
:107E0000B708FFFE37888080B385E5009388F8EFD8
:107E100013080808130330006F0000019387C7FFA1
:107E200013054500E370F3FC0327050033C7E500A5
:107E3000330617011347F7FF3377E600337707015F
:107E4000E30E07FCB307F5006F00C0001305150033
:107E5000E38CA7F803470500E31AD7FE678000000C
:107E6000130101FF2326110023229100630E060255
:107E7000B70502809385052513050600232481009C
:107E800013040600EF004026B704028063120502C7
:107E9000032481001385C4248320C100832441006E
:107EA0001301010167800000B70402806FF09FFE9C
:107EB0009385C42413050400EF000023E30A05FCA6
:107EC000B7F500809385C5C413050400EF00C021F9
:107ED000E30005FC03248100130500006FF0DFFBC5
:107EE00003C541BD67800000130101FF2326110077
:107EF00023229100638E0502232481001384050050
:107F0000B70502809385052513050400EF00C01D09
:107F1000B704028063120502032481001385C42480
:107F20008320C10083244100130101016780000008
:107F3000B70402806FF09FFE9385C42413050400EC
:107F4000EF00801AE30A05FCB7F500809385C5C4ED
:107F500013050400EF004019E30005FC0324810031
:107F6000130500006FF0DFFB1305050F67800000AD
:107F70001385C1B9678000001385C1B9678000000F
:107F8000130101FF23248100232291001304050023
:107F9000138505002326110023A401C8EF800FEBF1
:107FA0009307F0FF630CF5008320C10003248100D8
:107FB00083244100130101016780000083A781C869
:107FC000E38407FE8320C1002320F4000324810002
:107FD00083244100130101016780000063F6A502BC
:107FE0003387C5006372E502B307C5006306060464
:107FF0008346F7FF9387F7FF1307F7FF2380D70028
:10800000E318F5FE678000009307F00063E8C702FD
:10801000930705009306F6FF6302060C938616008D
:10802000B386D70003C70500938717009385150013
:10803000A38FE7FEE398D7FE67800000B367B50023
:1080400093F7370063960708930806FF93F808FF35
:1080500093880801B30615011387050093070500EF
:1080600003280700130707019387070123A807FFC9
:10807000032847FF23AA07FF032887FF23AC07FF36
:108080000328C7FF23AE07FFE39CD7FC1378C60085
:10809000B38515011377F600630408041308C7FFBE
:1080A0001378C8FF13084800B3870601138705003B
:1080B00083280700938646001307470023AE16FF68
:1080C000E398F6FE13763600B38505016FF09FF452
:1080D0009306F6FF930705006FF05FF467800000DA
:1080E000130607006FF01FF33367B5009303F0FF2B
:1080F0001377370063100710B7877F7F9387F7F7F1
:108100000326050083A60500B372F6003363F6006C
:10811000B382F200B3E26200639272106316D60873
:108120000326450083A64500B372F6003363F600CC
:10813000B382F200B3E26200639E720C6316D6064D
:108140000326850083A68500B372F6003363F6002C
:10815000B382F200B3E262006398720C6316D60435
:108160000326C50083A6C500B372F6003363F6008C
:10817000B382F200B3E262006392720C6316D6021D
:108180000326050183A60501B372F6003363F600EA
:10819000B382F200B3E26200639C720A13054501E8
:1081A00093854501E30ED6F4131706019397060154
:1081B000631EF7001357060193D706013305F740F6
:1081C0009375F50F63900502678000001357070150
:1081D00093D707013305F7409375F50F63940500B6
:1081E000678000001377F70F93F7F70F3305F74019
:1081F000678000000346050083C6050013051500CF
:10820000938515006314D600E31606FE3305D640A9
:10821000678000001305450093854500E31CD6FCEC
:108220001305000067800000130585009385850015
:10823000E312D6FC13050000678000001305C5009B
:108240009385C500E318D6FA130500006780000087
:108250001305050193850501E31ED6F813050000FB
:1082600067800000130101FE232A91008327050186
:1082700083A40501232E110063C0971C9384F4FF8F
:1082800013932400232C81001384450123263101FC
:1082900023244101B3096400130A450183A709009F
:1082A00033036A00032703002328210123225101FD
:1082B000938717003359F702930A0500636AF70A98
:1082C000370501009308040013080A00930E00000C
:1082D000930600001305F5FF03A70800032E08000E
:1082E000130848003376A70013570701B377AE0091
:1082F000135E0E01938848003306260333072703D5
:108300003306D601B37EA600B387D74113560601C4
:10831000B387D70093D60741B3F7A7003307C70049
:108320003376A700B386C640B386C601139606010E
:10833000B3E7C700232EF8FE935E070193D60641EC
:10834000E3FC19F983270300639407021303C3FFB7
:1083500063686A006F0080019384F4FF63786A00A9
:10836000832703001303C3FFE38807FE23A89A00B3
:1083700013850A00EF20401C634C050837050100F7
:1083800093050A00130700001305F5FF83A60500F7
:108390000326040093854500B3F7A6003378A600B2
:1083A000B3870741B387E70013D707411356060188
:1083B00093D606013307C7403307D700931607014A
:1083C000B3F7A700B3E7D7001304440023AEF5FECC
:1083D00013570741E3FC89FA93972400B307FA0087
:1083E00003A70700631407029387C7FF6368FA00B7
:1083F0006F0080019384F4FF6378FA0003A70700FD
:108400009387C7FFE30807FE23A89A001309190002
:10841000032481018320C1018329C100032A810033
:10842000832A410083244101130509000329010126
:1084300013010102678000008320C10183244101F0
:108440001305000013010102678000000323850368
:10845000130101F4232C810A232A910A2328210BDA
:108460002322510B2326B109232E110A2326310B77
:10847000232EE100232AF100232811012326B10233
:108480002324C10013040500938D05009304060006
:10849000938A060013090800630203020327C50339
:1084A0009307100093050300B397E7002322E3002E
:1084B0002324F300EF10006C232C040293890400A2
:1084C0009306000063DC04009394140093D7140017
:1084D0002324F10093890700930610003707F07FEB
:1084E0002320D900B3F6E9006388E6608324810085
:1084F00013850D0013060000938504009306000009
:108500002320B10323229102EF409033631A050424
:1085100003274101930710002320F70003270101DF
:1085200063080700B7070280938717F42320F7003A
:10853000B7090280938909F48320C10B0324810BBE
:108540008324410B0329010B832A410A832DC1088F
:10855000138509008329C10A1301010C67800000FB
:1085600013860400130781079306C10793850D0046
:10857000130504002324410B2320610B232E7109D2
:10858000232C8109232A91092328A10913D9490100
:10859000EF20403E930405006312095A832B8107A4
:1085A0000329C1079307000233892B0113072943CD
:1085B000E3D0E73293070004B387E740130529416E
:1085C000B397F90033D5AD0033E5A700EF509067BE
:1085D000B70710FE9306100013070500B387B70016
:1085E0001309F9FF2324D10403A641C283A681C243
:1085F0001305070093850700EF50403B03A6C1C257
:1086000083A601C3EF40104D03A641C383A681C3D7
:10861000EF30D01D130A05001305090093890500EA
:10862000EF50D05603A6C1C383A601C4EF40904AC1
:10863000130605009386050013050A0093850900BB
:10864000EF30D01A130B050093890500EF50D04B83
:10865000130A05009385090013050B00130600009B
:1086600093060000EF4090366350050213050A00A0
:10867000EF50D05113060B0093860900EF40501CB9
:108680003335A000330AAA4033892B419307600198
:10869000130BF9FFE3E8471D3707028093173A00F1
:1086A00013070730B387E70003A6070083A6470038
:1086B0000325010283254102EF405031E35A051E94
:1086C000130AFAFF232E0102232C0100634C0B48EE
:1086D00063540A4A8327810123244103B387474116
:1086E000232CF100B3074041232CF10293079000A3
:1086F000130A000063EC574993075000E3D0571F5B
:10870000938ACAFF9307300013090000E388FA62D6
:10871000E3D0575F93074000E390FA5293071000AD
:108720002328F1020326C101E352C0602326C104BD
:10873000130C060093067001130710009307400006
:1087400063C4C6006F10802F93971700938647016C
:108750009305070013071700E378D6FE232EB40213
:1087600013050400EF10C0359309050063140500DC
:108770006F10002B232CA4029307E00063E6874FC1
:108780006304094E83268102E35AD05E93F7F60014
:1087900037070280130707309397370093DC464072
:1087A000B387E70093F60C0103A8070003A747006F
:1087B000E3880652B707028003A6074183A6474114
:1087C00003250102832541022328E104232001051A
:1087D000EF40400E032801040327010593FCFC0031
:1087E00013030500138D050013093000638C0C047E
:1087F000B70B028023208104938B0B3F13040900E5
:10880000930507001309030093F71C00638E07000C
:1088100003A60B0083A64B001305080013041400E5
:10882000EF40502B1308050093DC1C40938B8B000A
:10883000E39C0CFC13030900130904000324010446
:1088400013870500930607001306080013050300AD
:1088500093050D00EF400006130705009387050000
:108860008326C1036388060203A641C483A681C48C
:1088700013050700938507002328E1042320F10452
:10888000EF40D0148327010403270105635405003A
:108890006F100001130509002320F1062320E104D5
:1088A000EF50D02E0327010483270106130607008B
:1088B000938607002328E1042320F104EF40902150
:1088C00003A641C583A681C5EF304072B706C0FC40
:1088D0008327010403270105930C0500B38BB60021
:1088E000630E0C3283268102232081072324D106C4
:1088F00013050700938507002328E1042320F104D2
:10890000EF509020832701063706028013090500E7
:108910009386F7FF9396360093070630B386D70009
:1089200003A846002326F10683A70600232E01058F
:1089300023229107232CF104EF5050250327010532
:10894000832701041306050093860500130507001D
:1089500093850700EF50800503270103138D19004D
:10896000130309032320A105930C05001373F30FD0
:10897000E304075A03A541C6032681058326C105E2
:108980002320B10483A581C623286104EF309072AF
:108990000326410693860B00EF5040018328010413
:1089A0000323010513860C009386080023806900C9
:1089B00013090500938B0500EF40407183280104E3
:1089C0006354A0006F00507883A741C403A881C4FA
:1089D000232C41052328F104232A010503A801C5FE
:1089E00083A7C1C423226107232681072320F10422
:1089F00093070000032C010623220105138B0700B7
:108A000023205107138A08006F000009130B1B0075
:108A100063448B016F0050780326010483264104D0
:108A20001305090093850B00EF40D00A03260104CB
:108A30008326410413090500938B050013850C0060
:108A400093050A00EF401009938C0500930A050076
:108A5000EF50900B130A0500EF505013130605005A
:108A60009386050013850A0093850C00EF4010746F
:108A700093070A031306090093860B002300FD00E9
:108A8000130D1D00930C0500138A0500EF400074C0
:108A9000635405006F00506B0325010583254105D4
:108AA00013860C0093060A00EF405070130609006D
:108AB00093860B00EF408071E35A05F4832781060B
:108AC000930B0D00138C1700130690036F008000AA
:108AD000E386796583C6FBFF138D0B00938BFBFF49
:108AE000E388C6FE9386160093F6F60F2380DB001C
:108AF000930D0C006F00004D8326410137270000C5
:108B00009397C9001307F77093D7C70023A0E60017
:108B1000B3E7B7016380070A83270101B709028021
:108B200093898926E38A07A0B70702809387B7262F
:108B3000032701012320F7006FF01FA083274102C4
:108B4000B706F03F832B81079397C70093D7C700E1
:108B500003270102B3E7D700130919C02324010436
:108B60006FF09FA893071000B3872741232CF100D3
:108B7000130B0000E3400AB623244103232C010217
:108B800093079000330B4B01E3F857B7930710009E
:108B900013091000930A00002328F102130CF0FFC0
:108BA000232E0100232E04022326810593050000B5
:108BB0006FF01FBB83270101B70902809389C92584
:108BC000E38C0796B7070280938747266FF05FF61E
:108BD000130509002320F1062320E104EF50007B58
:108BE0000327010483270106130607009386070065
:108BF0002328E1042320F104EF40C06D03A641C502
:108C000083A681C5EF30803E832701040327010539
:108C1000B706C0FC930C0500B38BB60003A6C1C514
:108C200083A601C61305070093850700EF4010587F
:108C300013860C0093860B00130D050013890500A5
:108C4000EF40C048E342A04EB7070080B3C77701AA
:108C500013860C0013050D00938607009305090089
:108C6000EF40C056634805068327C10763CE071847
:108C7000832681021307E0006348D7188327810207
:108C8000370702801307073093973700B387E70051
:108C900003AA070083AA47008327C10163D80704FA
:108CA0006346800563180C0203A6C1C583A601C6EE
:108CB00013050A0093850A00EF40C0611306050002
:108CC000938605000325010283254102EF400050F1
:108CD000E34CA044138D0900232001021309000076
:108CE0008327C10193CDF7FF6F0040699387190077
:108CF0002320F104032B01020329410213060A0079
:108D000093860A0013050B0093050900EF30903A93
:108D1000EF50805F130D0500EF50406713060A0007
:108D200093860A00EF40005B13060500938605005A
:108D300013050B0093050900EF40504793070D03FF
:108D40002380F90013061000832B0104130705008C
:108D500093860500E30CCC0C83A7C1C403A801C50E
:108D6000930D10002324F100232601016F0000065B
:108D700013060A0093860A0013050B0093050900E9
:108D8000EF305033EF504058130D0500EF500060A6
:108D900013060A0093860A00EF40C053938605002D
:108DA000130605009305090013050B00EF40104062
:108DB000938B1B0093070D03938D1D00A38FFBFE68
:108DC0001307050093860500E302BC070326810014
:108DD000938506008326C10013050700EF40804FEE
:108DE0001306000093060000130B0500138905000D
:108DF000EF400025E31E05F683278102138D0B004B
:108E0000938D17006F00001C0327010363160726CC
:108E1000832B8103832C8101232801021309000085
:108E200063820C026350600393870C0063449B676A
:108E300003278101B38CFC40330BFB403307F74021
:108E4000232CE10083278103638207028327010328
:108E500063840700E39C0B060326810393850400CB
:108E600013050400EF10403F930405009305100024
:108E700013050400EF1000102320A102631C0A5008
:108E80009307100063DC5755B387670193F7F70129
:108E90006380071E130700023307F7409306400064
:108EA00063D4E6581307C001B307F74003278101D5
:108EB000B38CFC00330BFB003307F700232CE100DD
:108EC000832781016340F014635C60018325010204
:108ED00013060B0013050400EF10004D2320A10220
:108EE0008327C103639C07126354804583270103D2
:108EF0006390072683278102938D1700832A01023E
:108F0000130A10006F00000293850400930600000E
:108F10001306A00013050400EF0010489304050099
:108F2000130A1A0093850A0013850400EFF08FB32B
:108F3000930B0503B3874901A38F77FFE3468AFDAF
:108F4000130A100063448055338A4901930A0000D4
:108F5000938504001306100013050400EF10C044AD
:108F60008325010293040500EF10005D635EA04EAF
:108F7000930690036F008000638A495F8347FAFF7E
:108F8000130D0A00130AFAFFE388D7FE9387170030
:108F90002300FA008325010213050400EF00903D31
:108FA00063020902638A0A0063882A0193850A0022
:108FB00013050400EF00103C93050900130504009D
:108FC000EF00503B9385040013050400EF00903A36
:108FD0008327410123000D0023A0B701832701014E
:108FE0006384070023A0A701032A810A032B010A37
:108FF000832BC109032C8109832C4109032D01090D
:109000006FF08FD3938504001386070013050400C7
:10901000EF108039930405006FF01FEB83250102E8
:1090200013850400EF104051E35005EC83278102C3
:1090300093850400930600001306A00013050400A6
:10904000138BF7FFEF0050358327010393040500CE
:10905000639E070C032CC104E35A8015832D810203
:109060006FF0DFE993071000232EF1026FF0CFE5D8
:109070009307C0016FF09FE3130710006354574D2F
:1090800083278103930BFCFF63CA7741B38B77413E
:1090900083278101B38C8741E3500C0E93051000A8
:1090A00013050400EF00106D130905006FF05FD782
:1090B000232E0102232C0100E34020AD9307100072
:1090C000B3872741232CF100130B00006FF0DFAAB8
:1090D000B387E7403395FD006FF04FCF9307300023
:1090E00013091000638CFA4463C657E3930720000A
:1090F000E38CFA14232E04029305000013050400E8
:10910000EF00101C93090500E30C051093071000F5
:109110002328F1029307F0FF232CA4022326F10455
:10912000130CF0FF232E01006FF01FB4930509000C
:10913000930600001306A00013050400EF00D025DD
:10914000032CC10413090500E3568009232461039D
:10915000635C90019305090013860C00130504005D
:10916000EF10802413090500130B0900631E0A5039
:109170008327C102138DF9FF938C0900232C310141
:109180008329010293F71700330D8D012324F10089
:10919000232EB1019385090013850400EFF08F8C15
:1091A000130C05009305090013850400EF10C03867
:1091B000130A050013060B0093850900130504002C
:1091C000EF10003D0327C500930B0C03930D050022
:1091D000631C07089305050013850400EF10C035D4
:1091E0001307050093850D0013050400930D070078
:1091F000EF005018B3E65D01639A060E83278100E5
:10920000638A077463420A7623807C01138A1C00F8
:1092100063049D6793850400930600001306A00075
:1092200013050400EF005017930405009306000097
:109230001306A0009305090013050400630E6909D5
:10924000EF00901593050B0013090500930600002D
:109250001306A00013050400EF001014130B050003
:10926000930C0A006FF01FF393050500130504002B
:1092700083298101832DC101EF00D00F634A0A00C9
:1092800013F71D00336A5A0133674701631E07064F
:10929000938504001306100013050400EF10C0109E
:1092A0008325010293040500EF1000296358A024D0
:1092B00013079003638CEB24930B1C038327810219
:1092C000930A0900138D1C0023807C01938D1700E5
:1092D00013090B006FF01FCCEF00100C13090500F1
:1092E000130B0500930C0A006FF0DFEA63440A7267
:1092F00083278100336A5A0133EA4701630C0A70FD
:10930000E354B0F183298101130790036380EB20BC
:109310000327810293871B00930A0900138D1C0009
:10932000930D17002380FC0013090B006FF09FC6FC
:1093300093072000E3DC57BB138D0900E3120C9A5E
:109340008325010293060000130650001305040054
:10935000EF009004930505002320A102138504006B
:10936000EF10801DE35EA096930710032380F900A1
:1093700083278102138D1900938D17008325010225
:1093800013050400938D1D00EF00C07EE31609C293
:109390006FF05FC39305050013060A001305040070
:1093A000EF00906B930710002320A10263DE57119A
:1093B000130A000003270102832707019387370060
:1093C00093972700B307F70003A54700EF00102588
:1093D00093070002B387A7406FF01FAB8327C1023A
:1093E00063900704832781009397C700639A07025D
:1093F000832681009307000013D746011377F77F78
:10940000630C070083278101130B1B009387170050
:10941000232CF10093071000631C0A54138A0700E1
:10942000930710006FF05FA6E30CD7A81307C003E3
:10943000B307F7406FF09FA793071000930A5000FF
:109440002328F1028327C10103278102B387E700A4
:10945000138C17002326F10413060C00634C80AD17
:10946000130610006FF00FAD6316050093F71B0095
:10947000E39007B0930600038347FAFF130D0A0039
:10948000130AFAFFE38AD7FE6FF0DFB0130A0C006D
:109490006FF09FAB93070B006FF09F9983278103B9
:1094A00003278101232C7103B387FB40330AFA00A1
:1094B000B3078701930C0700330B8B01232CF100BA
:1094C000930B00006FF09FBD8327C102E39207EE6C
:1094D000832781009397C700E39C07EC6FF05FF14F
:1094E00003230102032D4102130920006FF00FB086
:1094F000930A2000232801026FF0CFA2E31005DCBD
:1095000013F71B00E31607DA6FF05FDB9307900396
:109510002380FC0083278102930A0900138A1C0020
:10952000938D170013090B006FF09FA49307100091
:10953000130C1000232EF1006FF0CFE62328010258
:109540006FF05FF003278104630407300327810174
:1095500093873743330BFB00B307F700832B81035B
:10956000930C0700232CF1006FF05FB393071003F7
:109570002380F900938D1D006FF0DFA18327810206
:1095800063880730B30BF04093F7FB003707028086
:109590001307073093973700B387E70003A6070048
:1095A00083A64700032501028325410293DB4B403C
:1095B000EF305052138D050063880B4213092000D1
:1095C000B70C028023208104938C0C3F1304090004
:1095D00013070500130600001309050093F61B008E
:1095E0006380060203A60C0083A64C001305070047
:1095F00013041400EF30104E13070500130610007B
:1096000093DB1B40938C8C00E39A0BFC1305090041
:10961000938705001309040003240104631206A4C0
:109620001307050093070D006FF08FA393850600C5
:109630001306070013050700EF20501B8327810244
:1096400013060A0093860A00938D1700130B05007A
:1096500013890500138C0D00EF3050276346A0C618
:1096600013050B009305090013060A0093860A00F0
:10967000EF30101D63160500137D1D0063160DC429
:10968000138D0B006FF01F94832549001305040010
:10969000EF000043130A05006300053603260901A5
:1096A0009305C9001305C5001306260013162600EE
:1096B000EF901F9E1306100093050A001305040087
:1096C000EF00904E130B05006FF09FAA9305090061
:1096D00013860B0013050400EF00103813860400F6
:1096E000930505001309050013050400EF0090130E
:1096F0009307050093850400130504009384070075
:10970000EF00404783278103B3877741232CF10281
:10971000638E07F46FF04FF4032681058326C1059D
:10972000032541062328B10493850B0023286102F9
:10973000EF30503A032301038327010693061000FC
:10974000238069002324A1048328010513890500CF
:10975000B38BF900638CD72683A7C1C403A801C5C6
:10976000232891042328F102232A010323208106C0
:1097700013850C009385080003260103832641030B
:10978000130D1D00EF301035138405009304050000
:10979000EF409037930C0500EF40503F1306050053
:1097A000938605001385040093050400938C0C0335
:1097B000EF40C01FA30F9DFFE390ABFD8324010585
:1097C00003240106930C05009388050003A641C6F7
:1097D00083A681C60325810493050900232811036C
:1097E000EF20D0008328010313860C009386080025
:1097F000EF30D01D634C05180326810403A541C634
:1098000083A581C693060900EF40401A832801030F
:1098100013860C0093860800EF30500B634CA010A9
:109820008327C10763C607DE032781029307E00091
:1098300063C0E7DE832781020327C10693973700C1
:10984000B307F70003AA070083AA47006FF08FCA87
:10985000032781078326810193076003B387E740CD
:10986000330BFB00B387F600832B8103938C060038
:10987000232CF1006FF09F8283278102930A090055
:1098800083298101938D170013090B006FF04FECB2
:109890000327010283274102130920006FE05FFCC8
:1098A00063080CB2032DC1046350A0BD938507006B
:1098B0008327810283A601C503A6C1C49387F7FF4E
:1098C000130507002324F106EF30D020130705000D
:1098D000130519002328E1042320B104EF40102BC5
:1098E0000327010583270104130607009386070059
:1098F000EF30501E03A641C583A681C5EF20006F3F
:10990000B706C0FC8327010403270105930C05005B
:10991000B38BB6002320A1076FE09FFD93061003D1
:10992000130C1C006FF08F9C232001021309000010
:109930006FF09FA31306000383C7FBFF138D0B007B
:10994000938BFBFFE38AC7FE83278106938D170065
:109950006FF04FE71307900383298101E388EBBA87
:10996000E34C40956FF09F95832981016FF01F951F
:10997000138A07006FF01FA4938C0700B387870139
:10998000330B8B01232CF1006FF04FF183278106FD
:10999000138C17006FF04F93032A8105032B4106A8
:1099A000032CC106832A01066FF00FAC9307200039
:1099B00063C85701832D8102032CC1046FF00FD4BB
:1099C000032CC104232461036FF01F97832B010430
:1099D0006FF0DFDF93072000E3C457FF032CC104BF
:1099E000232461036FF0CFF613070500938705006A
:1099F000130920006FE0DFE6B7060280370502801A
:109A00009386C626130600009305F02E130505283D
:109A1000EF10106483298101E34CB0876FF01F8A37
:109A2000B7060280370502809386C626130600001B
:109A30009305F01A13050528EF109061232E0402F8
:109A4000930500006FE0DFD1232801026FE09FCD76
:109A500083A701B9678007006380050263020604DB
:109A6000638806048347060023A0F500034506002B
:109A70003335A00067800000130101FF9305C1008A
:109A800063040602638A06028347060023A0F500EA
:109A9000034506003335A000130101016780000073
:109AA0001305000067800000130500006FF0DFFE63
:109AB0001305E0FF678000001305E0FF6FF0DFFD96
:109AC00083274504130101FF2324810023229100F1
:109AD000232611001304050093840500638C0702FC
:109AE00013972400B387E70003A507006304050468
:109AF0000327050023A0E7002328050023260500EF
:109B00008320C1000324810083244100130101014B
:109B1000678000001306100293054000EF10D05933
:109B20002322A40493070500E31C05FA1305000093
:109B30006FF01FFD23202101130910003319990034
:109B40001306590013162600930510001305040090
:109B5000EF109056630A0500232425012322950067
:109B6000032901006FF05FF90329010013050000CC
:109B70006FF01FF96380050203A7450083274504A2
:109B800013172700B387E70003A7070023A0E5000A
:109B900023A0B70067800000130101FE232A910073
:109BA00083A4050137030100232C81002328210110
:109BB00023263101232E1100138905009309050086
:109BC0001384060013884501930800001303F3FF74
:109BD00083270800130848009388180033F76700AC
:109BE0003307C70293D60701B386C602B3078700BF
:109BF00013D70701B3F76700B386E6001397060192
:109C0000B307F700232EF8FE13D40601E3C298FC35
:109C1000630204028327890063DEF4029387440011
:109C200093972700B307F90023A2870093841400B9
:109C3000232899008320C101032481018324410149
:109C40008329C10013050900032901011301010241
:109C50006780000083254900138509002324410102
:109C600093851500EFF0DFE5130A0500630E050488
:109C7000032609019305C9001305C5001306260034
:109C800013162600EF90CFC00327490083A749048D
:109C900013172700B387E70003A707002320E90075
:109CA00023A027019387440013090A0093972700F4
:109CB000B307F900032A81009384140023A28700CC
:109CC000232899006FF01FF7B7060280370502803E
:109CD0009386C626130600009305A00B1305852B5B
:109CE000EF101037130101FE232C8100232A91006D
:109CF00023282101232631012324410193890600D1
:109D00009307900093868600232E1100B3C6F602B7
:109D10001309050013840500130A060093040700C5
:109D200063DA370D9307100093050000939717002F
:109D300093851500E3CCD7FE13050900EFF05FD83B
:109D400093050500630C050A930710002328F5000E
:109D5000232A95009307900063D8470923225101D5
:109D6000930A940093840A003304440183C60400D8
:109D70001306A00013050900938606FDEFF0DFE14E
:109D80009384140093050500E39284FE13048AFF74
:109D900033848A00832A410063563A03B3894941D8
:109DA000B3093401834604001306A000130509001B
:109DB000938606FDEFF05FDE1304140093050500A3
:109DC000E31234FF8320C101032481018324410174
:109DD000032901018329C100032A8100138505009D
:109DE00013010102678000001304A400130A90000D
:109DF0006FF09FFA930500006FF01FF4B706028022
:109E0000370502809386C626130600009305300DA1
:109E10001305852B23225101EF1090239307050092
:109E2000370701001305000063F6E7009397070169
:109E3000130500013707000163F6E70013058500ED
:109E4000939787003707001063F6E7001305450076
:109E5000939747003707004063EAE70093C7F7FF8F
:109E600093D7F7013305F50067800000939727002B
:109E700063CA070013971700634A0700130500021F
:109E8000678000001305250067800000130535007A
:109E900067800000832705001307050093F677000D
:109EA0006384060293F6170013050000639E060400
:109EB00093F627006388060A93D717002320F7003C
:109EC00013051000678000009396070193D60601E2
:109ED00013050000638E060693F6F70F63800606EF
:109EE00093F6F7006382060493F637006384060254
:109EF00093F61700639C060093D71700130515000F
:109F00006396070013050002678000002320F70016
:109F10006780000093D7270093F6170013052500EC
:109F2000E39606FE6FF05FFD93D7470093F6370088
:109F300013054500E39E06FA6FF0DFFD93D7870017
:109F400093F6F70013058500E39006FA6FF0DFFD46
:109F500093D7070193F6F70F13050001E39206F874
:109F60006FF0DFFD93D727002320F70013052000B3
:109F70006780000083274504130101FF232481002B
:109F80002322910023261100130405009384050069
:109F9000638C070203A5470063020506032705003B
:109FA00023A2E7008320C10003248100930710004F
:109FB000232A9500232605002328F5008324410049
:109FC0001301010167800000130610029305400091
:109FD000EF10900E2322A40493070500E31C05FA5A
:109FE000B7060280370502809386C6261306000056
:109FF000930550141305852BEF1090051306C0012F
:10A000009305100013050400EF10100BE30A05FC84
:10A01000930710002322F500930720002324F50066
:10A020006FF05FF8130101FE23282101232631017F
:10A0300003A9050183290601232A91002324410154
:10A04000232E1100232C8100138A0500930406009F
:10A05000634C3901138709009384050093090900B3
:10A06000130A06001309070083A7840083A5440090
:10A0700033842901B3A78700B385F500EFF05FA40F
:10A08000630E051A1303450193182400B308130146
:10A09000930703006378130123A007009387470009
:10A0A000E3EC17FF13084A01131E2900938E4401A5
:10A0B00093952900330EC801B385BE006376C8139B
:10A0C00093875401130F400063F0F516B7060100A3
:10A0D0009386F6FF6F00800193DF0F0163980F08EE
:10A0E00013084800130343006370C811832F08004E
:10A0F000B3F3DF00E38203FE93020300938F0E00AD
:10A100009304000083A70F0003A60200938242007D
:10A1100033F7D7003307770293D707013379D60097
:10A1200013560601938F4F00B38777023307270139
:10A1300033079700935407013377D700B387C700DD
:10A14000B3879700139607013367E60023AEE2FE5C
:10A1500093D40701E3E8BFFAB307E30123A0970014
:10A16000832F080093DF0F01E38C0FF60327030012
:10A170009302030013860E0093040700930300006C
:10A180008327060093D904013377D700B3F7D700AC
:10A19000B387F70383A4420093824200130646006C
:10A1A00033F9D400B3877700B3873701939307015E
:10A1B00033E7E30023AEE2FE0357E6FF93D7070140
:10A1C0003307F703330727013307F70093530701DA
:10A1D000E368B6FAB307E30123A0E70013084800D9
:10A1E00013034300E364C8F1634880006F008001FB
:10A1F0001304F4FF6308040083A7C8FF9388C8FF13
:10A20000E38807FE8320C101232885000324810100
:10A2100083244101032901018329C100032A81000C
:10A220001301010267800000B38795409387B7FE52
:10A2300093F7C7FF138F47006FF05FE9B7060280FF
:10A24000370502809386C626130600009305201664
:10A250001305852BEF10C05F130101FE232C810035
:10A260002328210123263101232E11009377360064
:10A27000130406009309050013890500639C070A6F
:10A2800013542440630A0406232A910083A409047A
:10A290006386040C937714006390070213541440F0
:10A2A000630A040403A5040063060506930405007D
:10A2B00093771400E38407FE1386040093050900D6
:10A2C00013850900EFF01FD6630009020327490038
:10A2D00083A7490413172700B387E70003A70700E4
:10A2E0002320E90023A0270113541440130905007B
:10A2F000E31A04FA832441018320C101032481016C
:10A300008329C1001305090003290101130101027A
:10A3100067800000138604009385040013850900FC
:10A32000EFF05FD023A0A4002320050093040500D4
:10A330006FF01FF89387F7FF370702801307072F87
:10A3400093972700B307F70003A6070093060000C2
:10A35000EFF09F84130905006FF09FF29305100042
:10A3600013850900EFF0CFF59304050063000502A3
:10A3700093071027232AF500930710002328F500E0
:10A3800023A0A904232005006FF0DFF0B7060280A8
:10A39000370502809386C6261306000093055014E5
:10A3A0001305852BEF10C04A130101FE2322510132
:10A3B00083AA050183A785002326310193595640BE
:10A3C000B38A5901232C8100232A910023282101DB
:10A3D00023244101232E110013891A0093840500C0
:10A3E0001304060083A54500130A050063D827015E
:10A3F0009397170093851500E3CC27FF13050A00F8
:10A40000EFF00FEC630C05101308450163543003A3
:10A410009389590093992900330735019307080060
:10A420009387470023AE07FEE39CE7FE9389C9FEAE
:10A430003308380183A80401938744011376F4019B
:10A4400093982800B38817016304060A9305000255
:10A45000B385C540130308009306000003A7070057
:10A4600013034300938747003317C7003367D700B0
:10A47000232EE3FE83A6C7FFB3D6B600E3E017FFA3
:10A48000938754011307400063EAF800B3879840AC
:10A490009387B7FE93F7C7FF138747003308E80099
:10A4A0002320D8006394060013890A0003A7440000
:10A4B00083274A048320C10113172700B387E700CD
:10A4C00003A70700232825010324810123A0E4001A
:10A4D00023A0970003290101832441018329C1009E
:10A4E000032A8100832A41001301010267800000D2
:10A4F00003A707009387470013084800232EE8FEB0
:10A50000E3F417FB03A707009387470013084800ED
:10A51000232EE8FEE3EE17FD6FF01FF9B706028069
:10A52000370502809386C626130600009305E01DBA
:10A530001305852BEF10C0310327050183A7050103
:10A54000130805003305F7406312F70493972700BB
:10A5500013084801938545013307F800B387F500D8
:10A560006F0080006374E8020326C7FF83A6C7FF5D
:10A570001307C7FF9387C7FFE306D6FE1305100036
:10A580006376D6001305F0FF678000006780000047
:10A5900003A7050183270601130101FF232481007E
:10A5A000232291002326110023202101138405007A
:10A5B00093040600B306F740631EF718939627002E
:10A5C0001386450113874401B307D6003307D7002C
:10A5D0006F008000637CF61883A5C7FF8326C7FF42
:10A5E0009387C7FF1307C7FFE386D5FE1309100043
:10A5F00063EAD50093870400130900009304040064
:10A600001384070083A54400EFF08FCB6306051A7F
:10A6100083A8040183220401938F4401139328002B
:10A62000130844019392220093054501370E01005F
:10A630002326250133836F00B3025800138F0500D2
:10A64000938E0F0093060000130EFEFF03A70E006B
:10A6500003260800130F4F00B377C701B373C60179
:10A66000B3877740B387D700135707011356060106
:10A6700093D607413307C7403307D7009316070126
:10A68000B3F7C701B3E7D70013084800232EFFFE36
:10A69000938E4E0093560741E36A58FA130754010C
:10A6A000338482401304B4FEB3B2E20013CF12002D
:10A6B00013542400130740006384020AB38FEF0091
:10A6C0003388E500B70E0100130E080013860F0053
:10A6D000938EFEFF63F46F0C83270600130E4E006B
:10A6E0001306460033F7D7013307D70093D5070188
:10A6F000135707413307B700B387D700B3F7D70124
:10A7000093160701B3E7D700232EFEFE93560741A9
:10A71000E36466FC1303F3FF3303F3411373C3FFD6
:10A7200033076800639A07008327C7FF9388F8FF01
:10A730001307C7FFE38A07FE8320C10003248100BB
:10A74000232815018324410003290100130101017D
:10A750006780000013091000E3DE06E86FF09FEA4F
:10A7600013071400131727006FF05FF5930500001F
:10A77000EFF00FB5630005068320C10003248100BC
:10A78000930710002328F500232A050083244100A5
:10A790000329010013010101678000001307000075
:10A7A00063160F003387E5006FF0DFF713172400FF
:10A7B0003387E5006FF01FF7B70602803705028088
:10A7C0009386C62613060000930550241305852B97
:10A7D000EF100008B7060280370502809386C62670
:10A7E00013060000930570231305852BEF10400618
:10A7F000B707F07FB3F5B700B707C0FCB385F50026
:10A80000930700006356B0001385070067800000BF
:10A81000B305B04093D545419307300163CCB700F1
:10A82000B7070800B3D5B7409307000013850700AA
:10A83000678000009385C5FE1307E00193071000B1
:10A840006346B700B7070080B3D7B7009305000091
:10A850001385070067800000130101FE232A910081
:10A8600083240501232C81001304450193942400C3
:10A87000B30494002328210103A9C4FF2326310136
:10A88000232441011305090093890500232E11009B
:10A89000EFF0CFD813070002B307A74023A0F900B9
:10A8A0009307A000138AC4FF63DCA708130655FFB3
:10A8B0006370440583A784FF630C0604B306C74096
:10A8C00033D7D7003319C9003369E900938584FF72
:10A8D0003707F03F3367E900B397C700637EB402E0
:10A8E00003A644FFB356D600B3E7D7006F00C002FB
:10A8F0009307B000630CF5003319C9003707F03F28
:10A900003367E900930700006F0000019307000020
:10A910003707F03F3367E9008320C1010324810139
:10A9200083244101032901018329C100032A8100F5
:10A9300013850700930507001301010267800000DB
:10A940009306B000B386A640B707F03F3357D9004F
:10A950003367F700930700006376440183A784FF01
:10A96000B3D7D700130555013319A900B367F90010
:10A970006FF09FFA130101FD232A5101938A05000C
:10A980009305100023229102232E3101232C410133
:10A99000232611022324810223202103930406008D
:10A9A000138A060093090700EFF08F9163020510E8
:10A9B0003707100013D944019307F7FF1379F97F84
:10A9C00013040500B3F7970063040900B3E7E70039
:10A9D0002326F10063920A061305C100EFF08FCB26
:10A9E0000327C1009304100023289400232AE400C5
:10A9F00093070502630809081309D9BC3309F90054
:10AA00009304500323202A013385F44023A0A90096
:10AA10008320C10213050400032481028324410220
:10AA2000032901028329C101032A8101832A4101EB
:10AA300013010103678000001305810023245101E5
:10AA4000EFF04FC50327C10093070500630E05040F
:10AA50000326810093060002B386A640B316D700F2
:10AA60003357A700B3E6C6002326E100B334E00065
:10AA700093841400232AD400232CE4002328940078
:10AA8000E31C09F6139724003307E40003250701AC
:10AA90009387E7BC2320FA00EFF04FB8939454005B
:10AAA0003385A4406FF09FF6832681006FF01FFC72
:10AAB000B7060280370502809386C626130600007B
:10AAC0009305F0301305852BEF009058130101FD1D
:10AAD00023202103138905009305810023261102F9
:10AAE0002324810223229102232E310193090500A0
:10AAF000EFF09FD6930405001384050013050900A9
:10AB00009305C100EFF05FD50327090183A7090171
:10AB10008326C100B387E74003278100939757003E
:10AB20003307D740B387E70013070500635EF002E1
:10AB300093974701338487009386050013850400AB
:10AB40009305040013060700EF10D0568320C102BE
:10AB50000324810283244102032901028329C101C4
:10AB6000130101036780000093974701B385F54007
:10AB70006FF09FFC130101FF232021012326110008
:10AB8000930770011309050063DAA70483A741C482
:10AB900083A581C4232481002322910003A4C1C47E
:10ABA00083A401C5138507001306040093860400DF
:10ABB000EF2040721309F9FF93070500E31409FE23
:10ABC000032481008320C100832441000329010064
:10ABD0001385070013010101678000003707028019
:10ABE000131935001307072F3307270183270701A0
:10ABF0008320C10083254701032901001385070035
:10AC00001301010167800000832606019385F5FF8B
:10AC100093D55540938515009307460193962600DA
:10AC200093952500B386D700B305B50063F8D70226
:10AC30001307050003A80700938747001307470081
:10AC4000232E07FFE3E8D7FEB387C6409387B7FEFE
:10AC500093F7C7FF938747003305F5006378B50086
:10AC600013054500232E05FEE36CB5FE678000004A
:10AC70000327050113D65540930645016352C702C9
:10AC800013172700B387E60063F2F60403A7C7FF94
:10AC90009387C7FFE30A07FE1305100067800000D3
:10ACA00093172600B387F600E350E6FE93F5F5010F
:10ACB000E38C05FC03A60700130510003357B6000C
:10ACC0003317B700E302E6FC6780000013050000BD
:10ACD00067800000130101FD232291022326110247
:10ACE000930406006388051E232481022320210388
:10ACF00013840500232E3101232A5101232C410105
:10AD000013090500EF904FB80327C4FF9387B400E1
:10AD100093066001930A84FF9379C7FF63F2F610EC
:10AD200013FA87FF63C2071063609A1063D2491356
:10AD3000B717028023248101138C079803268C0007
:10AD4000B3863A0183A746006308D61C13F6E7FFD3
:10AD50003386C6000326460013761600631A0614CF
:10AD600093F7C7FF3386F9006358460D1377170032
:10AD7000631C070223267101832B84FF23286101B2
:10AD8000B38B7A4103A74B001377C7FFB387E70064
:10AD9000338B3701635C4B33338BE90063584B29AA
:10ADA000032B0101832BC1009385040013050900C7
:10ADB000EF801FB293040500630805408327C4FF9A
:10ADC000130785FF93F7E7FFB387FA006386E7244D
:10ADD0001386C9FF9307400263E4C72E13073001AF
:10ADE000636AC72093070500130704008326070042
:10ADF00023A0D7008326470023A2D700032787007C
:10AE000023A4E7009305040013050900EF800FFC5D
:10AE100013050900EF908FA7032C81006F00C00677
:10AE2000130A0001E3749AF09307C0002320F9008D
:10AE3000930400006F00400583A7C60003A78600A7
:10AE4000032C8100930906002326F70023A4E700C2
:10AE500083A74A00B38649411306F00093F7170011
:10AE600033873A016362D608B3E7370123A2FA00B9
:10AE70008327470093E717002322F70013050900F3
:10AE8000EF90CFA093040400032481028320C10229
:10AE9000032901028329C101032A8101832A410177
:10AEA000138504008324410213010103678000001D
:10AEB00013771700E31A07EE23267101832B84FF13
:10AEC00023286101B38B7A4103A74B001377C7FF97
:10AED0006FF09FEC8320C10283244102930506009A
:10AEE000130101036F80DF9EB3E7470123A2FA003D
:10AEF000B3854A0193E6160023A2D50083274700B5
:10AF0000938585001305090093E717002322F700B6
:10AF1000EF80CFEB6FF09FF693F7C7FFB386370153
:10AF200013060A0163D0C62613771700E31E07E64F
:10AF300023267101832B84FF23286101B38B7A417F
:10AF400003A74B001377C7FFB387E700338B3701A5
:10AF5000E344CBE483A7CB0003A78B001386C9FF90
:10AF6000930640022326F70023A4E70093848B0076
:10AF700063E4C62813073001938704006372C70295
:10AF8000032704009307B00123A4EB000327440028
:10AF900023A6EB0063EAC7261304840093870B0102
:10AFA0000327040023A0E7000327440023A2E700AF
:10AFB0000327840023A4E70033874B01330B4B4165
:10AFC0002324EC0093671B002322F70083A74B0088
:10AFD0001305090093F71700B3E7470123A2FB000D
:10AFE000EF90CF8A032B0101832BC100032C81003A
:10AFF0006FF09FE9832604001307B0012320D500DA
:10B00000832644002322D500636EC71413078400EF
:10B01000930785006FF09FDD8327C5FF032C810018
:10B0200093F7C7FFB389F9006FF09FE283A7CB00C6
:10B0300003A78B001386C9FF930640022326F7005F
:10B0400023A4E70093848B0063E6C6101307300146
:10B0500093870400637CC702032704009307B001B1
:10B0600023A4EB000327440023A6EB0063F8C714D6
:10B070008327840023A8FB008327C40023AAFB00A6
:10B08000630CD60A1304040193878B010327040081
:10B0900023A0E7000327440023A2E700032784003E
:10B0A00023A4E70093090B00938A0B00032B0101F3
:10B0B000832BC100032C8100138404006FF05FD93F
:10B0C00093050400EFC09FF16FF0DFD383A7C600A4
:10B0D00003A786001386C9FF930640022326F700C4
:10B0E00023A4E70003A78B0083A7CB0093848B00E6
:10B0F0002326F70023A4E70063EEC60413073001FC
:10B1000093870400E374C7F8032704009307B00192
:10B1100023A4EB000327440023A6EB0063F0C70A37
:10B12000032784009307400223A8EB000327C400F1
:10B1300023AAEB00E318F6F40327040193870B021C
:10B140001304840123ACEB000327C4FF23AEEB0000
:10B150006FF0DFF39305040013850400EFC01FE8D0
:10B160006FF05FF4032784002324E5000327C40065
:10B170002326E5006304F60613070401930705017F
:10B180006FF0DFC6B38A4A01B386464123245C01CF
:10B1900093E7160023A2FA008327C4FF13050900D2
:10B1A0009304040093F71700B3E74701232EF4FE3E
:10B1B000EF80DFED032C81006FF01FCD13048400BE
:10B1C00093870B016FF09FEC13050900EF801FECD4
:10B1D00093040000032C81006FF01FCB8326040131
:10B1E00013078401930785012328D5008326440192
:10B1F000232AD5006FF09FBF930504001385040038
:10B20000EFC0DFDD6FF05FDB8327840023A8FB0046
:10B210008327C40023AAFB006308D600130404019B
:10B2200093878B016FF0DFD70327040193870B020D
:10B230001304840123ACEB000327C4FF23AEEB000F
:10B240006FF01FD683A7C1B867800700638405022B
:10B250009307F00F63E8C7002380C50013051000B3
:10B26000678000009307A0082320F5001305F0FF76
:10B27000678000001305000067800000130101FED5
:10B28000232C8100232A9100232E110083A7C1B80B
:10B29000130405009384060063820502E78007001B
:10B2A0009307F0FF6306F5028320C10103248101A7
:10B2B000832441011301010267800000130600008E
:10B2C00093054100E78007009307F0FFE31EF5FCBC
:10B2D00023A004009307A0088320C1012320F400C9
:10B2E00003248101832441011301010267800000CE
:10B2F000130101FE232C8100232A9100232E11002B
:10B3000083A401C783A7C1B813040600630A05021A
:10B3100013860500930604009305050013850400B9
:10B32000E78007009307F0FF630AF5028320C1015D
:10B33000032481018324410113010102678000007D
:10B3400093060600930541001306000013850400D0
:10B35000E78007009307F0FFE31AF5FC23200400C1
:10B360008320C101032481019307A00823A0F400D6
:10B370008324410113010102678000008397C50007
:10B38000130101F8232C8106232E110613F7270041
:10B3900013840500630407029387350423A0F50096
:10B3A00023A8F5009307100023AAF5008320C10706
:10B3B0000324810713010108678000008395E500DD
:10B3C000232A910623282107232631072324410716
:10B3D0009304050063C6050813068100EF00403B97
:10B3E000634E05068327C10037F90000B719000036
:10B3F0003379F900B7E7FFFF3309F9001339190072
:10B40000130A00409389098093050A0013850400FC
:10B41000EF800FCC8317C4006308050693E7070885
:10B420002320A4002328A4002316F400232A440187
:10B430006310090AB3E737018320C1072316F4001C
:10B440000324810783244107032901078329C106B7
:10B45000032A810613010108678000008317C400D6
:10B4600093F7070813090000638E0704130A00040A
:10B4700093050A0013850400EF808FC58317C4006D
:10B4800093090000E31C05F813F70720631E070467
:10B4900093F7C7FF93E72700130734042316F4003C
:10B4A0009307100083244107032901078329C1065C
:10B4B000032A81062320E4002328E400232AF40041
:10B4C0006FF0DFEE130A0040930900006FF0DFF326
:10B4D0008315E40013850400EF00C03163100502FA
:10B4E0008317C4006FF01FF5832441070329010768
:10B4F0008329C106032A81066FF05FEB8357C400DE
:10B5000093F7C7FF93E717009397070193D7074176
:10B510006FF05FF2130101F9232481061384050003
:10B520008395E50023229106232021072326110677
:10B53000930406001389060063CA050413068100FC
:10B54000EF000025634405040327C100B7F700009E
:10B550008320C106B3F7E70037E7FFFFB387E700B3
:10B560000324810693B717002320F9001307004036
:10B5700023A0E400371500008324410603290106B7
:10B580001305058013010107678000008357C4007D
:10B5900093F70708638807028320C1060324810606
:10B5A000930700002320F9001307000423A0E40000
:10B5B0000329010683244106130500001301010736
:10B5C000678000008320C106032481062320F90040
:10B5D0001307004023A0E400032901068324410649
:10B5E000130500001301010767800000130101FE2D
:10B5F000232C8100232A910023282101232E1100CE
:10B600001309050093840500130406006306050072
:10B610008327450363800716832784010317C4002B
:10B620002324F400937787006380070883270401AD
:10B63000638C0706232631019316270193F9F40F33
:10B6400093F4F40F63D8060803270400832644010B
:10B65000B307F74063D8D70A832684001306170080
:10B660002320C4009386F6FF2324D400230037014F
:10B6700003274401938717006302F70C8357C40024
:10B6800093F71700639A070C8329C1008320C10137
:10B69000032481010329010113850400832441014E
:10B6A00013010102678000009305040013050900DF
:10B6B000EFC00FC1631E05080317C4002326310124
:10B6C000832704019316270193F9F40F93F4F40FE1
:10B6D000E3CC06F68326440637E6FFFFB7250000D5
:10B6E0003367B7001306F6FFB3F6C6002316E4006F
:10B6F000032704002322D40683264401B307F7401E
:10B70000E3CCD7F49305040013050900EFB01FDC68
:10B71000631E05020327040083268400930710009C
:10B72000130617009386F6FF2320C4002324D400B9
:10B730002300370103274401E312F7F493050400C3
:10B7400013050900EFB09FD8E30005F48329C10079
:10B750009304F0FF6FF09FF39307A000E396F4F2D9
:10B760009305040013050900EFB05FD6E30E05F062
:10B770006FF0DFFDEF70CF906FF01FEA93070500C9
:10B7800003A501C713860500938507006FF01FE628
:10B79000130101FF13870500232481002322910058
:10B7A0001304050093050600130507002326110066
:10B7B00023A401C8EF405FD09307F0FF630CF500AE
:10B7C0008320C1000324810083244100130101016F
:10B7D0006780000083A781C8E38407FE8320C1003F
:10B7E0002320F4000324810083244100130101017C
:10B7F00067800000130101FF2324810023229100B0
:10B8000013040500138505002326110023A401C895
:10B81000EF401FD09307F0FF630CF5008320C100B9
:10B82000032481008324410013010101678000008B
:10B8300083A781C8E38407FE8320C1002320F4008E
:10B84000032481008324410013010101678000006B
:10B8500003A701C7130101FF938706001308060021
:10B86000232611008328C7009306050013870500CF
:10B870001386070063000802B70702809387C75149
:10B88000B70502809385C55213850800EF00C014E8
:10B89000EF00C01937F800809307C8C41308C8C464
:10B8A0006FF01FFE130101FF930606001306000050
:10B8B00023261100EFF0DFF9B3B7C502130101FF32
:10B8C0002326110023248100B385C5026390070A53
:10B8D000EF800F80130405006300050A0326C5FFEF
:10B8E000130740021376C6FF1306C6FF6368C7043A
:10B8F000930630019307050063F2C602232005007A
:10B90000232205009307B00163F8C7042324050030
:10B910002326050093070501630CE60623A0070014
:10B9200023A2070023A407008320C10013050400FD
:10B9300003248100130101016780000093050000CA
:10B94000EF704FE78320C10013050400032481003A
:10B9500013010101678000009307850023A0070001
:10B9600023A2070023A407006FF01FFCEF00800B49
:10B970009307C0002320F500130400008320C100BA
:10B9800013050400032481001301010167800000F6
:10B990002328050093078501232A05006FF01FF86F
:10B9A000130101FC1303C1022326D10293060300F5
:10B9B000232E11002328E102232AF102232C010364
:10B9C000232E110323266100EFA09F808320C10155
:10B9D0001301010467800000130E0500130101FC30
:10B9E00003A501C7130381022324C1022326D10228
:10B9F000138605009306030093050E00232E110005
:10BA00002328E102232AF102232C0103232E110310
:10BA100023266100EFA0CFFB8320C10113010104A5
:10BA20006780000003A501C767800000130101FFC4
:10BA30001305600023261100EF00802A1305100073
:10BA4000EF409FA48327851163860700130500003C
:10BA500067800000130101FF930500082324810083
:10BA60002326110013040500EF709FE6232CA41079
:10BA7000630405029307050823200500130545000C
:10BA8000E31CF5FE130500008320C10003248100A0
:10BA900013010101678000001305F0FF6FF0DFFE66
:10BAA000130101FE232A9100232E11009307F001B8
:10BAB0009304050063ECB70283278511232C8100D2
:10BAC00013840500638C070213142400B3878700D6
:10BAD0000324810103A5070023A0C7008320C1011F
:10BAE0008324410113010102678000009307600174
:10BAF0002320F5001305F0FF6FF05FFE93050008AB
:10BB00002326C100EF70DFDC23ACA4100326C100A4
:10BB1000930705001307050093060508630A05004F
:10BB20002320070013074700E31CD7FE6FF0DFF95F
:10BB3000032481011305F0FF6FF05FFA130101FF89
:10BB400023229100232611009307F001930405009E
:10BB500063E0B70A8327851123248100138405003D
:10BB60006384070413972500B387E70003A7070042
:10BB7000630C070293061000630CD7009306F0FFD6
:10BB80006308D70423A0070013850500E70007001A
:10BB900003248100130500008320C1008324410099
:10BBA000130101016780000013850400EF00C0430A
:10BBB00013060400032481008320C10093050500BF
:10BBC0001385040083244100130101016F00803BB1
:10BBD000032481008320C100930760012320F50026
:10BBE0008324410013051000130101016780000048
:10BBF000930760012320F5001305F0FF6FF0DFF9D4
:10BC00009307F00163EAB70C83278511130101FF45
:10BC10002324810023229100232611001384050090
:10BC2000930405006380070813172400B387E70017
:10BC300003A70700630C07029306F0FF6300D70613
:10BC4000930610006300D7041305040023A0070027
:10BC5000E7000700130500008320C10003248100D2
:10BC60008324410013010101678000008320C1008B
:10BC700003248100832441001305100013010101F6
:10BC8000678000008320C1000324810083244100D9
:10BC90001305300013010101678000001305200027
:10BCA0006FF09FFB93050008EF709FC223ACA410B8
:10BCB00093070500630E05001307050093060508AA
:10BCC0002320070013074700E31CD7FE6FF0DFF5C2
:10BCD0001305F0FF6FF05FF81305F0FF67800000B9
:10BCE000130101FF23229100232611009307F00185
:10BCF00083A401C763EEA70883A7841123248100CE
:10BD0000130405006382070413172500B387E700B7
:10BD100003A70700630A070293061000630AD7000F
:10BD20009306F0FF6306D70423A00700E70007008F
:10BD300003248100130500008320C10083244100F7
:10BD4000130101016780000013850400EF00C02982
:10BD500013060400032481008320C100930505001D
:10BD60001385040083244100130101016F00802129
:10BD7000032481008320C1009307600123A0F40005
:10BD800013051000832441001301010167800000A6
:10BD90009307600123A0F4001305F0FF6FF0DFF9B3
:10BDA000130101FF23202101232611009307F00135
:10BDB00003A901C763E2A70423248100130405003B
:10BDC000032589112322910093840500630E050247
:10BDD00013142400B307850003A507000324810082
:10BDE00023A09700832441008320C1000329010080
:10BDF0001301010167800000930760012320F9000F
:10BE00001305F0FF6FF05FFE9305000813050900AE
:10BE1000EF701FAC232CA91093070500130705082A
:10BE2000630A050023A0070093874700E31CF7FE81
:10BE30006FF01FFA03248100832441001305F0FFF3
:10BE40006FF09FFA130101FF2324810003A401C7AF
:10BE50002326110083278411638C0700130500003B
:10BE60008320C100032481001301010167800000C9
:10BE70009305000813050400EF709FA5232CA41060
:10BE8000630C0500930705082320050013054500F2
:10BE9000E31CF5FE6FF09FFC1305F0FF6FF05FFCF5
:10BEA000130101FF23229100232611009307F001C3
:10BEB00083A401C763E4A70C83A784112324810012
:10BEC000130405006382070813172400B387E700F3
:10BED00003A70700630C07029306F0FF6300D70671
:10BEE000930610006300D7041305040023A0070085
:10BEF000E700070003248100130500008320C10030
:10BF000083244100130101016780000003248100A4
:10BF10008320C10083244100130510001301010197
:10BF200067800000032481008320C1008324410036
:10BF30001305300013010101678000000324810014
:10BF4000130520006FF09FFB930500081385040084
:10BF5000EF701F9823ACA41093070500630E050033
:10BF60001307050093060508232007001307470061
:10BF7000E39CE6FE6FF05FF5032481001305F0FFFC
:10BF80006FF0DFF7130101FF138705002324810001
:10BF900023229100130405009305060013050700F2
:10BFA0002326110023A401C8EF404FD79307F0FFC9
:10BFB000630CF5008320C100032481008324410029
:10BFC000130101016780000083A781C8E38407FE95
:10BFD0008320C1002320F400032481008324410036
:10BFE00013010101678000006F400FD1B7071000F7
:10BFF000130101FE938EF7FF33F8BE00B3F7DE00A6
:10C0000013D346012328210113D945019397370003
:10C01000232C81001318380013D4F5011357D501D0
:10C020009358D6011379F97F1373F37F232E1100F0
:10C03000232A91002326310193D6F601B3E8F800B4
:10C040003367070193153500131F3600B3076940A6
:10C050006304D41E6352F016630603289306F07F30
:10C060006306D942930680031306100063CEF602DE
:10C07000B7068000B3E8D8009306F00163CEF6520D
:10C0800093060002B386F6403396D8003355FF007E
:10C09000B316DF003366A600B336D000B3D8F8007D
:10C0A0003366D600330717413386C540B3B5C500A4
:10C0B00093040600B309B7409397890063DA073207
:10C0C000B70780009387F7FFB3F9F9006388092C5D
:10C0D00013850900EF201001930785FF93060002E6
:10C0E0003387F64033D7E400B399F900336737015B
:10C0F000B394F40063C8274BB38727419387170095
:10C10000B386F6403396D400B3D9F4003336C0007A
:10C1100033663601B316D700B3E4C600B359F7004F
:10C120001309000093F774006380070293F7F4008B
:10C1300013074000638AE7009387440033B69700F3
:10C14000B389C900938407009397890063DA076E67
:10C15000930719001307F07F130E04006386E72A84
:10C16000370780FF1307F7FF33F7E90093F7F77FEF
:10C170001318D70113D63400131797003368C8007B
:10C180001357C7008320C1010324810193974701FE
:10C19000B3E7E7001317FE01B3E7E700832441018B
:10C1A000032901018329C1001305080093850700B5
:10C1B0001301010267800000638C0714B307234159
:10C1C0006312093C3365B7006304054C1385F7FF20
:10C1D000630205601308F07F6386075793078003A7
:10C1E0001306100063CCA702930705001306F001A5
:10C1F000634CF656130500023305F5403316A700CD
:10C2000033D8F5003395A500336606013335A00019
:10C210003357F7003366A600B388E8403306CF40B3
:10C220003337CF0093040600B389E84013090300B5
:10C23000138406006FF05FE86350F01E6310031470
:10C24000B3E6E801638C06269386F7FF6380064811
:10C250001306F07F638CC7229307800393091000B5
:10C2600063CCD702938706009306F00163C0F64AB9
:10C2700093060002B386F640B399D8003356FF0008
:10C28000B316DF00B3E9C900B336D000B3D8F80065
:10C29000B3E9D90033071701B385B900B3B9350144
:10C2A00093840500B389E9009397890063D207144A
:10C2B000130919009307F07F630CF936B70780FF65
:10C2C0009387F7FF13F61400B3F7F90013D71400A0
:10C2D0003367C7001396F701B364E60093D91700DC
:10C2E0006FF05FE4B3E6E801638A061C9386F7FF0C
:10C2F000638006401306F07F638AC71893078003A4
:10C3000013061000E3C2D7DA938706006FF0DFD67A
:10C31000130819001378E87F631C08223363B70001
:10C3200033E8E80163100938630E034663060840EA
:10C33000B389E54133B53501330617413306A640CD
:10C3400013158600635E0550B305BF403387E84090
:10C35000333FBF003307E74113168700938405007E
:10C36000635E0652B70780FF9387F7FF3377F700C6
:10C37000138E0600930710006FF09FDF9306F07F87
:10C380006306D9109306800393091000E3C6F6F004
:10C39000B7068000B3E8D8006FF01FED13850400E6
:10C3A000EF204054930785019306F001E3D8F6D2BD
:10C3B000130785FF3397E40063C62723338927419A
:10C3C0009307190063D6F648130919FE9306000275
:10C3D000B3542701638CD70093060004B387F6405B
:10C3E0003317F7003337E000B3E4E400130900002B
:10C3F00093F77400E39C07D29307090013D6340027
:10C40000138709006F00000C9307F07F13070000EB
:10C41000130800006FF01FD7638A070CB30723418E
:10C420006302091E9306F07F6308D33293068003EC
:10C430009309100063CEF602B70680003367D70079
:10C440009306F00163C8F63C93060002B386F640FB
:10C45000B319D70033D6F500B396D500B3E9C900B8
:10C46000B336D0003357F700B3E9D900B388E800FA
:10C470003387E901B339370193040700B389190100
:10C48000130903006FF05FE2631008021316350012
:10C49000135636001318D7013368C80013573700F6
:10C4A0003367070163060718130E00009307F07F38
:10C4B00037070800130800006FF0DFCC13163500B3
:10C4C000135636001318D7019306F07F3368C8005F
:10C4D00013573700E386D7FC1317C7001357C7005D
:10C4E00093F7F77F130E04006FF0DFC9930619006E
:10C4F00013F8E67F63180814B366B700631C0928B5
:10C5000063820630B3E6E80163880622B387E5015B
:10C51000B3B5B700330717013307B70013D8370097
:10C5200093178700130E040063DE0734B70780FFFC
:10C530009387F7FF3377F7009317D7011357370027
:10C5400033E807013377D701930710006FF09FC3DB
:10C550003388E541B3B70501B3091741B389F94001
:10C56000939789009304080063C607103368380165
:10C57000E31E08B4130E0000930700001307000029
:10C580006FF05FC01305F07F630EA31A13058003DD
:10C5900013061000E344F5C8370680003367C70070
:10C5A0006FF0DFC4B70980FF9389F9FF3309F940C1
:10C5B000B37937016FF01FB7938607FE13060002A9
:10C5C000B3D6D800638AC70013060004B307F64049
:10C5D000B397F800336FFF003336E0013366D600BF
:10C5E0006FF09FACB70680FF9386F6FFB307F94064
:10C5F0003377D7001318D701336838011357370042
:10C600006FF09FEDB366B7006386061E9386F7FF53
:10C61000638E060A1305F07F6380A71493078003D7
:10C6200093091000E3C6D7E4938706006FF05FE13B
:10C63000130E04009307F07F130700001308000097
:10C640006FF05FB49307F07FE384F6FE338FE5016C
:10C65000B335BF00B3071701B387B7001396F701CF
:10C66000135F1F00B364E60193D917001389060016
:10C670006FF05FAB3306BF40B387E8403337CF007E
:10C6800093040600B389E740138406006FF01FA4EB
:10C69000131636001356360013840600138708005D
:10C6A0006FF05FE2E31203DE6306081C13D7380065
:10C6B000131636009398D8013367170113563600C6
:10C6C0003367C700138406006FF0DFDD338FE501A9
:10C6D000B3081701B335BF00B389B8009397890039
:10C6E00093040F0063D4070E130920006FF01FBDE1
:10C6F000338FE541B3081741B3B5E50193040F004B
:10C70000B389B840130910006FF01F9B938607FE92
:10C7100013060002B3D6D800638AC70013060004CC
:10C72000B307F640B397F800336FFF00B339E00169
:10C73000B3E9D9006FF05FB6131635009359360090
:10C740006FF05FEB131636001356360013840600A5
:10C75000138708006FF01FD41316360013563600E7
:10C76000138708006FF01FD3138507FE130600021E
:10C770003355A700638AC70013060004B307F640C9
:10C78000B317F700B3E5F5003336B0003366A60003
:10C790006FF0DFA8E38206FC33EFE801E3160FD069
:10C7A0006FF0DFCEE30808DC131836009397D8014A
:10C7B0001358380013D738003368F8003377D7019F
:10C7C000138E0600930700006FF0DF9B93071000A5
:10C7D0006FF0DFC2B305BF40B388E8403337BF0016
:10C7E00093840500B389E840138406001309100000
:10C7F0006FF09F8C1316360013563600138708000F
:10C800006FF05FCC1316360093593600138708007B
:10C810006FF05FDE938607FE13060002B356D70063
:10C82000638AC70013060004B307F640B317F70086
:10C83000B3E5F500B339B000B3E9D9006FF05FC3D9
:10C8400013D6340093070900138709006FF09FC7C0
:10C8500093060002B386F640130600006FF05F8B6C
:10C8600033E8C900E30808D093D93900130706005C
:10C870006FF05FD8130E00009307F07F37070800B2
:10C880006FF05F909317D7011357370033E8070114
:10C890003377D701930700006FF0DF8E1318D701AD
:10C8A00093D535003368B80013573700138406005A
:10C8B0006FF09FC2130101FD232E310193D9450171
:10C8C000232481022322910223202103232C4101CE
:10C8D000232671019394C50023261102232A5101B6
:10C8E000232861012324810193F9F97F13040500B2
:10C8F000930B06001389060093D4C40013DAF501E4
:10C90000638A09189307F07F6388F90893943400C9
:10C910009357D501B3E7970037078000B3EAE700E4
:10C92000131B3500938919C093040000130C0000F9
:10C93000935749011314C90093F7F77F1354C400A8
:10C940001359F901638207081307F07F638AE71818
:10C950001314340013D7DB0133678700938717C0A4
:10C96000370480003364870093983B00B389F94013
:10C97000130600001307F000B3462A0163649724EE
:10C98000B7070280939424009387C755B384F400BB
:10C9900003A7040067000700B3EAA400639E0A1C13
:10C9A000935749011314C90093F7F77F130B000045
:10C9B000930480009309F07F130C20001354C400EB
:10C9C0001359F901E39207F8B36874016382081CF4
:10C9D000630A044A13050400EF10D07093070500A2
:10C9E000930655FF1307D001938887FF3307D7407D
:10C9F0003314140133D7EB0033648700B3981B0161
:10CA0000B38737019389373F130600006FF09FF615
:10CA10003307F74013068003635AE64E930700007E
:10CA200013060000130700008320C10203248102C3
:10CA300093974701B3E7C7009396F601B3E7D70092
:10CA400083244102032901028329C101032A8101B0
:10CA5000832A4101032B0101832BC100032C810098
:10CA60001305070093850700130101036780000089
:10CA70009307F07F13060000130700006FF0DFFA42
:10CA8000930600009307F07F3706080013070000A5
:10CA90006FF09FF9B3EAA400638C0A106388044026
:10CAA00013850400EF10106413070500930655FF6B
:10CAB0009307D001130B87FFB387D740B39464016A
:10CAC000B357F400B3EA9700331B64019309D0C055
:10CAD000B389E94093040000130C00006FF05FE598
:10CAE000B368740193891980639C080A93E4240055
:10CAF00013040000130620006FF0DFE713090A009B
:10CB000013840A0093080B00930720006308FC4E6F
:10CB100093073000E306FCF6930710009306090024
:10CB2000E30EFCEE9387F93F6356F02A13F7780083
:10CB30006316074A13177400635A0700B70700FF0C
:10CB40009387F7FF3374F400938709401307E07F5E
:10CB5000E340F7F293D838001317D401131694006A
:10CB6000336717011356C60093F7F77F6FF0DFEBBB
:10CB7000130C06006FF05FF9938A0400130B050095
:10CB80009304C0009309F07F130C30006FF05FDA5C
:10CB900093E4140013040000130610006FF09FDDEF
:10CBA00093E4340093880B00130630006FF09FDC91
:10CBB000130B00009304400093090000130C1000B5
:10CBC0006FF01FD76364542B63808A2A13030B0012
:10CBD0009389F9FF93870A00130B00001317840051
:10CBE0001355070133D4A70213D688013366E60034
:10CBF0001318060113580801939588001357030171
:10CC0000B3F7A702B308880293970701B367F70049
:10CC100063FA1701B307F6001307F4FF63F0C72E9A
:10CC200013040700B3871741B3D8A70213170301F2
:10CC300013570701B3F7A702B30F18039397070120
:10CC40003367F700637AF7013307E6009387F8FF4D
:10CC5000637EC7289388070013140401B7020100FC
:10CC6000336414011383F2FFB3786400935E04010C
:10CC700013DE050133F36500330F13033307F74168
:10CC8000B3081E0393570F01B38F6E02B388F801E8
:10CC9000B3871701B38ECE0363F4F701B38E5E0042
:10CCA000B70F0100938FFFFF93D80701B3F7F70188
:10CCB00093970701337FFF01B388D801B387E7015A
:10CCC000636E1717630A1717B307FB403307174143
:10CCD000333BFB00330767416300E62EB358A702DE
:10CCE00093DE07013377A702330F180313170701E9
:10CCF00033E7EE00637EE7013307E600938EF8FF2B
:10CD0000636AC72E6378E72F9388E8FF3307C7006D
:10CD10003307E741B35EA7029397070193D7070153
:10CD20003377A7023308D80313170701B3E7E700E7
:10CD300063FE0701B307F6001387FEFF63E8C72A07
:10CD400063F6072B938EEEFFB387C7009398080115
:10CD5000B3E8D8011395080113DF08011355050145
:10CD6000B30E6502B38707413305AE0213D70E0138
:10CD700033036F02330565003307A700330EEE035C
:10CD80006376670037050100330EAE0037080100F7
:10CD90001308F8FF1355070133770701131707012D
:10CDA000B3FE0E013305C5013307D70163F2A712A5
:10CDB000B307F6001383F8FF1388070063E4C71C6A
:10CDC00063E8A7246386A7269308030093E8180066
:10CDD0006FF05FD513071000E39C07C29389E94108
:10CDE000B3973801B337F000B3193401B3E7370113
:10CDF000B3D8E800B3E8F80093F778003354E400C0
:10CE00006380070293F7F80013074000638AE70086
:10CE100093874800B3B817013304140193880700BF
:10CE200093158400930710001306000013070000F9
:10CE3000E3CC05BE6F004013E378FBE8B30EBB0004
:10CE400033BF6E01B30FCF003307F701138B0E0012
:10CE5000930FF4FF6374E60863621715638EE8129C
:10CE600013840F006FF05FE6E3621BD713571B00BC
:10CE70001393FA0193D71A003363E300131BFB01EA
:10CE80006FF0DFD513850B00EF10D0259306550109
:10CE90001307C00193070502E356D7B4130585FFB6
:10CEA000930800003394AB006FF09FB5EF10902310
:10CEB000930655019307C00113070502E3DAD7BEB5
:10CEC000930785FFB31AF400130B00006FF01FC027
:10CED000E39EA7EEE30807C46FF09FEDE312E6F8C8
:10CEE000E30C0FF613840F006FF01FDEE374F7D727
:10CEF0009388E8FF3307C7006FF01FD6E3F217D31C
:10CF00001304E4FFB387C7006FF0DFD11306F0010D
:10CF1000E356E6EC130610FEB307F64013060002D4
:10CF2000B357F4006308C7009389E943B319340188
:10CF3000B3E83801B3381001B3E8F80013F778000C
:10CF4000130600006308070293F7F8001307400078
:10CF500013040000638AE70093874800B3B8170101
:10CF60003334100193880700131694001317D4016B
:10CF70001356C60093D8380033E7E8009307000043
:10CF80006FF09FAA93080300E312A8E4E30CB7B87C
:10CF900093E818006FF01FB9E3F4FEECB38ED501EF
:10CFA00033BFBE00330FCF001304E4FF138B0E001A
:10CFB0003307E7016FF05FD1130720C09387F93F74
:10CFC0009308F0FFE3C8E9E013874800B33817017E
:10CFD00033041401930807006FF0DFB513F7F8006E
:10CFE00013064000E308C7B46FF01FFE930E07005E
:10CFF0006FF0DFD593880E006FF09FD19306090084
:10D000009307F07F13060000130700006FF0DFA105
:10D01000139315003338B3003308C8003388070171
:10D020009388E8FF93050300E302A8F66FF01FDA88
:10D03000E3E0E5FE93080300E31CB7F46FF09FAE56
:10D0400013D74501B70710009387F7FF13D84601A0
:10D050001377F77F1303F07F33FEB70093080500C3
:10D06000B3F7D70093D5F5011378F87F93D6F6017F
:10D0700013051000630C6700630868006314070160
:10D080006306FE026780000067800000E31CE8FE84
:10D09000B367FE00B3E7C700B3E71701E39407FEE9
:10D0A000B385D5403335B00067800000E39CC8FCF1
:10D0B000638AD500E31807FC336E1E013335C001C7
:10D0C00067800000130500006780000093D84501C9
:10D0D000B70710009387F7FF13D7460193F8F87F3F
:10D0E000130EF07F33F3B70013080500930E05000D
:10D0F000B3F7D70093D5F501130F06001375F77F2B
:10D1000093D6F6016388C8056304C503639A0806CD
:10D11000336803016310050633E6C700630C060895
:10D120006312080A13051000638206086780000076
:10D1300033E6C700631406086396080033630301EF
:10D14000E30203FE6380D506639205061305100013
:10D15000678000003363030163120306E31615FFC3
:10D16000B3E7C700639C0704E390D5FE13050000F6
:10D1700067800000E30808FAE398D5FC6F0080029E
:10D18000E30405FCE392D5FCE34015FD63CCA80065
:10D19000E3EC67FA6318F300E368DFFB13050000B4
:10D1A000E3F6EEF913051000E39205F81305F0FF1E
:10D1B00067800000E31A08F8678000001305E0FFAD
:10D1C00067800000E386D5FC6FF01FF893D8450117
:10D1D000B70710009387F7FF13D7460193F8F87F3E
:10D1E0001303F07F33FEB70013080500930E05000C
:10D1F000B3F7D70093D5F501130F06001375F77F2A
:10D2000093D6F601638A680463046502639808068E
:10D2100033680E01631E050833E6C7006304060A7F
:10D220006316080A13051000638006086780000073
:10D2300033E6C70013052000E31A06FE63960800D4
:10D24000336E0E01E3000EFE638CD504639E05046D
:10D250001305100067800000336E0E0163100E0688
:10D26000E31615FFB3E7C70013052000E39007FCA2
:10D27000E39ED5FC1305000067800000E30805FC71
:10D28000E396D5FCE34415FD63CCA800E3E0C7FDBD
:10D290006318FE00E36CDFFB13050000E3F8EEF912
:10D2A00013051000E39405F81305F0FF67800000F4
:10D2B000E30A08F6E39CD5F86FF09FFE1305200003
:10D2C00067800000E31408F867800000E380D5FC65
:10D2D0006FF0DFF7130101FD93D74501232481028D
:10D2E0002322910223202103232E3101232A5101DD
:10D2F0009394C50023261102232C410123286101A8
:10D30000232671012324810193F7F77F130405007D
:10D31000930A06009389060093D4C40013D9F5013B
:10D32000638407421307F07F6386E70A939634000D
:10D330001357D5013367D700B7068000B364D70011
:10D34000131A3500138C17C0130B0000930B000049
:10D3500093D749011397C90093F7F77F138F0A00FA
:10D360001354C70093D9F9016380070A1307F07FAC
:10D37000638EE7141317340093D5DA01B3E5E500A3
:10D38000938717C03707800033E4E500139F3A0006
:10D39000B3888701130300001307A000138518004A
:10D3A000634C670BB34539019307200013880500D0
:10D3B00063C66715130BFBFF130710006360671745
:10D3C000630AF33C93040400130A0F00930B030059
:10D3D0006F00C00933EAA40063180A3C93D74901DF
:10D3E0001397C90093F7F77F93040000130B800095
:10D3F000130CF07F930B2000138F0A001354C70007
:10D4000093D9F901E39407F6B36754016382073CAB
:10D410006300044A13050400EF10C04C9308050094
:10D42000130755FF9307D001138F88FFB387E74099
:10D43000B3D7FA003317E40133E4E700339FEA017E
:10D44000B3081C419388D8C01307A0001303000041
:10D4500013851800E35867F593050900930720002A
:10D46000638AFB3293073000638CFB4893071000FC
:10D4700013880500639AFB4693070000930600009B
:10D48000130700008320C102032481029397470100
:10D49000B3E7D7009316F801B3E7D700832441021E
:10D4A000032901028329C101032A8101832A410141
:10D4B000032B0101832BC100032C810013050700FE
:10D4C000938507001301010367800000336754014F
:10D4D0009308FC7F630A073037170000334839018F
:10D4E00013070780136B3B009306A0009305080009
:10D4F0003305EC0063C066391303300013061000D7
:10D500003316660113770653E31A07F4937706245C
:10D510006394073C137686086312062EB70F01004A
:10D52000938EFFFFB377DA0193560A01B37EDF01D2
:10D53000135E0F013387D7033383D6039355070157
:10D540003306FE0233066600B385C500338FC6037B
:10D5500063F46500330FFF01B70301001386F3FF87
:10D5600033F3C500935F04013377C7003374C400FD
:10D5700013130301B38287023303E30093D505013C
:10D580003387860213D60201B387FF02B387E70011
:10D590003306F600B387F6036374E600B3877700BB
:10D5A000370901009309F9FF3377360193D304015A
:10D5B000B3F63401B3F2320113170701B384DE026C
:10D5C00033075700135606013306F600B385E5000E
:10D5D000B302DE0293D70401B38ED303B382D20128
:10D5E000B3875700330E7E0263F4D701330E2E014A
:10D5F000B7090100938EF9FFB3F2D70193D7070162
:10D60000B387C701B3FED401939202013309D40258
:10D61000B382D20133848302135E0901B386DF0231
:10D62000B3868600330EDE00B38E7F0263748E00F5
:10D63000B38E3E01B70F0100938FFFFFB376FE015B
:10D64000939606013379F901B385E501B386260186
:10D650003386C60033B7E5003307E600338F550045
:10D66000B307F700B335BF00B385B700B336D600B4
:10D670003336C700B3E6C60033B7E700135E0E01CA
:10D68000B3B7F500B386C6013367F70093179F0061
:10D690003307D700B3E767003307D701B337F0008C
:10D6A00013567F011317970093D67501B3E7C70090
:10D6B0009395950033EAB70093177700B364D700CA
:10D6C00063D0070213571A0093771A009396F40158
:10D6D000B367F70033EAD70093D41400930805002A
:10D6E0001386F83F6356C01293777A00638007026F
:10D6F0009377FA0013074000638AE70013074A0094
:10D70000B3374701B384F400130A070093977400FA
:10D7100063DA0700B70700FF9387F7FFB3F4F4005D
:10D72000138608409307E07F63C4C71C93573A00F1
:10D730001397D401939694003367F70093D6C600ED
:10D740009377F67F6FF01FD433EAA40063080A06CC
:10D75000638E041213850400EF10C0181306050031
:10D76000930655FF1307D001930786FF3307D74071
:10D770003357E400B396F400B364D700331AF400CF
:10D780009307D0C0338CC740130B0000930B0000ED
:10D790006FF01FBC138805009307F07F930600000D
:10D7A000130700006FF01FCE130A0500130BC00013
:10D7B000130CF07F930B30006FF09FB993040000BF
:10D7C000130B4000130C0000930B10006FF05FB8B8
:10D7D000136B1B0093080C0013040000130F0000D0
:10D7E000130310006FF05FBB136B2B0013040000DA
:10D7F000130F0000130320006FF01FBA93040400FE
:10D80000130A0F00930B0300938509006FF01FC5E7
:10D8100013071000631006109388E84133161A01AD
:10D820003336C000B3981401B357EA0033661601CB
:10D830003366F60093777600B3D5E4006380070281
:10D840009377F60013074000638AE70093074600CA
:10D8500033B6C700B385C50013860700139585004E
:10D86000930710009306000013070000E34C05C067
:10D870006F00C0101307F0006310EB1213080000D4
:10D88000B7060800130700006FF0DFBFEF10800538
:10D89000930655019307C00113060502E3D4D7ECA4
:10D8A000130585FF130A0000B314A4006FF05FEDA9
:10D8B00013850A00EF100003130755019307C001F9
:10D8C00093080502E3D0E7B6130585FF130F0000A8
:10D8D0003394AA006FF0DFB6130800009307F07FBF
:10D8E000B70608006FF01FBA930805006FF05FDFFE
:10D8F0009307F07F93060000130700006FF09FB8B6
:10D90000130800009307F07FB70608001307000014
:10D910006FF05FB73307C74093078003E3CEE7B4E8
:10D920009307F001E3DAE7EE930710FEB387C740F1
:10D9300093060002B3D7F4006308D7009388E84346
:10D94000B3981401336A1A01333640013366F60086
:10D950001377760093060000630807029377F600BA
:10D960001307400093050000638AE7009307460011
:10D9700033B6C700B335C0001386070093969500F1
:10D980001397D50193D6C600135636003367E600C9
:10D99000930700006FF01FAF93040400138A0A007E
:10D9A000930B3000938509006FF05FABB707100051
:10D9B0009387F7FF130101FEB3F8B70033F8D700E0
:10D9C00093D7460193983800232C810023263101F8
:10D9D00013D4F50193D945011357D5011318380015
:10D9E0009355D601232E1100232A910023282101CB
:10D9F00013FFF77F1303F07F3367170193F9F97F64
:10DA0000130E04009318350093D6F601B3E5050113
:10DA1000931E3600630C6F2093C61600B387E9414E
:10DA20006302D416E35AF000630A0F246384693C4E
:10DA3000930680031305100063CEF602B70680003C
:10DA4000B3E5D5009306F00163C4F64E93060002D9
:10DA5000B386F6403395D50033D6FE00B396DE008C
:10DA60003365C500B336D000B3D7F5003365D500B4
:10DA70003307F7403385A84033B6A8009304050068
:10DA80003309C7409317890063D80734B70780006C
:10DA90009387F7FF3379F9006306092E1305090010
:10DAA000EF005064930785FF930600023387F6402A
:10DAB00033D7E4003319F90033672701B394F40036
:10DAC00063C4373FB387374193871700B386F64067
:10DAD0003396D40033D9F4003336C0003366C9001E
:10DAE000B316D700B3E4C6003359F700930900001A
:10DAF00093F774006380070293F7F4001307400064
:10DB0000638AE7009387440033B597003309A9007F
:10DB1000938407009317890063D0076C93871900DB
:10DB20001307F07F6386E724370780FF1307F7FFAB
:10DB30003377E90093F7F77F1318D70113D5340033
:10DB4000131797003368A8001357C700137E1400FB
:10DB50008320C1010324810193974701B3E7E700C4
:10DB60001317FE01B3E7E7008324410103290101F4
:10DB70008329C100130508009385070013010102E2
:10DB8000678000006352F07063160F1CB3E6D50186
:10DB9000638E06269386F7FF63880646638C6724A8
:10DBA000930780031309100063CCD7029387060004
:10DBB0009306F00163CAF64893060002B386F64066
:10DBC0003399D50033D6FE00B396DE003369C90021
:10DBD000B336D000B3D7F5003369D9003307F70067
:10DBE0003306190133392601930406003309E9008D
:10DBF0009317890063D2071E938919009307F07F5A
:10DC00006388F916B70780FF9387F7FF13F51400B1
:10DC1000B377F90013D714003367A7001395F70102
:10DC2000B364E50013D917006FF09FEC33E8D5011A
:10DC30001383198063080806630AD4066304030E7D
:10DC4000638E09261315360013553500138406001C
:10DC5000138705001318D7013368A800135737003E
:10DC60003367070163060710130E00009307F07F68
:10DC700037070800130800006FF09FEDB3E6D501E9
:10DC8000638606189386F7FF6382063A63846716F5
:10DC90009307800313051000E3CED7DC93870600BB
:10DCA0006FF05FDA93C61600E31AD4F8630803181E
:10DCB0006390092C9307F07FB366170163880648C9
:10DCC0009386F7FF638206341305F07F6382A72AE9
:10DCD000930780031309100063CAD7029307F0016A
:10DCE00063C6D74C93070002B387D7403319F700B8
:10DCF00033D6D800B397F8003369C900B337F000C2
:10DD0000B356D7003369F900B385D5003307D9017D
:10DD100033392701930407003309B90093090F0031
:10DD20006FF01FED9387190093F7E77F6394071453
:10DD300033E8D501B36717016394092A638E073866
:10DD40006310083C13153500135935009307000084
:10DD50006F0040116380690A930680031309100065
:10DD6000E3C0F6E8B7068000B3E5D5006FF05FE4E6
:10DD7000137E14009307F07F1307000013080000C0
:10DD80006FF01FDD13850400EF00D0359307850188
:10DD90009306F001E3DAF6D0130785FF3397E4002A
:10DDA00063CE371BB38937419387190063DEF64290
:10DDB000938919FE93060002B3543701638CD70090
:10DDC00093060004B387F6403317F7003337E000BB
:10DDD000B3E4E4009309000093F77400E39E07D0D6
:10DDE0009387090013D53400130709006F008002E0
:10DDF000E31C08E6131535001318D7011355350039
:10DE00003368A800135737006FF09FE513153500EE
:10DE1000135535001318D7019306F07F3368A80017
:10DE200013573700E38ED7E21317C7001357C70005
:10DE300093F7F77F137E14006FF09FD1938619003C
:10DE400093F7E67F639E0712B3671701639A09246D
:10DE500063860730B3E7D501639A073013153500A1
:10DE6000135935001318D7013368280113573700A9
:10DE70006FF09FFB3388D841B3B708013309B7402F
:10DE80003309F940931789009304080063C207120D
:10DE900033682801E31208C0130E00009307000046
:10DEA000130700006FF0DFCA370980FF1309F9FF7D
:10DEB000B389F940337927016FF09FC39307F07F4F
:10DEC00033651701630405101388F7FF6302081E0A
:10DED0001305F07FE388A7D6930780031384060019
:10DEE0001305100063CA07039307F00163C4071901
:10DEF00093070002B38707413315F700B3D6080133
:10DF0000B397F8003365D500B337F00033580701F5
:10DF10003365F500B38505413385AE4033B7AE00B8
:10DF2000930405003389E54093090F006FF09FB516
:10DF3000938607FE13060002B3D6D500638AC70096
:10DF400013060004B307F640B397F500B3EEFE00E6
:10DF50003335D0013365D5006FF0DFB1B70680FFF0
:10DF60009386F6FFB387F9403377D7006FF09FEFC2
:10DF70001315360013553500138705006FF09FCD3C
:10DF80009307F07FE386F6DEB38ED80133B61E0129
:10DF9000B307B700B387C7001395F70193DE1E00E0
:10DFA000B364D50113D91700938906006FF05FB4ED
:10DFB00033861E41B387E54033B7CE009304060095
:10DFC0003389E740138406006FF01FAD1316360047
:10DFD0001355360013840600138705006FF09FE386
:10DFE000E39807E06306082213D7350013163600BE
:10DFF0009395D5013367B700135636003367C700D2
:10E00000138406006FF01FC6B38ED801B305B700A6
:10E0100033B61E013389C5009317890093840E001F
:10E0200063D8070A930920006FF0DFBDB38ED84193
:10E03000B305B74033B6D80193840E003389C54089
:10E04000930910006FF01FA4938607FE13060002C9
:10E05000B3D6D500638AC70013060004B307F640A1
:10E06000B397F500B3EEFE003339D0013369D90020
:10E070006FF01FB7930708FE93060002B357F7002F
:10E08000630AD80093060004B38606413317D7000D
:10E09000B3E8E800333510013365F5006FF0DFE7D2
:10E0A000E38807ECB3EED501E3900EBC6FF09FD48C
:10E0B00033861E41B385E54033B7CE009304060096
:10E0C0003389E54013840600930910006FF09F9B8D
:10E0D000930710006FF01FD1E30008DC1316360021
:10E0E000935736001398D501139795003368F800BD
:10E0F0001357C700138E0600930700006FF05FA54B
:10E100003389D841B3B728013306B7403306F64008
:10E110009317860063D2070E33861E413387E5408E
:10E12000B3BECE003307D741931787009304060090
:10E1300063DE0712B70780FF9387F7FF3377F70097
:10E1400013840600930710006FF01F9F131636000C
:10E1500013553600138705006FF0DFCB131636001A
:10E1600013593600138705006FF0DFCFB386D8014F
:10E17000B307B70033B61601B387C70013978700FC
:10E1800013D83600635E0708370780FF1307F7FFD1
:10E19000B3F7E7001397D701939797003368070108
:10E1A00013D7C700930710006FF09F9A938706FE5E
:10E1B00013060002B357F700638AC6001306000473
:10E1C000B306D6403317D700B3E8E800333910015F
:10E1D0003369F9006FF09FB313D5340093870900BA
:10E1E000130709006FF01FC393060002B386F640C1
:10E1F000130600006FF09F8E3368C900E30E08C855
:10E200001359390093070000130706006FF09FC5EC
:10E21000130E00009307F07F370708006FF05F933D
:10E220001397D701939797003368070113D7C70057
:10E23000930700006FF0DF91E38607AE33083F419C
:10E2400093070800E38E09C69307800363CA07019A
:10E25000B70780003367F700138406006FF0DFC84C
:10E2600013840600130510006FF01FCB1318D7019D
:10E27000135636003368C800135737009307000061
:10E28000138406006FF05FBAE38A07BAB3063F4112
:10E2900063960900938706006FF01FA2930780031F
:10E2A00013091000E3C4D7A6B70780003367F7004F
:10E2B0006FF0DFA213D74501B70710009387F7FF70
:10E2C0001347F7FF13D84601B3F5B700B3F7D700EC
:10E2D000931657011378F87F638006021307F07FC7
:10E2E000130500006304E80067800000B3E7C7007F
:10E2F0003335F00067800000B3E5A500130510007A
:10E30000E38E05FC6780000093D74501B706100037
:10E310001387F6FF93F7F77F1306E03F3377B700D5
:10E3200093D5F501635EF6001306D041635EF600F7
:10E33000370500801305F5FF3385A50067800000D1
:10E340001305000067800000130630433306F640D3
:10E350001308F0013367D7006350C80293063041B9
:10E36000B387F6403357F7003305E040E39C05FCE4
:10E3700013050700678000009387D7BE3317F700A7
:10E380003355C5003367A7006FF01FFE130101FF6F
:10E39000232611002324810023229100630A05040F
:10E3A0001357F541B344A700B384E4409307050035
:10E3B0001385040013D4F701EF00C0529307E04126
:10E3C000B387A7401307A00093F7F77F6340A70622
:10E3D0001307B0003307A74033D7E40013055501F6
:10E3E0001317C700B394A4001357C7006F00400170
:10E3F00013040000930700001307000093040000BB
:10E40000939747011314F401B3E7E7008320C10099
:10E41000B3E7870003248100138504009385070078
:10E42000832441001301010167800000130555FF9B
:10E430003397A4001317C7001357C70093040000B5
:10E440006FF01FFC130101FF23248100232611001C
:10E4500013040500630C0504EF00C0489307E04176
:10E46000B387A7401307A00093F7F77F6344A7067D
:10E470001307B0003307A740130555013357E400D5
:10E480003314A4008320C100130504001317C70030
:10E49000032481001357C70093974701B3E7E700B0
:10E4A0009385070013010101678000008320C100EC
:10E4B00013050400930700000324810013070000E4
:10E4C00093974701B3E7E700938507001301010124
:10E4D00067800000130555FF3317A40013040000E4
:10E4E0008320C100130504001317C7000324810013
:10E4F0001357C70093974701B3E7E70093850700D9
:10E5000013010101678000008325C5008327850072
:10E51000032805008326450013960501130101FE1B
:10E5200013971500135606012324F1002326B1008A
:10E53000232CF100232001012322D10023280101F3
:10E54000232AD100232EC1001357170193D5F501BB
:10E55000930801019307C1011315360003A6C7FFF5
:10E560009387C7FF9356D601B3E6A60023A2D70030
:10E57000E394F8FE9306170013183800139616015B
:10E58000232801011356260163020604B7C6FFFFC4
:10E59000938606403307D7009306E07F63D4E610E6
:10E5A0009307F07F1306000093060000939747013E
:10E5B0009395F501B3E7C700B3E7B70013850600ED
:10E5C00093850700130101026780000003264101C3
:10E5D000832881010325C101B3661601B3E6A600B5
:10E5E000B3E6060163140704638206149306500021
:10E5F0001306000093D736009316D601B3E6F60053
:10E60000131696009377F77F1356C600939747012A
:10E610009395F501B3E7C700B3E7B700138506008C
:10E6200093850700130101026780000063840612CE
:10E6300093D7C80113154500B3E7A700B7068000BC
:10E64000B3F6D7006382061C370780FF9356C601D6
:10E65000939848001307F7FF33F6E700B3E6160177
:10E66000B70740003366F60093F686FF9307000075
:10E6700013D736009316D601131696001356C6000C
:10E68000939747019395F501B3E7C700B3E6E6001A
:10E69000B3E7B70013850600938507001301010255
:10E6A00067800000635CE00C832741010325810142
:10E6B0000326C10193964700B3E6060193D7C7012D
:10E6C00013184500131646001355C501B336D00084
:10E6D000B3E707013366A600B3E6F60093F77600CA
:10E6E0006380070293F7F60013054000638AA700D2
:10E6F00093874600B3B6D7003306D600938607004B
:10E70000B7078000B377F600E38607EE130717001C
:10E710009307F07FE306F7E8B70780FF9387F7FFDB
:10E720003376F6009377F77F6FF09FF4930700003E
:10E7300013060000939747019395F501B3E7C700CF
:10E74000B3E7B700138506009385070013010102A4
:10E75000678000009307F07F13060000939747013E
:10E760009395F501B3E7C700B3E7B700138506003B
:10E770009385070013010102678000009306C0FC27
:10E78000634CD7089306D003B386E6400327C10144
:10E7900013DE5640B70E0800B3EEEE0013152E0040
:10E7A000232ED10193F6F6013388A80013860800C2
:10E7B00013070000032306001306460033676700B3
:10E7C000E31AC8FE130630003306C641639A0604F6
:10E7D00003280800938616009387470023AE07FF9F
:10E7E000634ED6003388A7000328080093861600DE
:10E7F0009387470023AE07FFE356D6FE93074000FA
:10E80000B387C7416F004008930500009307F07F6E
:10E81000370608006FF09FD9130700006FF01FDD67
:10E820001308050233082800032808FF130F00020D
:10E83000330FDF403318E80133670701630E060822
:10E8400013182600B30FF8003386A800032506002E
:10E8500003234600938747003355D5003313E30164
:10E860003365650023AEA7FE13064600E390FFFE66
:10E8700093074000B387C7411306080233062600FA
:10E88000B3DEDE002328D6FF93064000B386F640B1
:10E89000939626009397270013068000B388F8000C
:10E8A00063EAC60023A0080023A20800938686FF1F
:10E8B000938888009307400063E4F60023A00800D3
:10E8C000832701013337E00003264101B366F700D7
:10E8D000130700006FF09FE093071000130800007B
:10E8E0006FF09FF9B7070100637AF502133705103F
:10E8F0001337170013173700B70702803355E500A9
:10E90000938707E0B387A70003C5070093060002BB
:10E91000B386E6403385A64067800000B707000154
:10E920006374F50213070001B70702803355E50051
:10E93000938707E0B387A70003C50700930600018C
:10E940003385A6406780000013078001B707028067
:10E950003355E500938707E0B387A70003C5070099
:0CE96000930680003385A640678000000D
:10E97000696C6C6567616C20696E73747275637421
:10E98000696F6E20657863657074696F6E20686169
:10E990006E646C657220656E74657265640A0065EC
:10E9A00063616C6C20657863657074696F6E206854
:10E9B000616E646C657220656E74657265640A00D0
:10E9C00065627265616B20657863657074696F6EEE
:10E9D0002068616E646C657220656E746572656432
:10E9E0000A00756E6B6E6F776E2065786365707464
:10E9F000696F6E2068616E646C657220656E746507
:10EA00007265640A006E6F20657863657074696F63
:10EA10006E2068616E646C657220696E7374616CDF
:10EA20006C65640A00000000556E696D706C656D60
:10EA3000656E7465642073797374656D2063616CB1
:10EA40006C2063616C6C6564210A0000BC1CFFFFD4
:10EA5000BC1CFFFF8C1CFFFF8C1CFFFF8C1CFFFFEE
:10EA60008C1CFFFF8C1CFFFF8C1CFFFFBC1CFFFFDE
:10EA7000AC1CFFFF8C1CFFFF8C1CFFFF8C1CFFFFDE
:10EA80008C1CFFFFAC1CFFFFAC1CFFFF841DFFFFB5
:10EA90008C1CFFFF8C1CFFFF8C1CFFFF8C1CFFFFDE
:10EAA0008C1CFFFF8C1CFFFF8C1CFFFF8C1CFFFFCE
:10EAB0008C1CFFFF8C1CFFFF8C1CFFFF8C1CFFFFBE
:10EAC0008C1CFFFF8C1CFFFFBC1CFFFF341DFFFFD5
:10EAD0008C1CFFFF8C1CFFFF8C1CFFFF8C1CFFFF9E
:10EAE0008C1CFFFF8C1CFFFF8C1CFFFF8C1CFFFF8E
:10EAF0008C1CFFFF8C1CFFFF8C1CFFFF8C1CFFFF7E
:10EB0000681DFFFF8C1CFFFF8C1CFFFF8C1CFFFF90
:10EB10008C1CFFFF8C1CFFFF8C1CFFFF8C1CFFFF5D
:10EB20008C1CFFFF8C1CFFFF8C1CFFFF8C1CFFFF4D
:10EB30008C1CFFFF8C1CFFFF8C1CFFFF8C1CFFFF3D
:10EB40008C1CFFFF8C1CFFFF8C1CFFFF8C1CFFFF2D
:10EB50008C1CFFFF8C1CFFFF8C1CFFFF8C1CFFFF1D
:10EB60008C1CFFFF8C1CFFFF8C1CFFFF8C1CFFFF0D
:10EB70008C1CFFFF8C1CFFFF8C1CFFFF8C1CFFFFFD
:10EB80008C1CFFFF8C1CFFFF8C1CFFFF8C1CFFFFED
:10EB9000781DFFFF641BFFFF081CFFFF141CFFFF15
:10EBA000441BFFFF441BFFFF441BFFFF441BFFFFF1
:10EBB000441BFFFF441BFFFF741BFFFF441BFFFFB1
:10EBC000441BFFFF441BFFFF441BFFFFEC1BFFFF29
:10EBD000741BFFFF457870656374656420203D20D9
:10EBE00025640A00507265646963746564203D2081
:10EBF00025640A00526573756C74203A2025642FD1
:10EC0000310A000063726564656E63653A202564AD
:10EC10000A000000656E763030303300696D616740
:10EC2000652025733A20256420696E7374727563BC
:10EC300074696F6E730A0000696D616765202573E2
:10EC40003A202564206379636C65730A0000000034
:10EC500080000000800000008000000080000000B4
:10EC600080000000800000008000000080000000A4
:10EC70008000000080000000800000008000000094
:10EC80008000000080000000800000008000000084
:10EC90000D08FAFDF6F60105FC01FB07FEFEFAF28F
:10ECA00006F6F9EBE0DAD8D8D6F10902112A2533B5
:10ECB000D3C6C3D2F9FFFAF723282F24100A110B69
:10ECC000DFF10625DFEF0D2CE1F11D1CE2F2051A44
:10ECD000F3000A0BE4EB1815E502170C00F90DFD23
:10ECE000FB01162000FEF30201EEDAE3030E190029
:10ECF000F7E1EA19F1E8F924E8E4062BEEEF0A203F
:10ED00002517FFFEFCF0FFFBEBFDF513F1FE0C1DDC
:10ED10001024FCD5341423F82C1D0EFB140A2006F5
:10ED2000C8031B1BE4191B15171C27F51610E7C594
:10ED30000114231CEDF0161BDFD6E5FB01F2F7F3FF
:10ED400008E4F51C1AF4D2041906F401FD1401FAC2
:10ED5000111125361D1A1121F9F4F203D0D0CDDF9F
:10ED6000FCFBEBEB19FFE0BF130D05DA1636310F94
:10ED7000081D3534DED3F332E2E2CCFDFCF5E6E4E7
:10ED8000FFEFF4F010F7FE030C0CF9FF15FCF6F39F
:10ED90008000000080000000800000008000000073
:10EDA0008000000080000000800000008000000063
:10EDB0008000000080000000800000008000000053
:10EDC0008000000080000000800000008000000043
:10EDD0008000000080000000800000008000000033
:10EDE0008000000080000000800000008000000023
:10EDF0008000000080000000800000008000000013
:10EE00008000000080000000800000008000000002
:10EE100080000000800000008000000080000000F2
:10EE200080000000800000008000000080000000E2
:10EE300080000000800000008000000080000000D2
:10EE400080000000800000008000000080000000C2
:10EE500080000000800000008000000080000000B2
:10EE600080000000800000008000000080000000A2
:10EE70008000000080000000800000008000000092
:10EE80008000000080000000800000008000000082
:10EE90008000000080000000800000008000000072
:10EEA0008000000080000000800000008000000062
:10EEB0008000000080000000800000008000000052
:10EEC0008000000080000000800000008000000042
:10EED0008000000080000000800000008000000032
:10EEE0008000000080000000800000008000000022
:10EEF0008000000080000000800000008000000012
:10EF00008000000080000000800000008000000001
:10EF100080000000800000008000000080000000F1
:10EF200080000000800000008000000080000000E1
:10EF300080000000800000008000000080000000D1
:10EF400080000000800000008000000080000000C1
:10EF500080000000800000008000000080000000B1
:10EF600080000000800000008000000080000000A1
:10EF70008000000080000000800000008000000091
:10EF80008000000080000000800000008000000081
:10EF90008000000080000000800000008000000071
:10EFA0008000000080000000800000008000000061
:10EFB0008000000080000000800000008000000051
:10EFC0008000000080000000800000008000000041
:10EFD0008000000080000000800000008000000031
:10EFE0008000000080000000800000008000000021
:10EFF0008000000080000000800000008000000011
:10F000008000000080000000800000008000000000
:10F0100080000000800000008000000080000000F0
:10F0200080000000800000008000000080000000E0
:10F0300080000000800000008000000080000000D0
:10F0400080000000800000000004000000040000B8
:10F0500000040000000400000004000000040000A0
:10F060000004000000040000000400000004000090
:10F07000C9FBFAE4E6DA1EE3FBE4E72CF8EDF9E974
:10F08000F21DF61C1E21DAD9DC10F2EDE7F4FD3A90
:10F0900006FBD5291BFCE92C1CDFFE0328E9F92E11
:10F0A00026EBEDD8F7EFEBF322F9FCD62F24F6E2AE
:10F0B000EBE61CE23201143C2C2AF6FB1EFCF8F8AD
:10F0C000FADD28ECECE912E00CEDF82CE812DF2771
:10F0D00025E91BD9021F0EE231DED0E7ECFD26F058
:10F0E00027E300FB07E5061427F3F6FDDBD7F8DF7F
:10F0F000F8FDFCF902210AE72EF3F5DCE3F3E4FF67
:10F1000005F6F5EDDDE60E34E204EBDDDDF028EE8C
:10F11000E12427F92DFA20FB02EDE5E629233AE761
:10F1200022DA06ECF6EF3004FA1FE1F804DD3431A0
:10F13000EAFBEDE1F1F8D3EB25DB012AE6D0EFF5B0
:10F14000EBE4F0EE1316093507181DD7F3E5F1EEE1
:10F15000E7EDEFF2DA1CFA3521E5DB1622D10BF8E8
:10F16000F4DB2EEC25E0E315E826321AE836EDE470
:10F17000F2CA18F3E5EF01E5F316291FEBD92A2BA4
:10F180000DECEB19E52FF1DAF0E7FE37FCEBF5ECCF
:10F1900013F1293635EF2A32FAF9EE35E727303206
:10F1A000DFDB0027D5EF03162CFEE4E530F408275B
:10F1B0001B1DCCCD391EDEE807020707E5FD2D1328
:10F1C000142021F32CF3EEF5E92FF7E407CFCEC19D
:10F1D000FF32F014F70102F238E40AD504FDE52D00
:10F1E00019D63716D721DFEC20F5D4E62831D4E242
:10F1F000282F14E4F41D31E0D130D1F3D0C7E42B33
:10F20000FB11F92A27D81BDFEDF4E5EA17E72AFFFF
:10F21000E811FA31E90124FFF81FDAF0FCE6E836DC
:10F22000D9ED2522CC1BFF2D23E4D92305ED08FCC5
:10F230000CE4F9E81DFDD90D32F2E1E43AE92F03BF
:10F24000E2F82EF81422D81D362CD4E3E2D9F8F8CF
:10F25000E5E3EDEF37CEE63728E2E6E72306ECF804
:10F26000E4F3D42F282FF0F7E7ECD639FBDDE4F0F8
:10F27000FE2201EB1CE9F7CBFDDBFB0B3933100061
:10F280002EE3DDE6EEE314EE0BFDFFFAEB06E5F60A
:10F29000DBE6DE1BD629EB0F2BEBE83227D9E5FDA9
:10F2A000EE39DD302431EFCFF32EED322027DB1D98
:10F2B000DC39EB2EFB2B17E1FB1E0B15ED22E5F9DC
:10F2C000ECEFE4EEFAF2ECDF2EF1E4F6ED2FF0E7EE
:10F2D000FC33E3F6CEE4191BDBFBF8DEEFF6E0FDD2
:10F2E000FE2E1D00EAFEFFD125F6E1F016C9CFE0A3
:10F2F0000F2DE70740F237EBDDE9DC23FEFC312C74
:10F30000E2E53034F8ED2721F336CDE5092AFDE1B9
:10F310001BD5F0E539FCDBF634FBE4E71C09FA29E0
:10F3200006FE302303EF1C26EEDEF7DA1DF0E2FDC9
:10F33000EA04CF26F1F8CB24EA06DBF7EB1F37E42B
:10F34000D62D11F027DD29E70BFA32E31B361ACE52
:10F350002422FDD421F0252FFC2EFBF31D2925F5B9
:10F36000FAFE23E7281C04FDE205F2F2E713C8EEDB
:10F3700001D420CC2E1DD8F8D33BF3193524E9371E
:10F3800015D3ED0ED11FF4F4030DE8FA010E212878
:10F39000E02AF5ECFF1B272AF415F725E4E5EDF646
:10F3A0000C0EDB1800F6D6CD2D1DD0FE2FFEE1EEA3
:10F3B00014331DD409E0F9FB00D624F122F42122F4
:10F3C00017DAFEE426EAED2E293414FD2EE6EBEAE8
:10F3D00022EA2110EDE306E3DF25E219FB360406FD
:10F3E000F5D516E214CFD4D405E2F43BE001E5F301
:10F3F0000510DFDBD7FAD7E938E61415E5FAE30C98
:10F40000E3EFE7EEEF18EDE5D8DF18E5E7E3FC2ED4
:10F41000F4E401F1EA1922272A15EC28D939F0FD84
:10F42000EE21E9F91E0AE1D805ECEC3706F800DE1A
:10F43000F22EEAE7F701EC232FEFED382FDAF0F4A4
:10F44000D7F02913D12F0B3BF2EE01E00B00F22C89
:10F4500017F126D221E6F2DFE6F4CF23F0E8D92235
:10F460002D4B27EC18F1F5F0F81832E50DEBFCE523
:10F47000E0DE06E9F8ED3AE130E5EFD636CFFFD130
:10F4800025E6E3EDE803FCDBF6E7271B2736ED3145
:10F49000DEE2102ADEDC2220F24435F6EFE725001A
:10F4A000E0E000F5EBCE3139040D03F3D8DD15D8DB
:10F4B00029D9EDD4EE06F501EA1FEADB21F4F8299B
:10F4C00007F12BDDE2221E2235252FFBFDF6D92E7A
:10F4D000EFCEFB10F41CE1F8EAFAD8EDECE3F61FEE
:10F4E000E5110D31F0D2EEFCD1290C0DE12E3D09D4
:10F4F0001BF318E51FCFEBFCE03121F8F23128D9DE
:10F50000EBE326FD13E623DCE9F4FCE2FF20F3D96C
:10F51000EC26E725EB22E6F533DEF2EDFF2C342C6A
:10F52000C7E028EC3212E832212F29E5D617040073
:10F53000DA001032D11CF70112F71E26F1FEF71A7D
:10F54000EEED192AE72F2414D1FF3500ED1CD9FA6E
:10F5500021180F2827DEF8DFD6FCE21C0ED8E3D2F4
:10F56000EB060D04DD32DF30E50FEEF8F9F3271777
:10F5700010EB142BF20CC02002F0F40D2D29E0D278
:10F5800016182A23ECD7DCE31C051D1A2BFA25F6E6
:10F59000E02311E2F91B041505ECE9E728253EDF1D
:10F5A000463DF132E9150B26D4F01025EAECD5DE04
:10F5B00035EC06D60AEB27EED1E0031CD0DF1FF2B4
:10F5C0002AE6FC3125D5EA0912FB1CFA001826139D
:10F5D0001D322401F1FD22FACBDDCFCECF220FCF99
:10F5E000250628E337F70A211A2BEFEB2EDC0F0054
:10F5F0002914C3F4EA2C06DC0EF4F1F0FCCC14263A
:10F600001BF1223CE10B33EFF700EDD3F73809EBA8
:10F61000DB22E5E5252F100F2BCBC8FC19FADD38CE
:10F62000ED28E2FA0BD9E41DDAEEEDE0DC0DC9CCF1
:10F63000C431241833F3F222E0E7C5D3D425251BC7
:10F640001014D403271AF60905332B200EEA0C0BED
:10F65000F506F7F002F40DEAFAF607050A0A0B08B8
:10F660000F0CDAF507E9140B00F60AFCF608F6FDB4
:10F67000FD08F5F008090413FB0BF0FA0817020E59
:10F68000F8FEFDF5FFFBF20A010300E4140109078F
:10F69000F30213F4020E06FC0AFEF6F50B0203FD5C
:10F6A00002FD03EAFF0AE8F7F2FB170DF1FF0FFC7A
:10F6B0000BFA05FFF6EE0601F907F3FAFA0724ED57
:10F6C00017050508F20D10F9F5EF03FE02FE040C14
:10F6D000F50806FD04F9FDFF1B29FF0DF315EAFCF3
:10F6E00004FBFB1801E003010101FF07080114FC02
:10F6F00005F40FFD13E5F01200FFFAFA02EC04FD29
:10F700000DFA06FF0EFEFB0500FD1CFDFEEA03FDE3
:10F71000FE01001504F6F714FA01F3ED0BFE00FBF1
:10F720000A0B1103D7F922F9F7FEFAFA04DB000AF3
:10F73000FEF5FAF50AF305181917160CF30305037D
:10F7400003FDF51102F900FCFA0C01F9080A0C0F8F
:10F7500004DAF6FAE808E7F900FC0400FFF6F9F825
:10F7600004F40EF612FE0E061113F919ED04EDFC69
:10F77000FC0F06F2FDFB040C0DF80005F2FAE7148D
:10F78000E6F927F5F713F80001EF06E803FC01019D
:10F79000F8FC0B0FED062306F0FE121500F2010D2A
:10F7A000FDED0205F4F601E4F404FC01080A21FF72
:10F7B000E5E6AD04F7E6FB0D02EDF103FCF5FDDB3C
:10F7C000FBFE01F71DFF0E05D3F9E1FEFFF5EFFB90
:10F7D000090FFE09FE04FAF701F704FB03FAF0F43F
:10F7E000F9F11D03EEEAFFF7FDEFFFF6090600FC55
:10F7F000FF05FB0B0DFCFB020DE71103E420F7FBFB
:10F8000008F3060CFFFBEAFCFEF402FE0A0315FAFD
:10F810000C0810F8ED0BD6FCF5F9FE0502F909DE2F
:10F8200006FE00EF11FD12E5F5F2E6FD291BE807E3
:10F830000704F7EEFBF8F222FEF5080AF7FCF703DF
:10F84000F4DE48F70CD5270405F3F5E0FEEEE6F408
:10F85000F0EF0C01F2090215F0E32C1904FF0D0F73
:10F86000FDF6FBFC04EFFFDFE4FF05EE07061704DF
:10F8700006BE05FFE6C5EDFD01FDFADE01F1F2EC85
:10F88000FFFAFDEA130C1320CFEBF647F62DF10C2F
:10F89000FBFC0EEA05F5F30EE80DFCECE3E8FE12C6
:10F8A000EDDA230D3E1007100C01FDD40805F7F921
:10F8B000F5FE03020308132DF3E6DD25130A00010C
:10F8C000E8F2FBD80505EDF5F509E805FA071A1782
:10F8D000F9FC0E04190AF1EBF8FB04EA0D08020525
:10F8E0000010F1F8FEEF0F04EA0D1134D4F501F722
:10F8F000F6FFF8EEF71CFAF2FB04FA3CFBF60DF506
:10F90000F6DDE1080600F400040A050C0A19F9DF27
:10F91000ECFEF4170E14070609F6090F0408FA079F
:10F92000FB1405EA01F5FDF2F5FFF10527EBEDF813
:10F93000FC382D1EF21F0DFD020E07EC0AD80C1725
:10F940000B09E913F3F3E11C09414AD90EFD090043
:10F95000F503FB05FC18110B0BF50C1A0C09F41B35
:10F9600006010FEEE1FA0CFD010D0506050105107B
:10F97000140801200001ED23FE2018F31D0C010ADC
:10F98000F70FFF0304E401FB0BFB020BF5F9F2FD9B
:10F99000FB270CFD1A18FFFD0704090201FCFDEC12
:10F9A000FF05FF10020710F5FA0400EA181502001F
:10F9B000FEFFFE06FFF404120BFEFA1004FF09FC22
:10F9C000070F05FB26150B0AFA0001FFFCED08E7FF
:10F9D00003FE0A0EEFF900FCEB01E0FA00FC0CFB61
:10F9E00000FBFBF1FE190B1B050C1B02F902190BA6
:10F9F00009F5020BFD1F080002FEFCF3F81EF924B6
:10FA0000F80B0D0CFD18F007E700F7F71626FAFDC6
:10FA1000FAFC0FF8F20201F6FDFE0D09F7FE1924BB
:10FA2000EBD4FD121B16F205FE0008F2F61D060DC2
:10FA3000FF06000201FAEAFCECF3BB1D1312EAF820
:10FA4000051101F9020DFCEC020203F7130AE204AE
:10FA50000E17FFFEF80B0008091403F501FF031F42
:10FA6000010FF9000D07EFD3EC18FEE8FD0A0508B9
:10FA700002FF04F6041C06E4EF03F306FE0619DE9B
:10FA8000ED00E0FE05F40CF4F90BFB09FAD90FEFD9
:10FA90000400F300FB07FEE0FEF0F70107FCFFFCAB
:10FAA0000208F401FDEEF80B13040309F6EFF6F576
:10FAB00017E715D6FEFE02FDF6FFFDFD03F903ED87
:10FAC0000EF8FA15FBFBFB01F90608EB0FB2F70580
:10FAD000FD02FD2006F307F20CF4031207F9EBDD3B
:10FAE000F0012803D6FCF7F4020A08FB07EE090D23
:10FAF000FEF91002FF0BE7F20F1A17F6D118E7FE16
:10FB000007FEF72603EAFB000104071204FA0BF8CC
:10FB100007F506F308F1F70406F80007FFEB03FF0B
:10FB20000902FF000B0C00F3F3FBEADD1EEB03FF01
:10FB3000F6F9F6E5FA00011306FE07FDFEEEF626DD
:10FB4000F8E027031BFE0B0CF800FAF3FEDBFDFDCB
:10FB5000E3FE0D0AF7F8F72706F5F0F2FDE10BFEDC
:10FB600005F7FFFAF0E606F8FF07130D050802FE99
:10FB700016F4F80E0C1AFCF6FD0707F401F5F8F17F
:10FB8000F6081AF6120003170401FD1A0123F512F4
:10FB9000EE0002F6FEFAFFF9FF02F825FAF5FDEF96
:10FBA000F2DAEB0F150406F9FC070AF1FDED01FB93
:10FBB000FCFC09270BFDFE1809F9F10F07F4FF04FF
:10FBC000FDFC03E1FF1000FDFF0AFC0B05F8F21E2F
:10FBD00000FFEC04FD12EFF2FF0404F403FBFC044D
:10FBE0000508FDFFF8EF18EF111310FBE0EF07F623
:10FBF000FCF700F4001D0C210DF8FA20EB0B18EFB8
:10FC0000F3E90004D305F4010F0104160722F302FF
:10FC1000EE00F718FD1510FAF7F5E2FB0003F3FF0D
:10FC2000FEF7FFFDF9FE06E60FFE00001AF9EFF001
:10FC3000F111E610F8F3EC010AFE00F3F8E0FCE73E
:10FC40000A070A0C05ECFC01E2113A090DFF03005A
:10FC5000FAFEF906F81AFAEA1308FBEC050D12F69B
:10FC6000F0FCC8FD1507FA02F50809E908FF020FC4
:10FC70000EFDFAF01D0102F8EEF1FD0E3E1D15F12C
:10FC80000405FFE0FF1FFA1DFCFAFF021609F7FE4C
:10FC9000DC0F2B1A0D1111F9000AFFF0FE02FE21F4
:10FCA000030CFBFA05FADDF2ECF55003FDE5FC036D
:10FCB0000604071A03FC18010E0EFEFD040513F3DB
:10FCC0000537E4F6FB24EA0D000CF9EBFF0303FE15
:10FCD0001B0701030D00FDF90A00F9FC08220B05C2
:10FCE00009FBFFDCFFF70B15050E061DF7F9E10A0E
:10FCF000F4F604000D2A19FFFE0500FE000004FDC5
:10FD000014FEFA22F2ECDB05F52432F209FA0402C1
:10FD1000F9F9061E04F90BF2FD09FEF1FB031308C5
:10FD200007ED01F3DD15ED0BFF010DF10B19FBFCE8
:10FD30000417FBEBEFF4FAFDF6FBDC0BF425EF0107
:10FD4000FE0D01F307FA0AF41B050C06FA00E90F91
:10FD50001B1007FA02FC0501FAFF08080BEA06F57A
:10FD600003030E0AF1FC01110808F9D7FA12020187
:10FD70000D03030DF7FE07EE0DFFFB00FF040AF570
:10FD8000EE11E1030CE800FE040607110F0F0E123E
:10FD9000010107EB0EF9DFEFFB0BEFF909F00702AA
:10FDA0000004F9FFFAE30B100FFFFE05F3F505F869
:10FDB0002000FCF5FEFC1907FFFE04E90202050A1B
:10FDC000F7F607FFF6FF16111FEDE2FBF339030EFE
:10FDD000F9F305F10417FDF205FAF7FC02060D0D23
:10FDE0001A140C0005FE0F0BF100080906E707FBCB
:10FDF000FBF8FB120507FC07FD1016F60A25110E8D
:10FE00000B0CF2F4090D01FBE5FF0909FFFF0EE7FA
:10FE100001F6DCFE080C00010DF1FDF90421FA0ADF
:10FE2000FB01ECF6020F230616F2D5FFEFFDF6FC00
:10FE300005FD0FFF0C1604F61004FA0609FA0DF181
:10FE40000A201AFEFB2409FA0A080109FD0EFBF834
:10FE5000FC070606100501EB0714FEF2F9F3030593
:10FE6000F809FAF4FD240103F601FEF20C0A0AF087
:10FE70000703F30B101C0007F3FA0A14F51800FE31
:10FE800001FFF4FBFD0E03E7F7F0E6F6FFF900F6DD
:10FE900004040012FFE6031506F2FE0E1DF6FDE354
:10FEA000FC2918FF03F408FF02FFFC2EFA1602FCDF
:10FEB0001EF7FBF7F7F5F6E30F10FBF10318030548
:10FEC0000501FCF2F4F7FD1706ED00EFFFE80B0764
:10FED0000B03F5F8FE0CFE100300F807FD08030500
:10FEE000FC02FF100E05F5DF110606EDF21305F01A
:10FEF00001FA04ECFA0F0E03170308F1FC031012C9
:10FF0000FDC608F3EB04FE06FFF606EC09F10BE56F
:10FF10001EFD0F12E10A17E6D401E217E906EFF31E
:10FF2000020300FEFF0204EB09F8F522EE0F1EEBC0
:10FF3000BFD0BAE8E500E6FDFE00F70BF809FBECE0
:10FF400001F909160B0A04E8CFEFE80B08DBF4FA15
:10FF5000FDFCF7EF01E903FFF300FFF0FEFDE9FE12
:10FF6000F4E516F809F402FD03FEEFF404FC0312B5
:10FF7000FAF5F5E604FB1106FA0018FCD6CF090BDA
:10FF8000F900FB0EFBFE0216E60801EE080BF90C69
:10FF90000BFA0704EEF5F8FC05FD0914FA0B03ED66
:10FFA000EB10FFF400F100F6FF09FB04ECE1FCF4B8
:10FFB000FDF9FAFF01F8FD02FA0C010003F2000F4F
:10FFC00000E2F90D0508F7FFFAFD0DFC021A061014
:10FFD000E3FEF90A14F3E62CF5E4051708480DF6DC
:10FFE000FA04FE1101F9F9F21301F3FC00F7E9013B
:10FFF000F81A0D06FBEC0BFFFAF808F90CE9FF0301
:02000004800179
:10000000FAF3F005F400EA17FC221AECF9F406F111
:10001000FDFCF600FFCDFBF4F706FCFF1407FF1A0A
:100020001215F9FFEA030602FB08FE06F7E80303D0
:100030000703021E05FEE918F9150AEE0CFE020080
:10004000030A07FAFDFF06F512030610E9F8F9FAAC
:10005000FA0FFA06DBF8FFFCFEFF06FDF303000AC9
:100060000EF9040BE9FF08001907D7D10F05FEFBB5
:100070000507031AFBEA0C0304F30212FAFFF81B4C
:100080000827E300EF06F503FA0AF827FF13FA0D35
:100090000BF302FEF7F1E7211F0FF4F805F205FF5D
:1000A000090702FFFB00ED070105000EF7F4FD173D
:1000B00029FE04FCF6F304FD05FDFFFA061EFD060D
:1000C000010605F9F4F309F403DDFA182807F7012E
:1000D00000F9FCE20223F8F2F30502FDFB03F70F3F
:1000E00001F8DCFF00100FFB0207F9E70805FD012E
:1000F000FE1AFC09FDFFF505E7EFF603F51313FD06
:100100000E0D0002FF1B0110FBFA0A0402FDF4EAC7
:1001100002FFF5010DDDFE040709080D07F0F90CDB
:10012000FCFFFC16F3081CD60BF5F4F605E507FBFF
:100130000B13FDFC0B02F8FE0A06F5FC070607F898
:10014000FE2DE703F80F160B05120109FCEE21E95D
:1001500024FEFEF7EF02F4FFF40EF4EDFBF913FDBD
:100160000400FBD4FF0809F80CFD05FAF812FBF7B0
:10017000F9FE1D011A0F06F2FF0301F5FD23FB0333
:100180000EF40901FAFFF5E80902F60A091805FF5D
:10019000070606060CF901D81A02FF16E7FD0A3316
:1001A00001160AEF060FEE17000801FD001DF9E920
:1001B00005080B04F6F9FE0CEB10C6FADB13F2FB94
:1001C00006FCFEE7F817090C11F1FEF90411E30231
:1001D0000917F80609EDFC08F70A020D01EA090102
:1001E000EE01FC05E7F6DC09D113ECD21119FF0290
:1001F00000F7FF12F824FAF6F209010E020F19C8EF
:10020000FAFAD6FA07D7F002010D0212FBEC00FE53
:1002100010FE07F906F7F6D3F7F7E7F122F913070F
:10022000000BFF03FCB805000E07EC13F1EE0D0503
:1002300016FBECCEFBFC0007F90AFD12F7FE0804E2
:10024000F3030F0DF6FF14102709D0D9021000FE9A
:1002500005F9F7ED05EBEFF0F7FD030814F708F6E5
:10026000F8F3DB05FEE8EE1003120017F1FB0202C3
:10027000F4040D0FE900FDF1EDF3DD17203EF5016B
:100280000205F2F50B01FEF911F6F30DFDFAF0F29D
:1002900009010BFD091016F7020E08FC00FE02030F
:1002A000FDF40407F6FBF6FF160405F6FA0701FE57
:1002B000020502F407F002F2F003FFFDFD07F80962
:1002C000FFEFDD03F2E5FFF9080809160AFE09EF62
:1002D0001007FC0CFC0AFB0CED0BE0FE010CFDFF13
:1002E00003FFF603010FFCFF090006FF001B0402D9
:1002F000FCEBFFEE0913FD060A0002FE010A0403EF
:1003000010F70BFB05FB0CFBFDF30F0B03050C07B4
:10031000FB0603FCFE0001100305FFFBF6FC1208C0
:10032000FA15E30DF208F801FFF3F500F91B0811C7
:10033000F8F6FFEAE50509F60005E9E8EE09F20C32
:1003400001F4F9040510F60F01FC06F91410F0E9A8
:1003500009E5FCF20EFAF600FC09FA0604F9FEF5CE
:10036000EFFAFAF800FB1AF4EAECED1EF108FB01D3
:1003700002F1FE020801FFEBF5FF00F6F10314E4C1
:10038000FBE9E7050EEB0B020FF301FE04FB0CD5B6
:10039000F6FF00EB0EFC18E6E5D9F7F0F8F8F404E8
:1003A00000F7EFF406F200EDF60F03F5100DF8F488
:1003B00001FCEA09F4E8FEFC0DFCFEFA05F4FDF18F
:1003C000FEF8FF0010F811FBFEEEF41A02280305F8
:1003D0000702050D051303F308090205FF060C04C7
:1003E000F928F7F7D6F509F904FE04F7FCED10E952
:1003F00003F600F9192306081C0A0BF305D41607A7
:1004000001F704DAFD2106F4F50A02FA0F072506C2
:10041000FAEAFAF4111EE903FEF902F202410219A6
:10042000F704E8F3161843EBE5EC11F20BEEFFF2DC
:1004300012050203001305F10602FF040C10061753
:10044000050416FE0C2412F5F80FFB0706E002E87F
:1004500004FB03FF010AF3E5152315DEF2F60A0497
:100460000D01FBE007160FEEF1F3F2E405F709FDCD
:10047000FD14F21619140EF50E0BF9E90926050AFA
:100480000503F512060CDCC6F907EE0609060301A2
:10049000F4050202FCFA10FA07FE0202090DFFF24F
:1004A0000A1505E9E6E50A03FDF4F805F509140364
:1004B0001BF808F4FCFD04E10005E411E813F0105A
:1004C000031216F9001507191AFC0F080502EB03B1
:1004D0000E22F20BFA0A0809F80D0E0804F9100BA7
:1004E0000102020FFB01E9DF041F2BD6F80117F808
:1004F000FAFBFC0FFDF702F006F1FC0AF8EA23ED27
:10050000F205F009D304FDFEFCF7010AFFF116E144
:10051000030503120E090EDBE4F4B715F6F6E80244
:10052000FE0DF802FDF5090214FB0000EC1108F5C0
:10053000F7E0D2E9E3F9FB06F00301EF03F5FAF483
:1005400007F60E0FF90A0A0BFFF612EC1CF7FBF385
:10055000FE0404E301080507FC0402F2F3FAF804C0
:1005600005DCF3180919E701FE0DFEF6030B06166C
:100570000E04FEFFE8F8F90BEE19E60D0C28000456
:10058000F907FD0006E6070502FB0507E9FAD7F3C0
:10059000EC37FCEFEDAC1A10FFFFFC0A08EE03F895
:1005A000FEEFFE10ECF8FD16050FE0EDEBE0FFFAB4
:1005B000F5FDFDFD03FA06EC0104F11C09EF06E769
:1005C000F00FE30CEAE4F208100804F904DD08F186
:1005D0000C06FA1BF505F6FBE7F70102120B05E81E
:1005E000FD02FEF50324043608041803010CF4FA96
:1005F00011DEEEF6011D030203F403F2021A0B1DD5
:1006000003FF10FAFAEA21F01EE3F0FDFFF314EE07
:1006100001FFFCF6F7E903F7090D02E401FC011400
:10062000FE1205FEF8F5F2FBF10D030FFC15FD0FB0
:1006300008000AF6EEFAEDDF03F51AEFEDFC0DF512
:10064000F700FE080808FAF6E9F7F8FAF707E7E80E
:1006500003F9F5FAF0ED0BFBFDEC09FA03F5FFEFFA
:10066000E700F4FDF5FFF5C802DCED070A0E000017
:1006700000FFFCFCF8F21002FE0803F21009FB0E6A
:100680000216F9FD2010FFFDF5FEF7FC02F5011141
:10069000200E0AF705EBEB07FAFE2EE207060F0124
:1006A0000004F801FCEB0B1A0F08FFF90C0A10E923
:1006B00007F0DEF9F0F8F2FC04FB070E04EFF1FF9F
:1006C000FD01F6F207F8260405FEDDDCFBD801FE8D
:1006D000FBFBFAF008F000E3F5FBF4DEF7FDE4FACB
:1006E000F3F408F5F8F11104FB0100F4F7EAF9F965
:1006F000ECF904EB0AF00C1FFFFEE606DDDD09F560
:1007000004FDFE031015F2FEEE0900E30003081DD0
:10071000F7F7D9FDF407EC0AFDF505FEFCF5021626
:10072000FEFA070115FF08FEE0F70F17FD05FA01B5
:10073000FDF106F0F6EFFB06F1FBFAFDEA01FA091E
:10074000F807FF0B03160D020803F5F00417F6F681
:10075000FDFBF6FCF206FF0702E7EE13FF0FF2F6D1
:10076000FEF1FA0108FF0BDAEFFAF40D0D04060FA3
:1007700001ED0AF6F2F9FEF903F50603FDFAFCECC9
:100780000AFBFC0CFD031D120211F930F709FC06EF
:10079000EB0202F7F902F100F806F90105080CE690
:1007A000F2F8F100090109FCFCF303F1FC0DF4F887
:1007B000F105FD03180AFBEDF9F308FAF6EAFC0669
:1007C00002EF05F8000B0006F6FD01F9FBFEF2034F
:1007D00007ECFA0BEFFAF50200F8FF010C12F71222
:1007E000FA08070403F805F4D0EFFC18F1F6F40258
:1007F000F901EFF1FC05F8FB0C01010B080CF8F70F
:10080000F7091403DC100303FEF4F803F316F4F302
:10081000EC05FEFD18FDF7F91FF83801EBFDE8F6D1
:10082000FF04F4F9F4E000E9100800F40708FCF80C
:1008300004F13F2402F7F2FAF502F6EEFEF505F7B1
:10084000FBFA0403EDF702FAEAF91C0FFB0207FAC0
:10085000F2FFFB0701F3F90A06F5FE010502EF02BC
:100860001BFA2707FD0EF501FAF6FEFFFB02013623
:1008700013F8070B0BFB00160B110804EB02F6062E
:1008800003FB081F00FC00F215F500FC1403051221
:10089000101609F10CE604F70103070503F308EF4E
:1008A00002F60AF30305FB05E8EEE5FA14E8FEFD9F
:1008B000F8FD060800FEEA06F4FEFA0EF6F101EE77
:1008C000F7B7250314D7030700F804EA0203E2F898
:1008D000F7FEFE0AFF0213FEF8D0CE23081DF9042E
:1008E00006F50005030A0BF3FB050A04110A2004B0
:1008F0000D02FB1B09280800FCFBFAFBFFF603FDB9
:10090000F60805F2050BF4261204FE11F90B01F5A9
:1009100002E600E4FFFEF302E4100002EEF4F6DC6F
:10092000F9CE0B1125F7FAFDFFF7FE0A0424FB159B
:10093000E9F6F4F4FE0507FFEBE2F41A12F1070101
:1009400005FEF8FEFDF1F5F00300FC03050AF9FDD4
:10095000FF040A0315F91306F9FA0CF200F106F484
:10096000F60DFEFE02F9FE000F0108F8F9FBFF018B
:10097000FCF001DC080103F5F8F7FD06F9FD04229F
:10098000F4D80B01FA11ED070A1000FD0404FD0173
:10099000F80703F9FB0C1305F1FA00161103FCF834
:1009A000FD00F4EEFB18F8F10D0706050701F5F45C
:1009B000F6F90116DF07060305090B05010AFD0B11
:1009C00009FFEF03FCF7F3F3E8F21506FAFAFD036B
:1009D0000E0503F80816F005F9FFFC02F2FD02FA15
:1009E000FFE7E60C0B37EF070406F2F7FE0B0B2DC3
:1009F0001E03F407F9EDEFEBE70AED0B1B47F0EEF2
:100A00000211FBFAFA050E1010040D14F6FBC9FBD7
:100A1000DF1908FD10EE2AF70B0AFAF6F8E4FAE0FF
:100A200002010211F4EFDBF907FF00FDE6BA02094B
:100A30000101FD080904FEE50101F60306F202D6F4
:100A4000010DE2FF0BE5E600FE13F3F809F60CEFEB
:100A500017FCFF03120D02FCD4FDF4FD08F1F605AE
:100A60000107F415FD02F70B0D08070AFE02FAF262
:100A7000FAF3F9F7EC3E110503FAFE00FFF804FC67
:100A800006FA0BF10204191A0EF3FDF406E9050D3E
:100A9000F60A05FA08EC060EFCFCF5E50BF3F71474
:100AA000ED16EDFC0905FBFF05FE07FB00FEF81047
:100AB000F60B04E8F5020C050BD7FEF2EB00F00391
:100AC000FC09030CFF18FC08F8FDFDFFFF03E6001E
:100AD00000E5DEF32204040E0AFBFBFDFBFE00E74B
:100AE000E9FD00FF010412E614E0F018F60BF6FB36
:100AF000040700FCFE12FD0403EF12F7F1FFE1FE14
:100B0000EFE40A03E404F5FF0AFB00EEFD07EFFA49
:100B1000F3FD0401EDFF19E6EDEFFFFBE700F4093B
:100B200004060416FA00F8F9FAE9F7040E0510E2D3
:100B3000D4DFE10CE0EDEC00F6F3FC28F1FC06F864
:100B4000FCFFF9EF0CFCFFF0E2FECC091AF6000105
:100B5000050AFFFB09F107F6EC04F8EAFE04140DA0
:100B6000FED6D209FAFDF5090EFA0014030CFC03B7
:100B70000A0F09F7020605F8E6E3CE0F224108FD49
:100B800000F405F4060402070409FAF90211FE1044
:100B900006E8100108F01601FCFF010E07FF09022C
:100BA0000CFD0AF1F5110508FB080106ED0B11001B
:100BB0000800FF02F707F5E100F7F00E01FFF80269
:100BC000FCF8DA05F8ECF0FAFDFA001DF4EBFAEEA9
:100BD0000613FDF80601F005041BEDFF00C806FE34
:100BE0000D0DFEEFF01505FAEE00FBF61105FDFD0B
:100BF0001DE5F4EB2F080603F2000BFBFC0F0C04C1
:100C000007FC07FCFCFB17F1F7EF0C1AFD05F80ACF
:100C100009FEF9FDFFF6F61A26FF0BE9F5F2F5EBF2
:100C2000FD03F70C03EFE3F103FE0D12150E0407AD
:100C300012EE01FB010E1501F9182C01E607F7F879
:100C40000C03F402FE04F107F0000119FF0EFCECA6
:100C50000FDBEEEDFA0AF7FD05FD09FC0500F705CF
:100C6000F7FFFC03000C12EFE8081B3EE80508FD47
:100C7000F5F7F8FA091203F7F40405FEFD05FCF395
:100C8000FAE7F1F8F5F4FE0313EEF9FEFF0EFBE3CD
:100C9000F1040302130F24E9F3EEEFFAE803050E63
:100CA000FBF5FE10FFF3F6EAFA0605FA0E02F7F975
:100CB000EBFC0007FAEDFDFF0203FFF105FA05EE7C
:100CC0000508F80C0A000CF5EE010325EAF005FA18
:100CD000FF00030E01F4FEEB1004F6FFFA070BE72A
:100CE000011DE3F1EEFA0401EEFF030006F0062019
:100CF00015FBF2EE0B06ED010B22F8F8224D070969
:100D0000F5F90500FC07FDF5F6FEF8F707FC19E814
:100D1000131801020C61FB1005FDFBFA0B31FA07F9
:100D2000FD05FB080C0915DBF7FDEFF80A1A10FDAD
:100D300000020915FAFDFDFC0CFCFCFD110420105D
:100D4000011507FF00180905FE0105F9FCF605F974
:100D5000F20F0E00010909F607D5F2E5EDF5F6FAF6
:100D6000FCF90C06FF15FEE7FFFDF50C12F10DFB7B
:100D7000DD03FB2204F500F9F60205F501F403F3A7
:100D8000EC09E600FC05F1ECD6F613F909FFFBFFD0
:100D900008FBFE0AF704FEE8E8FFF60BF6000FFE7C
:100DA000F9EE17F40CF3160106EE04F4F502FBF667
:100DB000F4FC01FA0F011BE900F5BE0F17FB050853
:100DC0000902FCF1F6EF000D0BFF02DF16FF08062B
:100DD0001116F1FDFE0BF506F80802F802EBFA1207
:100DE0000F0103030500E4101A2909FB130507FA94
:100DF000FB0000F4F704F9FB17F9FCFFF903FE1000
:100E0000F0D3EBEFE3F3FCFEFCFBF3F700F70FE4AA
:100E10000700F602F10401F0F208BC21E603E90341
:100E2000F906FDFE0BF1F6E01EFEF9FFF1F9FB03FA
:100E3000E5EBFA07FDFDEC02F4F204F0FDF0F5E756
:100E40000BFBFD19FDF4EAF7F5F6120D1819F1F395
:100E5000FEFA0013FCF301180D040C0AF5F2EAED9A
:100E600011F652F0F4FBE7FA03FC0607F7E9FC235E
:100E7000FBF1FFF1FDFAFAFB041919FD1003F9016A
:100E80000CF700220801F8030BF302FA0CFE170915
:100E9000111FE600F2E7F401F3FA0AF7F9F9F5E9B0
:100EA000FE0602ED030C1AF20202C3F8FFE4FCF4A2
:100EB000FDF505F101FFF414FEFF0005EBF4FBFA6C
:100EC000F6C217F9FE0F000401F102FE070AF90B42
:100ED000EA05F608ED01F70DF2F8EC2204FEFA023D
:100EE00007F900040400F503F203FAF40C07F9FC17
:100EF00009F9F611F1F2FEFB01F402EA04F9060920
:100F0000F806F5E605FE0F15FCEBFC0FFD01F7FCFE
:100F1000FFFD01D2FDF7F7F5F3FEFF0705F3F2FC45
:100F2000ECE914010C09100BF1FC0F070002F8F5B5
:100F3000F9F7F50F05F7FCFAF2060C1015F912F3A4
:100F4000050301030212FCF200F7F00E0C03E4FDAE
:100F5000F90BFC13160F0801FC0504EFF8F8F7066F
:100F6000FF0DEAF701F20211FFFE061C110D08FE4B
:100F7000FEEEF7DD07010AF7FEFDF71BF4F6021B94
:100F800003EC0AFDF50AF9050904FE100212FD142E
:100F9000FD07020AFF080B2C0502F905FE0BF6FD02
:100FA000FB09F7F001070A020BFE00FC1301EF0535
:100FB000090B0E0B1604FDF9FC050700FC02FCF8FA
:100FC00008FCF70CFBEF04F1FC0C1907F403FF0815
:100FD000FE020AF0041A0CEDFD06FAE906FD0615FC
:100FE00002F8EDFCD51009FE12F6050EFD0E020DFD
:100FF000FDFEFCFF07FBFDF8F803F61321F300F8F4
:10100000F7FF04F2020AF902F2FEE40E060AF9F40E
:10101000E40AF4070F0EF9FFF603080601F600F4E0
:1010200002F5F5FB07FC0311F4160901F5F3F501D0
:10103000F1EF0601FB0403F5F705FD0A090B00EFCC
:1010400005E4DF18EDDDFC05040AFEF9F802EDFC0D
:10105000FB09F60C070508F401F306F9FF09FCFB90
:101060000A0301F400F803EF0E0E09FB0208FE0567
:10107000F3F50A0D071108050EFD0219FCFDF90034
:101080000405F808F00FF90C0016EBFF0BFAFAFC58
:1010900012EE000901FB07FDFA05FFF91F12F2D954
:1010A000061EDFFAF5F5FA0CFAEB09F9F3FC03F486
:1010B000FFFBF4EFFEF303F70AEFFAF8270FFE0346
:1010C00002F2F2ED15FE010D020206F7EFFBF3113D
:1010D000EBFA09FD2502FF09170A0207FF1B091198
:1010E00002FB01F0F3FDF503F5F3F7FF09F902F94F
:1010F000FFF7071B0AECF20E070CFFF60EFEF7FCDB
:101100000B0F0B000702010804FE0AF9F0EDFA09C3
:101110000311040609FDFF07011711E8120F040966
:101120000A00FEF7F503FA0AFEFDF10B0FED02FDD2
:10113000050718FCF4080AFDF50902F7FD08081771
:10114000F904F7FD0FF5F9FC09F20B05F1F704FDC1
:10115000020000F6FC0E000AF90900FFFFFA02F790
:1011600003FD0203130002FB0206070100FC020953
:1011700012F801FCF7F7F8FB00FF02F913FAFAF98D
:10118000020700F3F5FD03FFF7FE0503F90801056B
:101190000707F9FCFDFD09FBFF02FF07030402FB43
:1011A000FE00FDF90500060606FFF300FC0101053F
:1011B0000AF3FDFB06FEF5FC0705FB08080007FD2A
:1011C00003FDF80A11F7F9FCFB0BFD0A01FAFE0218
:1011D00009FEFE01030407FAFC01FC04FF1B00FCEE
:1011E000FF0901F80205000B08FF070505FFF7F9E5
:1011F0000305FB02000AFBF80300FE02F901FD04EF
:1012000004F9FAFDF5FA06F011F2FE08FFFE0A00F5
:1012100007FB03EBFDFB0602FD07FFF8F9FCF9FCF9
:10122000FBFAF906F4FD0303020204030BFF0A0AAA
:10123000F702FB0401FAF7F0FB080BFA0CFDF4F4DB
:10124000FCFDF7FF02F0F9FA0205F9FFFBFBFDF5E3
:101250000403FCFBF9FDFAFCFD0607FE01F0FDFEB0
:10126000F90CFE0C04FDFEFCF701F9FC1D0DEFFB73
:10127000000104FAFF0006F5110006F610FDFAFC65
:10128000FA0C06030FFC01FD040401F909EC07FE4A
:101290000AFBF7FEFCFDEEFC05F90CFD0403FCF572
:1012A000FE0302FFF703F2FE050004FBFF03FA034F
:1012B0000504F6F911FB0702FB0104F6FDFAFDFF38
:1012C0000507FDF9FEFE080108FFED002108F907FA
:1012D000FFFBFD01FC070612F2FBFC1A03FAE319FF
:1012E000FEFB290B1D0A06FA0005FC00090300FF9E
:1012F000FC020102EE04F9FDF3FB03FAF7EB0E0624
:1013000008FD0112FDE906F106010DF0F7F6F50002
:101310000E13E3F2F8D10602F8FC00FD04FEFEFC19
:10132000F7F8F7FC010E200333FBB7E2FD1EF801CE
:10133000030307FB040500FC0AF3F61B04F7FCF6A5
:10134000F605F5FE041FEC05FF07F810FB11FF0280
:1013500009FAF716F7F1F2F0EA0BD402040112F3DE
:10136000011105FDFB21030F05F101ECFC0A07EE5D
:10137000081ADC0C26FA0B06F8FDF8F5FC1EFF1522
:10138000F50904F1080EF9ED12F4F10301F701F586
:1013900001FF08EE030A06F606040A02F800FD1B28
:1013A000FA0EFBF93007FA020509F408021F05FAE4
:1013B00010F901080F06FEF8F507F40714020208F9
:1013C000FEF9FEFC090FFEF907FEFFE9F512EFFC3E
:1013D000F81E15FFF800FF08060206031000FBFCCC
:1013E000F2FEFBF9EFF9F2FC0409E2DF0516060C48
:1013F00004F10203040403E9ED08F602120211F0FD
:101400000FFADB010C02000B030D03FD03F80CFACD
:1014100008F508F208FBEEE501F2F2FA110118F501
:10142000FE1707FDFB06FE2C0D0004F6FDF8F7F095
:1014300006FBE5E102FF0804FEF8FC00FE22FD14B5
:10144000F60A0A0AF002F60D0C00DFFAE41009F5BC
:10145000FC05FFF1FF0EFEF10206FB0AFF042A0A5B
:1014600000F7C2082000EF0FED1103E303F702E6D7
:101470000602051EF80AD826EF15EEFF141108F52E
:10148000F20B05FE0FEAF407F6FEFE08F7F1DB1D8E
:10149000F811160AF3270AF0F009F60100E002112C
:1014A000FE05F9FDE1F0D30AF10D1AFEF2E50D0794
:1014B000FE0BFCFC07FC0804040306EFF203170410
:1014C000FA24D709DABFECF6FB0FF4F503EA0EFFB6
:1014D00005FF0603FFF3FFED101814EEEDDEE4FE4A
:1014E000FBFCF31AFFCBFAEF0DFF0C3AF4EB0F0BFA
:1014F00000F10BF8C1E8F406FB07022A04D403D874
:101500000DFA101C030B01160A0144FBFCEDF30D50
:101510000105070200F80714120708EE040ED6F5BD
:1015200002FB1B02F0F11D00FB0208EC07E2F80EC3
:10153000EEFA0BFFEBEEFCF80B0B10F016DD1C02C5
:1015400015F2010308EFFEFAE00604FEFFFF16079E
:10155000FCE7F7FFEFFAFA02FCF20E03EBFF0DF4E3
:10156000EBF40AD81923171507D8EC19FEDDECFFA8
:10157000FD08110810DCF5081300FE1EF9F5E11155
:10158000FEFE200F0802040406F6FCE009F204EE59
:10159000EF070616050A011207F60600FD00030410
:1015A000040405E5F50EF5D501F2040AFE01FB1B66
:1015B000F8DFFC0EEE03FBF702F7ECFA02F306F994
:1015C000F0FC08032606F70604EC14133243EAEF96
:1015D000FC0704F4FA000021FC01FC0DF900D71B04
:1015E000010541EDFD09FB02030EFB18FFE0FE07BC
:1015F000FCF20A09EAFBEF080D28E6EEE7EA06002E
:10160000FEFF090008D916F310020B0EF4F50007CF
:10161000181FDCF001DD0007FCF5022A06F70FFBBE
:1016200004FB0E11FF0F181C2A0CB5EB121CF7F669
:1016300000000DF0FDF6F90607F9F91D00E80413A6
:10164000F3E6D900052BFCFDFD02001AFA10FE019D
:1016500011070017F5F3DDE8F321F507020515F48E
:1016600008F7FD06FF0307FE01FCFCE402130F1759
:101670000A0316EFFFD802070EEBFD04F81BFF1557
:1016800002FC04D0FD0418FB19DDDE0FF5010D0688
:10169000FD0402F6F71B04EFE4070015FC070AE857
:1016A00003E1CF0A36F9E504FD01FEFC040408EE6F
:1016B00012FDFE12320ADFE801FF160B15F40603D5
:1016C0000106FFFC0231070706FFF9FAFFFFEEFFF4
:1016D000EE0026FD0F15E7080000050A0718FD09B2
:1016E0000BF9FEF10C13FCF3D90006FEF6F700052A
:1016F000F8070503071004FCEF0BFDF21F0504EECD
:101700000F0AE2F3F6F608FF030805F2F8D50D0814
:101710000F0502060FFBE40B140520EE0B140DF26F
:10172000080700D9F20B04F300FB0A060EF6E91EC7
:1017300024FD2BE3400F07F0F807EFF9FE21FC1220
:1017400009FFFB02FEF8ED0AF0F21FFF15F3FBF4B0
:10175000FEF7FBE801D0F9E90BFF01F6F80FFADB21
:1017600002EC17F737FE070DFCF5FEFDF1FAFE154A
:1017700019FEFAEBFD000CE108DB14FFF2E10001B9
:1017800005F900F6F80FF014FEF204D50A08FCFD86
:1017900009F40C04F418F6FCFE0405DE041B011C1D
:1017A000F30DF9E3FCF1FCD3DFF1112EEDEE14F2B1
:1017B00002FC0500FC00031FF4060900EBF3FEDE4B
:1017C00006DB11F7082CF804FDFBFE2503140402C8
:1017D000DE0AF8F701F52706F2E5F8230119DE0421
:1017E000F9FCFA0EFC06F0FF06F5FF022EFEE3FB05
:1017F000112A0702E4DB050105F7F9E104D80FF42B
:10180000F9FDEA06F4F6CA0EEA0B03FBF0FC0DF94B
:1018100000FDFCED08D5FF02F9FAFEFBFCFDF62405
:10182000140133FAECE0FA060003FE1401F6F61692
:101830000BFDFDF7E5F51016FB0500F505F903FABC
:10184000F608071DF6C0FAF608F70B12FF0911E6B5
:1018500007161103F6E8F61600F40CFA07E4FEFB8F
:1018600006F80B0F0005F9291109DC144FFE05FCE1
:10187000F90200F6FDD6040112F4FE12FDEFF23477
:10188000ED1129F925090AFE0AFE00E60D160413DA
:10189000FD01040CFAF4FA2CF5F421F5060318F313
:1018A000F9EB08F8EC12FE16F10C10FE07F7091F11
:1018B00013011926ED030EEB04FEF4F3FE19FD03EC
:1018C000E702FEE6FCFA00FF1EEFEDF203FBF9FF74
:1018D000100A08EAFAF20809F307FD0303F8EDDF3E
:1018E000FFFDFAFE430FEE080504F719FFECF61EA4
:1018F00006FDF8F8EDFB00CFFBD514EEEFFFF90B7A
:101900000D01F9F7F312FA230EF7FAEFFBF9F8F4E9
:10191000FF041006F4D7FDF3FE06FBE4FDFDFB0516
:10192000F201F70DFAE60EDDE301192AE8BC02FC2C
:10193000FE12062406E6F4F80810081FF3E8DFD4C8
:10194000E9070AFAE6D0E008010D043AFAFD0B0EA9
:10195000EC11010CFAFF13F3F1E5F9F7FB1DE211AD
:1019600001130B1BFE0F000D03F4FEFB1D12CDFD3A
:101970000A04E3E50902F40FF001FBDF04F4F814B4
:10198000010FEE03F5F4E0E6FEEB221811FB040470
:10199000F9FE04E203DCF82510080BDBF202EC3060
:1019A000090444E5DCD2FEF71104F309FEF5071C37
:1019B0000F0400F2EAF4FAF2F60D23F7EAE40C0E53
:1019C0000906F31405D7FDF704E701F5F10E0D0044
:1019D000F70D0BF7E6E4E707F9FE08F50AC2F3F5A1
:1019E000FA00FEFC09131328EB1BF8174901FF0945
:1019F000F108FCD90DC8F7092206ED1E1BEFF33DD7
:101A0000053210EE320A1AFC0A0AF7E61101FC024E
:101A1000F7FD0DFDF5FF013BEDE81604070D16037C
:101A2000050300F2EFF9F91CE90015EFF601200EAD
:101A30002A101520D30F02060802FAED01F9FD2144
:101A4000F70104F609FA25FA27030C03EAEF020668
:101A500000F7FEEE060AFFF80602FD03FE0A11F586
:101A6000FBF6EF050F0303FD0BFEEB02FBF902FF94
:101A7000F9F7FF100205FEE4DF01ED09D6F50D00D0
:101A8000F1020407FBFA02E4DDFFFBFFFA0A0D0690
:101A900011D0FA02F4B6FB0600040C0400F80EFEA6
:101AA0000A02FF0B01FA11DF11DCE5F20AD7FB0293
:101AB000110DF3FB00F40109080202F605F7040812
:101AC0000520E8FEF5F709020908001C0503F31FCD
:101AD00013FC00EEEC00F30FF40E0AFCF7F009061D
:101AE0000504FCFA080C0CFCF6F0FCE1FB03040412
:101AF000FCD3FFEFE30BEF0409F5F6F2FB0BFCF36D
:101B0000FFF7F0E90F0015FCEEEE002F010CF802D4
:101B100000FC05F2FA00FF01F800FD03F2FA0819D3
:101B2000F9F32508F10818FF06FFFEFAFB1BFFF882
:101B3000FA02020FF002181505DC01081C00F3FC84
:101B4000FBF703FCFA29FC0ADE09FD000A21ECF090
:101B500016DBFB0317E8F8F5FE1506F00303FB059B
:101B6000EF17F3EE0AFA0102DFE2141B081301FF7C
:101B7000F90303EAFE28FF0FFD01F90A07FC06F14D
:101B80000AEEF60D06FC030605FDFF07F507F5F85E
:101B9000EDF9F8F2100220F6E715DE0C1601F5F863
:101BA0000001091E03EA06F70504F0F0180609F81B
:101BB000F853EE0A3D2A100D0611FFF7FEF7051344
:101BC0000906EBFE0807E4243F1FFDC4EDD2FCFD2F
:101BD0000503F8FE08FAF6F3FBFF050001F51B0309
:101BE000EED507FDC6E71F080CEE020001070DF851
:101BF000D918FCED0205F6110CE6F406F5ED040724
:101C0000FBFEFC20F0FB100AEBFBFE13080A210A86
:101C100005EEF3EFD6BEE0F6FEFAFC0DF800F7EAAB
:101C2000020406F4041E07EC00D6F5E8F740000AAB
:101C30002109FDFCFE27FB08F50E00FE0700F92A2E
:101C4000F5E5011506FA1AF303F3F8EA0AFE00F7C0
:101C5000FA04F6F9FB01E51B1DFB02FDF2D125FBA1
:101C600002F308FAF7E206E9E50B07FAFDFC21FCAE
:101C70000BE8DFFAD1C1F10812F80809F91A03FBE1
:101C8000FBFFF9F22F11FDF921E1DDF0F700ECFB8C
:101C9000FE0A05FF10100DF710F00510E1FDFD1D07
:101CA000EE07FC02000A0F04FE0CF8FCF5E4190C28
:101CB00019F3F01CFCF9DAEC0B3216FFDE060E0706
:101CC00002F801FCFF15FB07EE050A05ECEF1E23E9
:101CD000FF17E9F9011AE7FEFBFE0316F207F9FD0B
:101CE0000601EEFC0BEF0DD0FE1B19F8DFF1E30847
:101CF000F70E051C001BF8FCF60D170704F108DDB4
:101D00000AF00AF1D808FBFF000402EDFF0CF3E62D
:101D1000DBFC11F4F30EFFF811E41209FE0003F7E7
:101D200000F5F50B030D0FFE0302000106FB09E7AA
:101D3000FD09D902EDF7ECFC050AFD3B0BE00DF5C2
:101D4000010E10050BFC0FF3FA2CFD10DEDAF70480
:101D500005F40609F710FEFEE703FAF7EBEC0E01B7
:101D6000EFD7CB1CE7D9F2F5000AF9EC04F80DF631
:101D7000E90CF8F608040FF3F4D7C0131B19FAF9AD
:101D80000BFC04F7F6FD0EF9FC170BEF060B131115
:101D90001202FE110FDD1F1402090EF2080302F5F4
:101DA0000FFF11F6FB13F7F6FC11EEECFAF5FC0948
:101DB000FE0C010F070807E10C02F90D05F6EE070E
:101DC000031FCA09DAE0FA0DFE0D150C01F0FFE55C
:101DD000130B010BFB00F604F01CE10AFFDB0FF70D
:101DE000080002EDF42A1008F306FCFB080605F7CC
:101DF00025EBEBEF121CF8F0F907FBD9FD1B0826C9
:101E0000FF0B0DF3F4F31AE826DD06FCFA0B0AF2D9
:101E10000503FB040B0E13FD0C0907F8EBF10C1581
:101E2000FD130809D50EE3FEFF050822F313FE1487
:101E30001B0400E2F106E6F2F20DFEFBF9F1E9FC0B
:101E4000020B0A20060E08F4DEEF0A02F90EE8E89B
:101E50000BFAFDE800EEF6FA0505FEECFBFC06F0D9
:101E6000070003FCF5F701D7FBFDFA19CC05F802D2
:101E7000F60E0400F31C07F2F6030FF8FD0D16D75B
:101E8000F004CD0707E0FB0104F8F907FEE008E4E1
:101E9000FEFD00F50D0A26D0C9EBDC06F4FEF300CA
:101EA000F511FD3105CB0307F2F710F701220FE61C
:101EB000F9F6E6F7DAEB02030900FEEEFEF201E6C0
:101EC0000EF6040A090105F706E5F6FD08E5F9F73F
:101ED000FFF305EFFF25FA13F30701E90BFB00EF12
:101EE000F4E9E1062011EA10F705FEE5F7190B1BEE
:101EF000F906F8E80EFE03FEF5FCFC13282706FDA4
:101F0000FE07FED8F515FF28000BF6FB00F9ECF1F3
:101F1000C3061713032213FB010605F608F7FF1982
:101F2000FDFF0101EDF8D501E2095507F9ECF2FDDD
:101F3000FD0402FB06FE06E602FEFF0CFEFAFCDFD5
:101F4000F611D7FE073000F7FB0503EDFCF50202A2
:101F5000FA0303050311F9F0F8FFF9F7081300037A
:101F6000FBFEF5E0FEE902100C0BF32B0100DC0395
:101F7000F8FA050A06081608F6F708FB02DA03ED78
:101F80000B07F826FEF3E8200BFC38F900F6F60301
:101F90000A06F916FFF707F71FFEFAEFF6F809F839
:101FA000FC23EDF7E516EC0DF90804F80602F40B36
:101FB000000E00F8EEFB06F0FE08EAEAEE0DEE0772
:101FC000FBFEFFFD06120A0A1AFCFE0DFBFFE603EC
:101FD0000E04FDF908FA040CFDFDFB0BF8E0FAE233
:101FE000F2F8F9FA0502030D0CFBF1F6F908FD0809
:101FF0000EF5060D050BFDF121010D0B00FDFAFCA0
:10200000F40CF100F1F3FDF5070303050913FB09D7
:10201000F4FD0FF50305E7F3F5FDF2E208F3EF0534
:10202000EDFFF511F0EF010504030007EA0000FAE7
:1020300011F4F201F2FAFD05FFFBF60FFBF1F40AD1
:10204000F102F6FCFFF91C0B0C03D4FCEB0B010AAC
:10205000F613FD01F5F001E8090002FA0E00FEFF9B
:102060000F0EFEF7FB0EF7F80104FEEFFCE8060A80
:102070000C030801F2ECD614011D1C093B410103BD
:10208000F40E04F8FCF5F7181BFE0B09F4FBEAFF4D
:10209000FA260BFC07141D000712F3F010F3F6EEFE
:1020A00006070106F2FBF7051110F5F3010FFBFA25
:1020B00000F906FFFAF4F7180EF9040A040D16F0F9
:1020C000030125F0EAF006FBFDF9F5ECF9E304FF66
:1020D000100A061204FF1601D5F80EFEF91BEC05D6
:1020E00002F80918FA0BFF00060F041800FB03EDB5
:1020F000DD0D041EF02EEE1101FEFEF60AE607E6E7
:1021000004FA000109FFFC1A02FCF3F3F504F6FFE0
:1021100001FEF3F5FC04F0060DF70206FBF9F9FEEB
:10212000F709170D020408FEFDFAFDFB02F1EC139E
:10213000ECF70FFCFBFA0F0814EEF705FCE5FA03C9
:102140000F02FA0000020304F9FDFDFE0901070277
:10215000F6ED02F802FDF30101FBFBFA0A0406F1B9
:1021600000EEFF030BF4060419E7F30ADEF6F8FEAF
:1021700005FD05D402FEF2F3F3F6010AE5FBF505D1
:10218000E9C806F8BCF4FBFCF6F002EB01FFF6D65A
:10219000FEF4FB11000210E6D6CCE10FECF2DE0DEE
:1021A000F4EF0A02000003E00AFAF6FDF7FC09EC7E
:1021B000B9E4E408EAF8EEFE040400F702FBE9E6FD
:1021C00003FCFA040FF8FBEDC9F0F91F132A05FC14
:1021D000000B060D05F609FD19FD000802FD0401BE
:1021E000041CFFFC01F403FA0803F20307FEFA0CD7
:1021F00007FDFF040D06082700250D021B02020043
:10220000F0FF0C06F8FE01FAFDF202F80809100CC6
:10221000131803F8142B040504FF0BF90B0606EC46
:10222000EB0706F6110D0610F8F8FAF904EA0E0AA3
:10223000F8F5F611FFF1FF0B0DFCFFF9F7F827F8A1
:10224000FE0807FA0044EF1705F40DFD0507030724
:102250001D01FC03FC080CFD05F0FB06F32CFCFF44
:10226000FB010B17FDF90EF30FF6020C04FA11FE39
:10227000EB1AED2CFE0EF8FFF4020DFFF5F7050248
:10228000FE01F91F0501DFFADC065219FF0A02F907
:1022900004FA0503F80EFAF1F901040B070A0DFA26
:1022A000FDEE0800DAF70406FF00FCFB0AEA04F77B
:1022B000F4EFF7EFF7FA13F704F7CE17F80301FE80
:1022C000FCFF00FDFD00FEF6FFF10AE91402F90B28
:1022D00007FDE719FC00EFF9FD04FA04F8F001FE30
:1022E00012FF06FA10FBF005081CF0EF02FBFFFDE1
:1022F000FF07FAF508F9120E0E0BFF06FBEE0218A7
:10230000F3E8F90DE00008FAFB0EFFF0FE0604EC1E
:1023100006FEF009F50BF9E9F8E9D614F6FCE90533
:1023200008FE080402F1F8E01106F904EFFE04F4D7
:10233000E3ECF20CFDFDE2F3FEFB03EDF8E9FFEA4E
:1023400017F3F91106F1F8FFDAF502FFE6EE0BF9E3
:1023500007FBF909F7FCFEE80207FC0C05091FEA78
:10236000FE0EC200DC06EE00020511E001ED08FDE4
:1023700012FCEBFC0C04E4F31D07F3FDE93602F854
:10238000060AF9F514F3FE0C03F107FEFCF4E2D89B
:10239000E5E7351D0319E60006FBF7F0030307F236
:1023A000F80C06F604EDE5CAEDD845FD07E810087F
:1023B0001005FE09F903010B00FCF2E3FC110BF917
:1023C0000A170BFDEEE1F5F2F10202FB06C406FE70
:1023D0001DF003F70802E8F3190B23ED0BFA06F7DB
:1023E000180403FE05C9F5E32B03F32101050415C9
:1023F0000410FBE2EABF0209F3030A0EF7D112F35D
:10240000EBFEFC0AF605E607F326EDFE0FFC07F4EB
:1024100004FE01FE06FD0604060B0AFAEDFAFC03B3
:10242000EEDB4DFFFD08010B0D0204E9F0DD0012AB
:10243000ECF605F0EBF1EF21FC18F702FFEF1A00C4
:10244000FE0405F1F6D209E8021D16020AF71E1E67
:10245000FEFEEE0FFE01FE08FA14050D10F8F8EE70
:102460002EFB0AEE18070022F3060FEBF2ECFAF847
:10247000EE0413E500E5F309F7F4062BFAF9EB0097
:10248000F8FC0E050918FE070A0EFBE103DCFF024B
:10249000FEF9FBF4F0F6F5FD19FAF00E150402E76B
:1024A00003FE0FE6F41E02FBFD0D0905F204FF1505
:1024B0000806F20D130E0102FF0A07E70CFBFDFAF6
:1024C000FBFE09F603FD151AF2EBE7D3240EFAFB27
:1024D00009FC08070208FCFA00EF0A0507FC1E09C0
:1024E000F107D304F114000803FD0205FF0F05D91D
:1024F0000E01F417F9FB051B0108D202EE34ED05BD
:10250000FA0D020708FBFF010F10FB0901FCE81A96
:10251000020102F1F053EEFA11FAFF150FF8FD0E69
:102520001000051FFC02ECD3F11317EA19E40406AE
:10253000F602F9F5F51005FCFA14FFE808FA1FF7A2
:10254000F404EEFFF5E00C0300F9F70304050502BF
:10255000FB02FEF5F7F902030AF1E201EBC510F800
:10256000F704FE1D0ADD07F319050013EEFA21EF4B
:10257000DFFD00FEEECEF60A0A09051EFFFDF6F8A5
:10258000ECF70C080F260D06FF03F7FC0B02FAFD13
:10259000FCFB01E40613FE06ED02F8F70810030E3B
:1025A00000F0F60008FA1B0B0D0E05F3FCE609F52A
:1025B000E8F8FDEDF3FFE9F301EDF3FD01E90700B4
:1025C000FAF408ED070C0BF9D9150DE10B1202EF27
:1025D00002DDF906DBF9F006FD10F60A081FFEFF22
:1025E0000A010DE7070A0BF3E9E6F2FD18FDFA0B05
:1025F000FF0C0307FB0008FEF101FAFC150EF8FAC8
:102600000209E10118FE100807FB01E7FB0AFC12B2
:10261000FFFAECF10C01EC0139F506FEF90106F7C1
:10262000FEF811E5F509FCF5040609ED0103EA23BE
:1026300022FA14061B0405FBFE01FEE2ED17070259
:10264000FB0507F30406E202FCF1060B10FCFB0994
:1026500008F6FFEBF9FFF706F20FF0E2090A2B028A
:10266000F8D7D50D14F803080D060F200510FBF060
:10267000FCFD01F6FF0313F9FFFBE1FF03FB0F086D
:1026800004FE000D0913FEEBE3EE03010211011835
:1026900010E4F9F8F0BBFAF600000DF7FEF909ECCA
:1026A0000EF108EEFB06FB0906E9F4F5FAE70BFD6F
:1026B000FDFFF406F4F6F8F418FBE9FC08FC07EC5F
:1026C000FCF9E115DFC9FAF507FFFE0D061BEF0265
:1026D000030DEAF4030DF300F3E808F90AE9020830
:1026E000F7F8F02100F305EFF40AF7F0160412F200
:1026F00004D4E4F9F5FEF6FDF5EF09F8FCF501EA7E
:10270000EFF703E00EFF17FD20E7E701F7FCFEF609
:10271000080C080FEDFFFD0AFEFEF5F2F4F509E5E1
:10272000FC10F812F1EC0613FB0A0BF707E7F105B2
:10273000DB01FE0C1506DEF71A0A3DE80F0205065E
:10274000F6EE0413FEFDFAFCD3F8E7F2F6F910DF1B
:102750000FD1ECEB05F8EB07F8F700EA07FCF5FB07
:10276000F6FD02EB121119E716EC0243E0E7EB0964
:10277000FEFF02F905F6FD04F70402EEF3FAFBF49E
:10278000F8F72C00E7E40005FAECF71205F5F5EA96
:10279000F30304040A0216FEECEE160BFD02FB0620
:1027A00006EB0820FEDF06CFFB02FB0A150E0DFC30
:1027B000DB00D404D7FCEBF8F60AFF1303E503EEC5
:1027C0000FFFF9EA100304FFF0FFF909D8C00D0864
:1027D00007FEFF1100FBF6F310FFFFF4030533D6ED
:1027E000F401B1F5FE0DF6F804F312E50AFA05EF6F
:1027F0002B0406FD0703E9D5FBFB07F2F036EFEAF1
:10280000010B04E30A01030C05FAF5F2FCF9D1CD42
:10281000D2FE2C0BF92EFEEBFA0100E903F105FEC6
:10282000010301F9FAF8D1B7E8D2450E0EE00BF931
:10283000F9FFFE0D040EFE070D02F7EF04060BF282
:10284000F9FDFB02EE12F5F6FF09F5F004E00A20AF
:10285000F7EC11F40305EDFE1D0114F70D26FDFF45
:10286000F10508FAFCD3F7F830F50301FBF903137F
:10287000FA0C09F4F6CB1001110EFEF2FDD3FDE9BE
:10288000F307E5050B05E70D0015EE0CFB0205044B
:10289000F9F8FC020EE802FEFD0BFEF304F8EE0868
:1028A000FAE531FBF1080801FFFF05F402DF0A0336
:1028B000FE010AF4E5EC0011F91201FB21020C0DF6
:1028C00002070CE5FBCAFBEDFBFAFB00FFFD180B52
:1028D000091DF020F1FBFD09F1EE01120CEAFDEDFE
:1028E0001B010BEC0C05FD2DEB17F7FBFBEDF0F5D9
:1028F00008FE05FBFADFFFF2FCFD090CEDEBDBEF58
:1029000000F11EFC2011EFE70B0B01E400D4EB1BE0
:10291000F305FD0AE8060C09010D06F70EF80B0990
:10292000F9EE05EEFA200F0A110D0206FDF2F2177C
:10293000050C1500EE090A080CFAF40AF40D02FE63
:1029400002FB060301FB191C040518DC14E6020057
:10295000FDFDFF21F9F0FFF9F5FEFF04EEFFFADFC0
:102960000DF716E8F4F7FCFAFDFAF802FFEBFF2486
:10297000FAFD02E5FDFFFAED15F6EFF917B1FC0AD5
:10298000000D01FDFEF60A0EFEFD01FC050206FA31
:10299000F8F70406F6CE1CF307FF02EE06F4FBFB85
:1029A000FD090C0207F2EC03FEFF0CF2032502F610
:1029B000FD00030F02DBF303F20AF2F7F4F3000960
:1029C000F2CE1FEE24E8F30205FD0B07FD0005071C
:1029D000F5FD01011005FA160A00F214182808FE88
:1029E000010EF9EEF81B0811FF03EC0D01FBD9F104
:1029F0000C1A01090B2109FBFF0509DBFDF2000C94
:102A000008FDFB1CEEF3E014EE060FDFFD0CFD0FDE
:102A1000FA03F6FB01EF0BFFF5020401F2080D21AA
:102A20000CEDFB05041DF100FD110700011A020861
:102A30000FF20513FD08EC07F805F3FAF710F6F9A5
:102A4000FB0C050704EB00F321000420F1EEEBE49E
:102A5000F82C1803FB060C04F90E00F805F107EB3F
:102A600011FDFB1DE7F20C0C0A0CF7F4F60AFE0050
:102A7000FD0108150A03FDF802FAF507F4FEF71444
:102A80000A0406FD25F8F8FEFE0FFA14FA0CF914F4
:102A900006F304E7FEF5D7140D1915FB0FF909F637
:102AA000F90106F30A0103230C020CFFF7F30409F2
:102AB00023FE14FE0BF904F90101FDFB0122FB0AC0
:102AC000FE07FF01F3021B1012FBE40614EE0600E2
:102AD000FB0505F5F316FBEDFAFF080908FD1407E1
:102AE000F3FDF81D0D0F0607FDF5FB07052701FD9A
:102AF00006030205FE0A1810E30EE10DE8D5FD06F7
:102B00000404FF00FFF311FFFF000014070BEEFEAB
:102B10000F0DF3080717FB0502FCFB1A000106F86E
:102B2000FF01F8F90800030F1616E711FC06040070
:102B3000FEFD0404010D0AEE010105080BFAFD0477
:102B4000F70CFBFE0902F1FF04FEF4F6FC0A07FE97
:102B50001003F80605FD0403F0F9E60108BC16FBB6
:102B6000FB1302E907F801F9020204F7EF0002EC97
:102B7000FAED01F5F7F7100004FB04000E1701123F
:102B8000FE0903EEF80D1112EAEEE6FF0608020454
:102B9000060006EF042104EFF90BFBF6F00923EE23
:102BA000F5E7C0152A1CE200010407FBFE01020A3A
:102BB000FB0706FC0719F3FF06E7020CF710F9FE06
:102BC0000A0E02FA070F0BFB020903FCF2FB0005D9
:102BD0000907230FFFFFFAFF0108FC070306FDFEAC
:102BE0000A00FC07060C0EF0FC040C11FBEF04F9C4
:102BF000F304FC09021CEED6DA0CFCF5180D1FD507
:102C000007F2B80D21E70105080A04FAFCF30108F0
:102C1000FAFDF6EE29FFF4E306E6F6F0060611FEED
:102C2000060502DBFFE70D170610FB09F504F90F97
:102C300020EFFDE004031A040612010B06F903005D
:102C4000050600F9F803F81BF8F91817EEEB0CF17C
:102C50000809FE0A0D1502F9080712E8F514FEF836
:102C600004FC2A0509F310F1F6EE10F0FB1CE5DD7B
:102C70000606FCD30E021B0C1D1B1E1A15BBFF0EF5
:102C800004E30FF2FAFEFCE2E0FAF3DF1B0F260387
:102C90000809FC1EE7FAF81304FA1319F70C01E906
:102CA000EFF9F8E41A16FD3CECE3FF0E15F409F811
:102CB000F9F0FFECF816090EF405FEE315133108E0
:102CC0000EF3E715221F0BFEF7FB04D90423FF06C2
:102CD000EDFEFEEFFFF3122916FD0A15091B05EDA7
:102CE00008F503F9FED907DEF605FEFC02FD280C07
:102CF000FFF8FD0EF8070E0909FB020AF7040CE6BF
:102D000006FE0114FB1E0310021EE509E3FBED01A4
:102D1000F6FD0207FE1DF4E6EDFBFAFF031711BDF9
:102D2000F5E2E9040812F907020701F708EF0404C5
:102D30000302F12604EA15DEEEEFF52939F6050562
:102D40000B0DF1F2FD0503FF14FCF817FBEAFF0F72
:102D5000F62FF90C1517000A0A10FC030923F21EBE
:102D6000020F00FAF202030C0D0FFFD0D4EE08029E
:102D7000FB01FC0FFFFDECE30102F9F7F70418DE9D
:102D8000FA08E509C9F0F8FE070AFBF70814FF087E
:102D900003F9FAF5FE18FDEEFDE8FF06F30AEEF57D
:102DA00004100BEC020F0CFE010808140002E207ED
:102DB000F3F80FEC000E04F8FF11F9E7FAFCF91331
:102DC00006090F12E6F4F1F4E10946101906F9FBC1
:102DD000FFF80411F619FB00F0FC0E0D0304E90FD7
:102DE000FCE8190807F3FFFC030BF902F6FE00FAF2
:102DF000FE01FBFF04F5F1F608EAE6F9F8CAFE0564
:102E0000F207030AFCF8061A18EF0EFDFCF804F3AB
:102E1000011AEF02F0FF01E9FBFD1105FEF10209C5
:102E2000FCFE0301FA0908070808F6F013D0F903BD
:102E3000F3FFFB0AF011FF06F7FAFF05FF04FAF7AC
:102E4000FDF901121413FC0302FBFF13031404F732
:102E5000F0FDF6FEF5FAED02F801030D09FB06EFB1
:102E6000FE0700C5F41FFE0C13F2FBF8F9F4E2E7CD
:102E7000F612FCFC101603F6F6FEFCF31617FF1212
:102E8000F617040AEEFB07F10B0206F8070EFEFA2E
:102E9000000005E5F104FEFB0105FC0606FC0F162B
:102EA000FAF9F9001917D3FDF60300220530FA05E7
:102EB0001209FF13F8ECEDE8DD03DAFE280CF7F851
:102EC000FD0EFEF0F806F9ED21F4FAFAF802E4F945
:102ED0000217F60E09F41A08F60008F600E800E6F4
:102EE00000F60016E9F1DC18E814E3D6060409013F
:102EF000FDFB09FFFAF5F8F9DE00F905090115F205
:102F00000902F0FF26F4FDFD091A020DF9E907FC9C
:102F1000310DFC0209F0E0E7F2FCFEEE0BFB1EF8BF
:102F2000FC140DFEF3E1FD111706FA08F4F0FF079B
:102F30000E2EE6DB2AEE220AFA0CFFFBFB1D071021
:102F40000006FB09F90911154301B1CB0AECFA0C93
:102F50000B04FFF3FBFD0402FEF506F916FBEC186B
:102F60000AF23CF0E4F70400FEF9F715FCED041357
:102F700014FA0A03F3F8E9F9FDFF14F40FFA100349
:102F8000060CF80C09D40FF201F30105FFFA00E773
:102F90000B1BF7F809EB1900000BF805F8F600F920
:102FA000FA010606FD0015F81E0BB9EF1405FBFD2E
:102FB000020EFBED03FD052208F7FD1902E4E31004
:102FC000EA0E43E81E2900070510FD0F01F308FE75
:102FD000FCF7040BF3F30B05EA0CFBFF012B1AFCC7
:102FE000F50BFEDE0230FF24FC0009040308ED07A8
:102FF0000F02F307092AF600000FFDDF0A19EF1789
:10300000050004ECF6F8E4E601F90112FC25FCFEEB
:1030100006FF08DCFF1305FDFD0D011FF6F519186D
:10302000EAE0E0132C27F802F9130516FC2CFD0149
:103030001406010AFA12E900F708040AFDFFF1EC90
:10304000F514040CFFFF06FDF60200F8FE05D8F4A7
:103050000224050BE6EFFF0B010F07E5FDF0000171
:103060000300EC0AE507F0DB110705D40F0A100A8C
:1030700001FBF5E4F70406DFEF00F30C110517EE92
:10308000071901F40FFDFF06FD09040DF9EC061503
:103090001206FB05FEECE9DFFBF012DF0CFDFEFE85
:1030A000F00301F604EB0C150DF90AFAFEFDE5F844
:1030B00002F7FCE903F708FE00FC00FBFAFDF9FF4C
:1030C0001B05FF03E50A0E0E00FCE6FDE3F9F70021
:1030D00009FC03FBFD17F902FCFA07E905FA10FAEF
:1030E000DFF6D8101CFDF603FE0E05DF0E120019E8
:1030F000FA13FAFE04FBF40CF0E8F710FB3F08F6B5
:10310000040EFFF3010DF80E0C14FB0E0CF3D7E9BF
:10311000CE192204FE1EFFFCFE0704FF03DCFD1097
:1031200002F907EEF7E2D50FF31E3F09E119F9F2B4
:10313000040200000408FFF9F103F8EDF7FC01DEDA
:103140000218E6F805F3EEFFFE0501EE03E90AF4C6
:1031500005100B040C08FAF102F206F30713010440
:1031600003050002FFD8FB03200F0224FEF9E2FD55
:10317000F4090BE80DF70D08F906FC19FECFFCFE6B
:1031800007F603240305F71208141EFD00E9000CDE
:10319000FF08022400EAF30C060500ED08080DDC28
:1031A000FE29F7FCD206FC0AFFF4F50701ECFCF956
:1031B000F405F5EEFFFAE8F707FD0AE1F90CF8016E
:1031C00000F302F202FFFF01F9130512F3ED1713EA
:1031D000F7F602FCFEFB07FE0CF90710020C02ECEE
:1031E000FDEC0E04EF0E1C1309E8F9FA04EDF406E9
:1031F0000E10020200ECFE08150111FFF3F803099E
:103200000BFD08050706FDFFFD0004181200FFF383
:10321000FCFF0D020804DF090C1806D4FFFF03FEB3
:1032200009FD02EDF918FFF80C04F2FE0506ED1396
:103230000EFE1E140DFB10EF0BF905F8FA01060A3D
:10324000F6FE0BEE00FC010D12F4FD1015F806FC65
:10325000030DFD030A13F60D11F7FFFDE4FF010056
:10326000F6F01104E6FC08FDFAF601F6041607F57F
:103270001106FD09FB001D00E108F8FAC7DFF7F4AD
:10328000F4000808FCF2FFFCF809090509FF0FF932
:10329000FF0A0900E4CFDC0FFFFC131F06EB04F864
:1032A000FE1008F2081410D1EEEFF1FC2612FEFE1B
:1032B000E7F400F603FDFD0EF404FBFC00FC020540
:1032C000FCEA27111BD51BF9F8F00EF501F902FCF9
:1032D000F1FD01EC06EF0A08FF070A04F3C212F839
:1032E00008FA0CE60DD505EEFD000AE2F9092BEC13
:1032F00006CAF4EC04B4FA050AFFF70AFE0108F75F
:10330000FAFB0DEE12FC1BFFF8DDEE27FF21FBFCA4
:10331000FEFBFEE1050600F7FA0F0006FF01F608C6
:103320000AE8140C181009F00601F8D1F31203FB97
:10333000FAFBFA18FCF5F5F709DE0AFA29E424F796
:1033400006F5FBDBFF0CFFEBFF04F50813041FF78A
:10335000F9F2F906F10002F809ECFBFCFF1B030986
:10336000F01902E90202FE0FF4F70422EFFBF50C5C
:10337000F20A020FFC14F325000C0216FDF901FA03
:1033800011FAE40AF605E60601FD0AF20204F7FF67
:10339000ED19F4070B04F91A13FF06FA0D0F01FBE0
:1033A000FA07F8F9000BFBFAFB0DF4F306FC001D1D
:1033B000152F010C28150C03010EFF05F4FCFE0966
:1033C000040DEF03FBF9D618F24012C1E1C111045C
:1033D000F602000DF8F800DFF3F9F5E901FF1EF140
:1033E00011FACCFFC8AE020607F600FDFE0BEED5C3
:1033F000D8FAF9D3290A2BF405CBC30FF4B411FB87
:1034000001EE04D7072503E6DFFCF6DE1B3B3B128B
:10341000FDD5E117060BFD04F804FDF1FB210AFCC4
:10342000FF02F6EB1808000AEFDA0C0FFFE71A08A4
:1034300006F503EAFF1008F3FB02F8DE0D13F9F9B5
:1034400014EAE209173CF80008F705010600F0F459
:10345000EE0B09DC1DFD19032FEEE5200302F3F648
:1034600008FFF4EEF924FB00FE06F7F303FAFDFF74
:10347000F606EA05022A0E0A0410060400F704F90B
:1034800002FBF9F9EBF9F00C0A1DEEF601FB100353
:103490000C0302F906F503F8FC0508F00DFA10DA42
:1034A00018FAF904FAFAE608F202FC11041302F21F
:1034B0000FFCF8EF08F21DF3EB0D0505F807EBFE26
:1034C000F30C020500071000F704F1090CF8F6FCF4
:1034D000FD05FDF2DA010AFEFBFA0CFFFC02FE0814
:1034E000FBF9FB15F2FCFF030E08F602F1FF0E01DB
:1034F0000700FB03FB09040200FB03FFFC0102FDC4
:10350000FD020B05DF00F9FA0408FC0B0108FDF6CB
:10351000F6F70A0503081FF2E50F0DFA02F005029F
:10352000FEFFFC1E06F1FE0807FF0014110808F755
:10353000F50D0F13EAEEFBFAFCFC0517F903F9EFA2
:10354000F60601FEF20111F70807FCEFFCE0F7FBBD
:10355000F40503D9F3320113F3090305FAE914F46E
:10356000ECF8DD202936EEF70B2807EDFBE8200507
:103570000500FA0BE4EAC9DDD6FBFCFD2E2118009C
:10358000FE1DFCF105EE02F806040509DAF3CED6BD
:10359000F604EAFB01D01307FDF9FAEF04EB010D85
:1035A0000FFD0511E000021F24F8B8FEEBE4F11155
:1035B000080803FEFFFF0CDF24FFFC2F09EAF5DEFD
:1035C000FA2FE60F00F9DE090A1DFF07FE131201AC
:1035D0002FF5FA21E30CE7E3BC29FEFCFF25050CDF
:1035E000F710FE1CFC4D032202FB090AF410D3F174
:1035F00024F3E2F10E0802F90BF906EC0026012390
:10360000011309E9E4041BD034F1F709EC000803C5
:1036100006010309FBF51A0C1E0C03F0E9EFF92370
:10362000EC3EF1DAD30CE90A0907090CFF18040C87
:1036300004101700F5080ACBEE0300E2FA10F9FDBA
:10364000FDF70E2C0714FA05040516F7F009CEDE77
:103650001415EEFBCC01F903030C010F04E6F9D7B6
:10366000FCFFE1F8010606DFEFFDCEF221100606B1
:10367000FAF9F7E201F70CF30209FFE40AFB160B73
:103680000EF604F71FFB1300F80BFCEA01E917EE36
:1036900019FA00FEF4F5F2EDDC0504ED03F816006E
:1036A000FB18F8F608D5072EFB0006F8FC09F5F61E
:1036B00002DEE2D805F4FCF50E0906FB0E09081A35
:1036C000EFF70BFAF2F418F028E4D30AF910010529
:1036D00005FC05F901FE020103FCFAF8FDFFFBFD04
:1036E00007F6FE0305FB01FBFE0602FFFC05FA03DD
:1036F000020603FBF900F90101FEFF07040005FEC5
:10370000FFF90002FCFF0107FD0302FBFDF903FFC7
:10371000030501FEFB050302FA02FF03000103FF9C
:10372000F7020405FDFC020000FD04FEFC0201019D
:1037300001FC020604FAF8FD0106FE000504F9FF8B
:103740000800FEFDFEF004FE050200FEFCFCFF008A
:10375000FAFB0001FFFBFAFF02FBFB0CFFFAFC0285
:10376000FCFD05FDFAFFF70204FDFF00FA02FA0076
:1037700000FC00FD02FA04FAFA01FEFE01010BFE54
:103780000505020003FE04FFFBFB01FF05FF05FA30
:103790000201FFFB0303020200000105FDFC090416
:1037A000FFFDFF040FFAFEFFF8FFFEF8FF0103F92B
:1037B000F9FEF70201F9FBFFFC02FB0701FE020024
:1037C00000FFF6F9010000FAFDFF00050408FD0006
:1037D00000FD00FCF70004FBF8F6FF07FE0204FC06
:1037E0000502FCFFFD01FF030404FDFEFD010801CD
:1037F00003FE00FE0301FFF9FD01FE02FEFC0302D1
:10380000FB0002F900FFF901FD000104FDFC0401C9
:1038100007FB0000FAF901FC00FFFCFC02FB0301BE
:10382000FBFD0B0400FFFEFD04FCFDFE02FAFC069E
:103830000404F9FBEE02FF0302FBFD0107FEFD009D
:103840000204FEFF04000404FDFF0100191C07052B
:10385000FBFBF8F50410FD04F7FEF60101FE002B5A
:10386000FB09F31205F509FEF604F9EEFC0AF4F281
:10387000F8FEFB1AF202FF2E0CF8E5FAAF000EF488
:10388000FEFDFD10FEF8FEECE803F801F00B2B1432
:103890001FF7EEF2F31AE20C07FCFA12FC160AF814
:1038A0000CEFF20B09120FE709F2F0EA000AFBFF36
:1038B000FCF6F3F30D1DF2FEFC04FCF4FE160A0EFA
:1038C000FADEC90F23E6FFFEF5F5FCED000A05E977
:1038D000F4F600F5180007EBFCDC04F6FCD501F764
:1038E00000F7F40AF6EBFEE704FEF7E9FEFB130B24
:1038F000E7D3FAFFE3A4ED060B00073701FBFFEF68
:10390000FFFD04E01A221FE801F0D601FAE501FDEF
:10391000FA060805011FFC11F6FCFEE92E0EFFE079
:10392000F318C40EFA050A07F3FC000001F60219A9
:10393000FF07F1F303EAEDDB1D0810F11C0C200476
:103940000DF009E808050609ED0601E0040207028A
:10395000F9EB04FA250FFAF3FEF4FD1C07220A0323
:10396000000000E6000608F702EFE0F606ECF40CB3
:103970000502072B03F6F81002FE00ED120706F40D
:10398000111227FB01180203F3F40300FCFBF8FCFF
:10399000F7FAF40B07F9F7091BF018FEEC0F0BFF11
:1039A00009F00100F710F9E30202F50BF5FC070F2F
:1039B000E9EBD8FD1A0FFA0505FA051D0322F9FAFD
:1039C000F2FCFAFE0003F702FB0FFC08F1D802F04C
:1039D000000208E6FC04F6FCF3F804F50BFC070112
:1039E000F1EC2F0AEDF00500F90502F60810040CC1
:1039F000E30A0AF30901FFE2E8F017FB02BCF0FB5F
:103A0000F5FBFD0EFBF4FEEDF5FC06FB0CF8EBEF11
:103A1000F0F802140DC2FF020500010405CDF6F313
:103A2000F70603E700FEFC1FF0F90500121503047A
:103A3000FAF8FBE803FDF609FF08F4010504E51CAC
:103A4000060A17F615390B0C000A06E9FDE900E530
:103A5000FEECF30A0DFFF5220C0CFE070F16110405
:103A6000080605DB04F3080FFC0DFEFFECF6F80D6D
:103A700010FA060C182F0EF9FB0303E001FB09EE08
:103A800009FF040F02F8FC281EFA06F9F01F04FFD4
:103A900006080EF7FA27FEECF6FDFF11FBFE0AE81A
:103AA000ECDBCF10211EE704041112F9F31B0A14FA
:103AB0000911F9080303EFEF01FDE9031E18F2F500
:103AC0000306FAEDF10501F50E12000CFAF2EDF223
:103AD000F4160F07130405FA06030006FAF6FE00B3
:103AE00013FFF920F2F205FBF50536F5EADF0608CB
:103AF00001FDFC11040204ED0BF1FDFFFC0D02E0E1
:103B0000FF27E003FBEF05FD000EF609F8EF0404C4
:103B1000F1F3FBF2FC08E8EDEE0711F8FB02F6000A
:103B2000FE0501FD03FCFC1B02FCFDED00FAF3F0B9
:103B300008151DFD1E0DFEFCFC00F5EE04E504F964
:103B4000160507F6E500FB06E4042605FFF8F60770
:103B5000010002FC030D02F3F109F5F8FC070DF07A
:103B6000EFF2E405FE100401FF01080AFAFD04E586
:103B7000FF1B03EFF21021E80FE2D8FD050FFCFA5E
:103B800005F502F8070F04FF090C07E502FC0AFE21
:103B900002E4ECFCF8ED0AFBFE0D0A0303F400F569
:103BA000030002FCF3000005F3F600F7E3F1FB0865
:103BB000000B0908F105FAED0B05FCFE000BF7FB05
:103BC000FA0FF7FEF6B100F40211FE0CFCF103F956
:103BD00015F9F9EC08EFE8F91A3022FD0AD50002D0
:103BE000040AFE0DFAF2090DEBFBFFE2F4FBFAFC0E
:103BF00010ECF1F0FFF6F50EF503FF020A0F01EFEE
:103C0000FEEF06E609FB1AED1DF5E9FDFFEFF402F4
:103C1000FC16FE11F7DE0323120B04EAFEF3E4FAAE
:103C20000130FCE9D2F7FFFA0A0505F000E80010C0
:103C30001E070003F7EFE1F112302FEAE0FD050A5D
:103C400008FF081B0409F405EEF5120BECF70BFF57
:103C500003F5F8EB02F1F2FF02ED03F905F70BFCB7
:103C6000FFFEFBF117FD0FE1F9DF1D48ED0304082E
:103C7000FBFDFCF4FD0306F6050509FCF0FDF30E63
:103C800005FC11000C03F7FD0E0800DE010700F132
:103C9000EFF8131405FA0620F3F1F707EF0607040F
:103CA00008FF00EF0BEE01E7F700020B01FD09E84A
:103CB000ECFBF00CFBF809F9F9FEF61705E8FBF44C
:103CC0000100FEF40401FA00EF05F61B202EFF02AE
:103CD00006EC03F911E9F5E4020707011401F30703
:103CE0001926E3F106F1F6F4FAF011EFFE03F4F011
:103CF000FA0301F90E001441FE17F90523F808EE46
:103D0000FAF4032100FE0FFAFAF9EB0603F3F2309E
:103D10000A2C09FBFB2F061205FDF90D06ECFA082B
:103D20000AF9F91B1E01F30E052AEBE7071A0A0B25
:103D30000A0108EDF4F209FF04F0EF0B030A39134E
:103D40001401E408F543ED0AFFEBF7EE040C01F66D
:103D500014070201F2F10001FDE2FAFEF9FBEBFDAE
:103D6000F2F90535F0E408CA19F11014F9FF23DC63
:103D7000DB0B1504E504FD0809F3133900F410EF1B
:103D800007FD061FF71CFB0CFA1536040107FB00A4
:103D9000F9F7FDE60E0C09F5E4FE03FA0420EDF058
:103DA00010E1F4F90CD8050CFF00FBDE02D40DF095
:103DB000F20200EE07F815D716CDE30407DA12FA7F
:103DC00006FB08F7F70EFCE2F6EB14E20F1918E613
:103DD000E8E1000DF0F4EB08F8FF00FDFD1DFD012A
:103DE0000BFE0DE60A170CEDF2D4DCE704F6021028
:103DF000FF03FBF9FBF000E8E806F5F31412FAFB09
:103E0000FF04D1110FF2F40A0D03F6C916F9EC0004
:103E10001903010A05F6EDEC34D7251AFEE801FB7B
:103E200003F8F9E0FC0509EFF2F6F3F7FCF7FA23E3
:103E3000E9CB3DEBD30401FFF902F6D1F61FF1F017
:103E4000F1E60CFAFD02F6FEE5E5162CECE8FA00C8
:103E5000000013FA0028FAE9F70FFBF4FBFB19FE48
:103E6000DE08D909EFFEFB04FF0A08F40B12FFF08D
:103E70000F06F7010E03EBFFEEFEEA19081500F539
:103E8000FE0404F407FDFF17090FF204FAF8DDFE43
:103E9000DC1326090129F702FD06060707F4111EA7
:103EA000060203010401E503F20B3DFAF5F105FEFC
:103EB000090106FEF7FE08F9FCF8FBF605090B01FF
:103EC0000141DCFC01EF0406FB0AFFF7FDF617F4E5
:103ED000080A02EB0F04F8FA0C11F9F3F5E4FE03FB
:103EE000F608070909E410F913030E0EF2F1FD15A7
:103EF000FBF902EEFDF51106010AF60D0AF601ECDA
:103F00000809F729FF0B0705F71525EE07FF070539
:103F1000FBFE0912022704EA02F5FFF1F90C2EF26A
:103F2000FAF5E901F50FF700FCFBF8F9FDFF08F3DE
:103F3000EB130FFDFC09EAFE0EFCF7FCEE1BF8028A
:103F400004FD0DF40C0FF9080BF710FC0105FD0939
:103F50000CFB021228F20E090207000105070307F5
:103F60000DFE07FC0B1602FDEFED0EECF5EAFE036D
:103F700007040115070602F5FB0C06FE0C0D06DC16
:103F80000212D80A23FD020BF611FFF60BF5070704
:103F900008FDF8EF1A00E7E317F905E2FF0706EE60
:103FA000040403ECF718140BF9F70102F1FBF10D0F
:103FB0001BF82FEFFA030FF9F502F9EEFC0C0E13C4
:103FC000EA030EFCF70AF10616F71011F211FA03D4
:103FD000FAFA04FC071208FDEB010F00FEFAF6EEF8
:103FE000FBF304F90925F3F60C18FCFE04F801FEB6
:103FF00001FB0412E0E6FAEEF904E9FF2104FCFCFF
:10400000F202FFE90909F71E010105FDF3F2E1F8EB
:10401000F522F301F6FB07FC030E08E702F1F81C9A
:10402000F405FDFCF6F5F80116090306F4E2F303C6
:10403000FE0906090B040AEAF8040618EFEE02D39B
:104040000308F2FE1107E701080B0706001D100424
:10405000FCEE0013FCFDF7EEE7EDE8F51BFFFAF6CA
:10406000F30F00E3F71FFA0F0602050D09FCFBE84A
:10407000160406E4DF0B00F804FAFCEE04F7FC1368
:104080001507FBF7EEF10BF403000CF6F8F2F4F26F
:1040900000F9FF08FEE9FA0E0A05FAEAF3F711E65D
:1040A000E9161802F903E7F4070AFF1AFA12FE03E9
:1040B000090402EAF404F1DAF023F9E5F3F4EC0878
:1040C000FF0AF413FFE00FED09FE0403F405FEF50B
:1040D000F92D1315F9EA091109EBF50AFEE0F6E2EC
:1040E00005E6F206F7FDF70EEF0CD8E5460CFBF2FD
:1040F0000CF401CBF1F205F50800F8F71004FB39D8
:10410000F4FA12F3461AFEFE14F8FDE002EA090082
:104110001B0A040203EFD71DEBF329EE14F41EF97A
:10412000FC0300E402EA032307F61305EBFE05F7A0
:104130000FF9F9FEEEE9091205EDF8140B05EB0B8A
:10414000F4030EFDF90A230111DDC6E30BE2FD06BF
:1041500000FAF5E704E5040DFBFE0AEF05F9F4FEAD
:104160000BFB10001300F5FF08FF0501F9D604163C
:10417000F8FC02FBECE3F4E2011916FD1E3702FB2A
:1041800007050204FCFB02ED02EC0AFBF400FDF95A
:104190001911FAFBFAF31101F9FC08F6F910FD0008
:1041A000FAF90BF3EB00170622F9B80A03ED040540
:1041B000FC05F70202F3FE050A08061AFCF9F6F000
:1041C000F1EE0B010514EF060DFF030FFC1AFF0BB8
:1041D000FDFF090FEE021007CCF405FF0614F604EC
:1041E000020404060330FC0DF4F6F505141DD6F1A7
:1041F000F605FCF314100BF701FF03FCFFFEFD0AAC
:10420000FE0903E2F1FBFAF701F7F203FCF20CFA04
:1042100004FAFBE701F20C0E02FD02070CF5050D96
:10422000F602FDF5ECF1040402080216010DFEFF92
:10423000F9000A01F70604E0F5FC1BFBE9F5FB00B9
:10424000030A031CEE01000403FA07020204FDDE68
:10425000040A0E08DDF6030700FEFCF405F0FB0A75
:10426000F7F9F6080C0305090305E4042D100A0903
:1042700000FB04E401EF05F400F8F7F504FBF81D7A
:10428000130608F5F4FC1007030AF3E6F9FBFFF444
:10429000FA01FAFBFAEDF910EFF8ED00E6FB00FB8E
:1042A00007060301FEF7FF0700FFFAF9010C01FA08
:1042B00004EFF819ECF7EB0106F509EDFB06FE013A
:1042C000FEEA01F2F2FD0AD704E3DF25E211F60A65
:1042D00002FFF408FF1D0814F6010311F104F503B1
:1042E000F9ECF302F6F60507F30F07FEFCFCFF11ED
:1042F0000409041CE60EF607F900F7F20915F906A1
:10430000F405FDFAFF020C0EFF0A1009F8FBF3F0AA
:10431000ED0212ED07F8FB02FC0D05E001FD0419AA
:1043200001020C0A07FD16F4070C0909EDDAFC027C
:10433000FCF4031E04FA06D70BFFFF15F401F9DBAA
:10434000F70ED607EBFDF207F30EF80CFDFB08F2B3
:10435000EEFE130F061401E3010CEB080502F80D45
:10436000F80AEFE4FF33063303F7FEF7FE01DE023F
:1043700011EF0AF4E91BF701070B05FFFB140A1EF6
:1043800004F0051FEEFBFEEF130337F710EA10EC05
:104390000508FE0B00F009201309F6E803F60726CE
:1043A000F63621EDF6F2F804FEFF011604000414BF
:1043B00014FFF9EFF1F0E4EEF92F26E3EB0E04021F
:1043C000030F001803F10609FEF7FBFF03FEF2F8E6
:1043D00006140200ECF3FEF60202FC03FCE504FD09
:1043E000EDFB0214F300FCEBFD09FEF25A22ED0294
:1043F000FA0301F0F90A17F60504F80303FBF922A2
:10440000F8F616F92E0D0903070900E6021B13053D
:1044100001010CFBF2FAED1504E40006F4FF0DEEC9
:10442000F1F803FDFDF60011FCFC110CEC070CF398
:1044300014D0EC0FEDF40605F9EE0E0EF70A01FCB0
:10444000F80A0AF9F6FF19FFF1F7CF18110FF6FE77
:1044500003F60700FBF9E1F5F90BFC130BFCFAFC82
:10446000FB0EF015FEED090DFF04FE0A040D11FE12
:10447000FC0DF3FD00FF0A0CEBF2ECE6030014F96F
:10448000F616FEDEF2E50AF5ECF9FBF8FD0DFBFF92
:10449000EDF6EF07F40412EDF1050706FE0CFE1928
:1044A0000804FBF8F9FD0CEBEFFD00FF000012061D
:1044B0000306010000ED10F713F30A1A09F5010BCA
:1044C000F116EDECEF19E70A0308F0FBFFF01CF61C
:1044D00016070106F502F400F501DDFA00DB17F915
:1044E0000E15F9F40C161E131AFA07FD0009F00B4D
:1044F000FDFE13022C14FCFC09FD04F7F324F81D47
:1045000003030B0400F5F6ECE1E3F7F20BFFF7EB26
:10451000FEEFFAF8F61013E7FE0103FAEDF01E03C2
:10452000FCEFE7FB050EFBFD08FA09F50317110D7B
:10453000100F0EF9F90A00F8FDE9C9FEF717F1FBB3
:10454000ED0A040DFE05FF1306F7FEF4F80800DE81
:104550001306FBEB0900000103F6FDFA0704020055
:10456000FAF2F71CFCFBFCDBE6EDF9D1F529F5F6D8
:10457000F7FE06F2EE11FBFD090AFBFA010C1CC75F
:104580000509D3F91CDC02F7EE08FEF2FED409EBB4
:1045900000FD0DFD08F8E6D9E7F1F4F028E209087E
:1045A000FC0DEFE702E8FF180106F9EF000610F531
:1045B00019E7FDE5D8E9FEF20906F9F9F9E6FD0388
:1045C000FCF010F8FD002300FCFAEF1DFBDEFD01FE
:1045D000F2F9010AF6DDFCFBF70508ED000102F532
:1045E00003F314F0E7E3EFE805EEFB06F90303122B
:1045F000F7F1FC0413FAF00F04151001C20DE8F7EF
:1046000002E6051B1109F804EC0A060B1B16190E2D
:104610002C1218FF0BF8E404F9FDF7030A0501E179
:10462000FF0C0DFB0C0601EA08F3EFFA141403FF6C
:10463000EBF7FAEAF5F4F32904F7F10B02EE111D9A
:10464000F9EB3B04F11D25090EF1060103F4FA18FC
:10465000CE0607000902FF1FFFCAFCFFE9E9030EAF
:1046600000F6000E01F5FAD2FAFE06100F0D220038
:1046700005C9FB17F4E2F80301FA13E5F7E9FFEBCC
:10468000F10CFDF01C0D0323E6F3ED1B00400710B9
:10469000F1FD0BE40009F5F3E1F2F422EFFBF71171
:1046A000EBC5400F18081C0209FC0BF1FC0CF306CB
:1046B000E902F9270814001CF0CFDE3911E2F8F501
:1046C00002FFFAECFA0DFC03F20EEC0902090E17D8
:1046D000F7DDF111FB02FAFE07FCEEF7FBF3FEF447
:1046E000F222F9F201E80B0BF50C26FEE805F502C3
:1046F00003F9F7DBFD2CFDFFFFFCF213EAFF1FEED1
:1047000004E1F913DE08FF080EF7000CFE16F1ECC9
:10471000DA0FFC0719201AF6F5F3D128EB05E101B1
:10472000000A000900E801E30701F6EA29F2EFFABE
:10473000FB3008171C29FBEBF20308F6FDF5F7190F
:104740000B0BFB19FBFEE1000E4842D51317F906CF
:10475000FA0014FDF8200F06FDFCFE05EE0A140514
:10476000E9D7E115F909060DFB0207F9FF0404FE7C
:10477000F30800030D0C0012FAE0D4FB0819090538
:10478000010C07000E08FBF00701F4F40A131B05E7
:10479000E9DCFB06F2D90606F70803F9FD0BFBF38B
:1047A000F9EC00FCF70DF3F8F2EDEFFCFEFD150A55
:1047B000090F00F7FFFFFAF112080502080910F7C8
:1047C000F510DA11EEBA00EE0A1003F5FCFAF5FE68
:1047D000F80D05F40402F2E40437FB00F509140BAC
:1047E00006FDFA05F9FFFF0EEDFB0ADFF3010BFEF4
:1047F0000CE5DEF308C907FF02FBFD0CFF06FA001B
:10480000F0F0FAEE120413CD14D9EEFC07EFFBFB27
:10481000050EFC20FDF0F823000604EA0F03F60461
:104820000A3804F7D5E90B020701FAF308D60E049B
:104830000AF6F802FCE6E2DA2A2444F1FD0A0F0245
:10484000FDDE0200FA130613E709FBFBEBFB18156C
:10485000F9ECEDF5FE0BFAF8FCF702F900EC14FEAA
:1048600000030BFA12FAF9DC100E2035E9EBEAFF2F
:104870000409030C0A0E022D0C01FDF2EE03040FD5
:1048800004F51400F5F909F8F305FBF3ECEDF5E593
:10489000FCF5130DEF000718DB0506FDEE090C0B08
:1048A00016F6031801F600E7E900070E05FB18F4F9
:1048B000D9EAD2F21FFCEB02FAFB0B1700E0FEF57F
:1048C000F0FB010B1E0301F9EA0403F9EFB1FFF558
:1048D00003EC05F307FBFCE4F400FBF5030F000316
:1048E000FAE0F903DDEB10FCFCF30FEFFFF2F1CF80
:1048F000E40B01D40C0529000DD5EF17E0D6F91310
:10490000FA00FB030121000BE10001DF140B18F298
:10491000F3DBEF1C0509EC0703FBF9FF0A0EFDFCB6
:10492000E50AFCE8130B01F1F1DC110F0CF50208AC
:1049300000F209EE00FC03F5F1FAF7F50207210099
:1049400005E9DF151ADA07F005F606D5FDF9E7EFF8
:10495000E809F2F217F1191619E7070F08CAFE0362
:10496000FBFB03F70400F9F0FA0EE5F605FEF01480
:1049700000FAD90F0CF71106000702E50BE2FEF36F
:104980000CF3F3FC0EF9EE08F916FBF1FEFCFB0547
:104990000209FB0A0701FB00F9FEEDFB05011DDF23
:1049A0000C10DE04F915F712FA06FF0800000211D8
:1049B0001700030B08F510F3073015070114F40A6C
:1049C000F8F9FF18FCEBFA0D16000608EFF1ED10F0
:1049D000031FF904FC0D06FB0A0BF7F001F6FE219C
:1049E0001AF40115FB0A0708212D0ACDFCE1F7F79F
:1049F000FF0DFC0507F604F202F804F8040514F6AE
:104A0000F5011102D7ED11FE01110409F3F7FC02C3
:104A10000A05FFF5F80702F4E7100416EAF30707A2
:104A2000FA02011A040C03F6F3080B0DD6F4FAFD92
:104A3000F0F911F9EAFF02F8F802FDF801FC10069E
:104A4000FAF40B0207130900F6FF260BDAE612024E
:104A5000FBFAFE1C020AF9E5FF07FE000E0925ED30
:104A6000F8F5C2FED708F80506FEFDED06F106E8EA
:104A7000190504F9F905EA00F71B0511F624FAFAFD
:104A8000FF0FF8F507F0FB030C02FDFC04FFE8FB49
:104A9000F815290B031CF8FDF6FEF2070500FC06CD
:104AA000F602F1FCF3F1DBE1E00031F2E9DB130A9D
:104AB000FEF60914FA0904FCFDFE04EC010B1EEFDE
:104AC0000613E2FCD3EEE7F4030001F7F8E111EC82
:104AD0000BFA01F7FC0DF2F608FF00F5EFEDE90324
:104AE000F9FEFF180AC906F61BFF072E0AFA001680
:104AF000F80FFE0DD9D0FE1202FFFD06FDCD03F327
:104B000005FA0129000E0908041128EDFAF1020046
:104B10000406F20403F010070D05F1E5FB0BF300AA
:104B20000AF92A0405F607F9F001FCF301DD05088E
:104B3000F3F80CF4FCF0F8FD0B110B03FEED050986
:104B400007F305F8F9E1FDF1060CFF0106051F0763
:104B5000EF10EE03E2F1FD0400FB070313F2F4E7AC
:104B600008F604EC1502151B0EF8F2FBF3E4EDF861
:104B7000FB0402F3FEE5F90609FAFD15FBF3E4F781
:104B8000F4FA0FFA060A0202050209E907FAFB0223
:104B9000F40103FF02F5FC0F0E000008F50004010C
:104BA00003E8FDE10818FEF90C090201FCFA0219FC
:104BB0000DF7EF10040F0B06F2F206F3FE0F040DD3
:104BC000FD0200FF01030B0403F0FE0B0DBAF5F527
:104BD000F603FEE1F6D402EEEDFB04EEF8F4DBD8CA
:104BE000EDEB1FFA1305F50AFF09F60E10FD10FF95
:104BF000FD09FBDCF8F309D8FCE007FFEEE005F661
:104C0000F7FCF50CFD10F9FFFAFA07EEF6FDFDE7EB
:104C100010DB07F7EBF00CFB00F0F7090B02010FBC
:104C20000815FFEF00E916DA04F3DB0FFB071F009E
:104C300000F0F9E2F2EA0910F914FFFBFEEAE008DD
:104C4000F9ECF7F20ADCFFFE0BFEFE0DFE0A0B107C
:104C5000FD10F506F20411FAE4FE1EF408ECFFF86C
:104C6000F90EFD2F08E7F604FCFDEE160801DEE55F
:104C7000F5340CF3BFFBF1FBF91203F5FFF6FE0070
:104C8000F5F9FDF4EAEBEFE5DBFEF0FEF80A0318B8
:104C9000F90408F601BB12F6F5FAF8FEF700CA525D
:104CA0001606E7F608EFEC03FD06FFEC00EBF9E66D
:104CB00007ED060401010C2908F50BE9E2DFFEF31C
:104CC000F9F7030AFFF3F7F00E060A06ECEBFEE92C
:104CD000EB02EFEAEB06F3020B0009FDF8FBFF1312
:104CE0000304000404240DFF2FF2EB02FB10050562
:104CF000FF07032806E60FFDEEF8070AFBFAFAF9AC
:104D0000FD24FCFBE9FCFE05F2F5EFF9FE15000EB3
:104D10000CF6FA14F40B0A1A13E9E9FD1D020BFC58
:104D2000F8050AF1FE290204E4FA0A0203FF0C174F
:104D3000F6DC10FEEAF7F4FA05F502E0140605EBDE
:104D4000EFF7FEDEF7F5FC02EBEA032B05F0F90DB9
:104D5000F9F405EAFA0B03F5F7FDFFECFBF603F4B3
:104D6000EDC6EA0EE01318FC0B03F9F109FCF3148D
:104D7000FB1A0BCE01FE1BF0FDCFDAF0212E030B48
:104D8000FAF9FCE40B0EFF04F10202D1F80B0A0958
:104D9000E605DF02FBD9FB09F008EFED06FD101573
:104DA000F90B04DCF80CED08F700E501E817FF0744
:104DB00000F00804030DFDE4ED10F70510FBF3F01F
:104DC0000AFBCC0B01F9F1EAFC1A0B1FFFDFF1D44F
:104DD000F30102F801FBF8F30833FE0300F215FEBD
:104DE0000DFAF8EB05FA0724F0E9FCD3FEFAEAF92C
:104DF00028E9F2EC0DFCF7FEF9F901EA0507F7FCEA
:104E0000F1F0F6F5FF0513E32CF3E7FDF3E20CFFF9
:104E10001124062BF8F1042C1000FCE402F9EAE856
:104E20000D460EEAD50BDB01FF02FE1BFBE1FC0B7E
:104E30001AFFF5FFE9F7D8E925392BE8E3F1000679
:104E4000F2E808FE1203FE17F1F5031AE3FB07E987
:104E50000CEAF1E6F805FA01FBF0F900020800FFA0
:104E6000F0FA03F9FDFE0FD70BE71F37F5E5FF0A50
:104E7000FBF405FAFC050CF6EFFB0FEBF1FFF50672
:104E8000F4D81F0DD9F603EE0CF4FEE2FC150BF27C
:104E9000F1F1190B011520F6DBD6EF21DCF7F00A52
:104EA000FBFB0B0503F8F4E6EF0A10F9FD0112FE17
:104EB000CFE3FB18E1FDE1F901FA01320CEAFDF361
:104EC000F506FDF61509F0FBD418151FE916020CBE
:104ED00008FC03FEFF2EF6EBFF091005EB0611128E
:104EE000FFF5BBFC2F130517ED09F9EF03F0FEFFEB
:104EF000FF12F3FA1011FDFFF505130007FB04057F
:104F00000DFFFFEA0205FB11DC1AF2F602FC03FCBE
:104F1000020710EF0F17F80B01020A03F8FEF41452
:104F2000EC09FBE7FC031300FAFB1EF6E9E8FE04BC
:104F30000D0E032BFCF90A031F00010B181F01EBD8
:104F4000094BDDF5FE050E06FA1701FC09DA09FC2E
:104F500007FE07020D01F6EE243503E00A16060EE1
:104F60000B0900F500F3FE10F9F2FA20F0E7FF2735
:104F700021EB16EDF50E08FAFE05F806F50BF7F92C
:104F8000FEFF0829FE060BE50D1B11F804FAFC05CF
:104F9000FD0BF622FAEF0C0F240113F9FDEA09EFDD
:104FA000F5FF32F4D8F70A040A15F9F40000F613F5
:104FB00012EFF814F4EDE800EE25FFF6DAFEF70D37
:104FC000080C0109F70108210C03FD19FAF508FA8C
:104FD000140BFE05FD04F4F3FD0B101BFA11070082
:104FE00000F80AFC121401EDEE003BF4F00603FE9B
:104FF000FDFD070A051CF7E6FEFA17FDF2FE09E3C0
:10500000E8F3C2F8E9F600FFF80405F00AFF05F737
:10501000E8F9FAE90F120E07FCDDC51CFF00F101EB
:10502000F7EF0304FCED01CBF9F0F70F090A02FCDE
:10503000F0C7F906DD04FD01F7F403FE10E1F7F116
:10504000F5FF0DF5110CEC02E405FA0DD51D06086F
:105050000011041EFC0D06F80505031DFAFF0305EB
:105060000708FB05FB281109F6030707100B0506C7
:1050700022F7F8220401E316F52A1405142DFC1674
:10508000FF050002FDE9FEFD10EE00FF0100E9FA58
:1050900014210E02DF2CDE0102F8FE0D01F90DF4E1
:1050A00004F20B05FE0204ED0D10EBE905EE02FA29
:1050B0000F080809EF0AFBF606F90105090B310F85
:1050C000FE06E5FDF3EFFB00FDF9000402030DF31E
:1050D000FAFD040DF609F6FAF8DFEDF9F4B402F47E
:1050E00002F2FF1706F5FDE4F706080CF70511E7D5
:1050F000E9F2F70BF9DEF4FC0101FF1C03FBF313EB
:10510000F4090EF60D1A0608DFFEFBFB09F8FE0592
:1051100000F005F4F42FFEF9D30102FE0514171474
:10512000FFE5E0123B0205090A0C12E1FA06080449
:10513000F609F8E00208FA0700D5D6190FFAF9F1D6
:105140000C0105CEF91000F0F00C06EB1312090368
:10515000E9FE14151E020005080CF800FD0CFA0DFE
:10516000F90FFBF10EFB02F8F9F403FEF309F40169
:10517000F6F80303FE2DF9E5E614F4090E0515DF34
:10518000FDD6A805E7E9F60CF7FCFDFA05D50211F6
:10519000F009F41515FFEBD810E7D311050B06F94C
:1051A00002FAFFE409EAFEEF120DE8080AF1001C1A
:1051B00016F00EE51D2210F3FD0DFFF1F720030A96
:1051C0000606F00CFDFEEB0EF42610FCE9020FFAC9
:1051D000FC0706110702FEE2040909F10AFF0EF8B6
:1051E000FBFBC5051AF8F9F804F9FADE0A0C06EF1C
:1051F0000F08FEE80F080916F70AF10CE926010569
:10520000F8FBF8F6FFFA02FB0808050D00F8DF07C7
:10521000D7053513022EFFF30FF7F708F5FA03FC55
:10522000EE000B0500ECD6F3E60F3110F0E605F7C3
:10523000FEFD060A0B130508EB05FBE708011EF24D
:1052400014FBC808FC0CF400F9FA01E902F416F1A9
:10525000031300091AFD20FC08EEF702F618ED070B
:1052600009070512FBBF0AEB29010A2FFEF1F2F92B
:10527000DF0E1501E1DEFC0C000BF62403BE06EC8C
:1052800004FCF433080DFC1EEE2524E202EA0212AF
:1052900005F803100BEAFFF1F901F7F21313FCEB29
:1052A00019F60708F1F8060101F50AF6FCE3030513
:1052B000F7FAF4FFF8001704FE00E90D05E3F2FE2B
:1052C00001FD040813D3FAEC0D0DFFFC11F232F8C6
:1052D000EA130316DBE7FDFAF4F5020CF80C00FF05
:1052E0000C0720FC06141E10F0E9DDDFD700F304E4
:1052F0000109110CFCEAFB0A06F0130802F9E8FFA9
:10530000F7FFFDFE0E071413060505FFF60404055E
:1053100009F103EF1003EB1C1210EB0FF8FB0DFB70
:1053200008F30AEAF6180AEF08F9FF0EEBF20A137F
:105330000DF70904FE0207F708F6FEDC081E030C51
:10534000EBFBF1F30C170EFF11D514EAFA1B1BFD52
:10535000FA04FD0A00D8F1FB06F2080914F7F01F61
:10536000244B11DEC1C11808F4EE092902F2F1FE46
:10537000D9EBFBF41E0C3A292E1911FAC6F10213CF
:1053800006EE030F0B1C0205D60B03F221012B0FB7
:105390000DECE2DFF802E20507F4FCF6081903F26F
:1053A000E7190BFC18202015F6DBF40209FC0FF4BA
:1053B000FBF5F806FAF3F903F8FA0008FC042A1AD8
:1053C0000DEF2009052A130EFEE10B0B07FE091451
:1053D000F60F19EA14051EFB250C08F6F119F2F672
:1053E000FEE8100EFCF9F5E8F1FF01E419FF20F7E3
:1053F000FA0BFB221012F7F4FFFD03FF0915F4006E
:105400000300E4031307E2F3F70CE9F404FEFCF6EF
:10541000FDFC01EDFA0BF802E70E0C0FF91205E2A4
:1054200006DB1006EAF9FDF7F105F517F8F2FBFEC9
:105430000A050401F8F5FCF4FD18F12F05F6F30751
:1054400000FAF302F9FDFF0302F5EEF310F21DF688
:10545000FD00F9F9DD07FE09FE000CFB011BFC1B3A
:1054600012FB07F904ECE7DD122A2705C6F4F4F471
:10547000FC040BF202F40AFBFBF5F80DECFD1D1524
:10548000E4BD13F9CFFFF1FBFBEFFA05FCF9EDDC0E
:10549000FC05FD0E080C12F6CDD2DE21F8F2EDF877
:1054A00003F5F811FF0C05CEEFF906F6FC0114F92F
:1054B000C8E5B3F7E9F3EFF7020B03E6FAF109E405
:1054C00002F7EEF9090504F8D2ED0010E9F8F8F753
:1054D000FDF90BF2F8FD04F8FDF3FAEEFEF3020617
:1054E000070F0CFE3009FFFEFE03F41201E0FF057A
:1054F000FD010AF3F509F1E909060903131E050484
:1055000009FE021108150207FF0002EEFAFF180655
:1055100011FDF607F8DEF90401F70D01F70803F6AF
:10552000F70000EBF9070B0F06F0E610EAD4F202E1
:1055300004F7FAFF050FFA0203FDFB0FFB00F6EF7D
:1055400003E61AF619F8F8FDFA000806021002F848
:10555000EF0AF7080BF9090308FB1C0E0904F30B0B
:1055600000F20A07FE1200FCEBFAFDFA0E09130125
:105570000AE5F10BE902F9FB01E9FE09FBF5FDF390
:10558000FCEAF7EBFFFC02010EFAE20FF8E3F8F990
:1055900007F2FD09FDF9FB1A03FAFFEB05F8FFDC42
:1055A000F31D0A06DBF1F80504FDFF19F40DF30AFB
:1055B0000404FAF801F7F2F9061F0E08FD040F05BE
:1055C0000502FE09020D020CDEFBF0E9F1F815E818
:1055D0000FECFFF3F9F306F7F6FE00F504140E05E1
:1055E000F0FAFDE7FFFF15F30FE3F241030403FEBA
:1055F000FFFD06CB030D05F0F7F406E9FB03ED42D2
:10560000FED21EF8E41607FDF5F809E1050805FECF
:1056100004FD0806F3FE2D0AE2EBFBFFEA02F003AD
:1056200003F401020522E8F7F2F60305F90704EE98
:10563000DAE8D716DBF8EAFDFDEFF60BF9F0FFF438
:1056400005F4F4F212F516EBC8EEED1DDFF501F9E5
:10565000F80AF4F2FDED03F807FB02F41408040263
:105660000B1000EFEAD5040406F7FEEFFDF70F1567
:105670000203EFF00803F61EFF2200FF12220DFCCA
:1056800001FD080FFAF6071405F70AE9010A030AF3
:10569000F420EFFFF9080200FFFE09F3FC050CEE11
:1056A00001F706F90901FD190803ED0C0B0B00F8D1
:1056B0000BFD0BF106FB012702020DF7F60B1301A0
:1056C0000AE21803EA1308F3F4F60AF3F402F20309
:1056D000090602010B100FF0F8F20DFDFA43F80174
:1056E00008EEFE0C0108F7EB0BFBFC1CFBF90901B3
:1056F000E90C06161524FBFF06FC08F1FCF008F285
:10570000FF080408FD0EF712F0F9FAE5F40708F7B0
:1057100001FAFDF902040401EDFFFD03F30BF8F0BB
:10572000F5EA12080D0C00F20B02FFED03F002F691
:10573000FBF6F5FCF6EE21E3F7F9D8130207FF01BB
:105740000BEFFD030206011C07FBFFF51305F8F440
:10575000F7F9E31CE005020005F9FA01F409FBFD85
:1057600012020C0100F70FF7020205F1F2FBFB0831
:10577000FEFEFDEE07F000F105080106FEFDED0B53
:10578000F9CDF01003FBF601FDE6F8E6F4FAF4DFDC
:105790000708F900F1000CE7E8DCDB28F6ECF8FE7E
:1057A0000BF8050F0B0200DCFE07F8F3F41406FCFF
:1057B000D9E4E80604F6E40908FF13FDF413FCF548
:1057C00008F200010902F6F4DCEA001A20D4190AF2
:1057D0000BF6F3F4F8F1FDF1EDFCFEE81302FD0524
:1057E0000B06FDF8DCB3170B07F9050A0710F8DD07
:1057F000DF0AEFDE1B0E321412EBF203E8C30BF8E4
:10580000F9F005F6FA0B04E9D807EDDC18271FFAC2
:1058100025D5D8F70CDDF1100601F5EE0D340204A4
:10582000EFE9FCE30A141EE8FAC2E917F13300F6C7
:10583000FFF00AF1F3240309F20104F9FF08F61856
:1058400013F6071111260C06F9EB0410F609F2FA0B
:10585000DCFFFBF308FF02F41700FB06F7EA04FF86
:1058600002F509050AEDFDE3F604F8D80F0B090669
:10587000F1E2E1F802F6EAEE0DFA0104010CF9FD9D
:10588000FA04F1ED1218FC02F90FCFF907FE0EFD34
:10589000F70606F80A00F202F403FB02EB00DAF660
:1058A000070A35F7C7EB1504FFFEEB1B0AEC02FAFB
:1058B000020C05EAF3E918E6FC35F804CA02060210
:1058C000FC01FFFDFD00F40DE907F4EA201B02FCDA
:1058D000FB06E4E10207F8FF0A0EFFFF00F7F81BE2
:1058E000180A01F7F3EDEBFFF72919042B0B130D41
:1058F000F40D06EA01F2F40AF2FD0803F9F5F004EA
:1059000008FA17F90513F2FFFAE7FD030515F5EE9E
:10591000E906EE01FB09140BF3F4160EE2FFF702A1
:10592000090CFC12FCEB06F201F5F90400070BEF81
:105930000810D0F2F5FDED030913000D02E9FA0B92
:105940001307FA04F4FDFCF9FD100EF5C6EBEB02AB
:1059500005FBFEDDF7F80E06F0FC07DAF8E4FAFCCA
:10596000F5E6FA0C2A26E803050D02F404F20D23ED
:1059700012EE0206D8F0E601E714F503F419EEFD85
:105980000A0CF8240C02090E2CEEFC18EDF2D5F7E7
:1059900016FE03FCF5E712FAFA140204FCF30B01FD
:1059A00009F0FE1DEAE219FA313CCD03F6D7E9F918
:1059B000F8F5FFEBFA15FFFBF8F6F61E01FCE8DC44
:1059C000E7C8B7F906E1D50005081308EFFF0104A1
:1059D0001C0209361B0C04EECECBE3F0050CF809D3
:1059E000010A09270F3001F6040E0310131AF2D929
:1059F000DB0B1FFEE3DBFF021501FE2AFAF70602AE
:105A00000DE603FCE5E527D228F8FC22ECE51703B8
:105A100005EBF7D309D40AFB0C0AF5EC10F60A00E3
:105A20000513E3FDF101EFFA15FF0929FD17E8FB66
:105A3000E2EE06FF0108DED606E612EEDECF1B0B15
:105A4000FBF2F220FAFDF7F0EC091CD0F7180BE896
:105A5000E0E8F0ECCEE105FB05DEFA14F9E8EFF33F
:105A600008F119E4021011EFEAD4DA0F3A000F0A34
:105A7000110E040E16DF0BFA08F100F41606E62CE0
:105A80001C292EE8210014FC0DED01C30616F717A2
:105A9000090304F808E109093B061CE9F40423FDA5
:105AA00007E70CE1F9260F0DF20404EB0214FF21C5
:105AB00007CFF807E6F0F5EF09EAF9E9010DF7FA83
:105AC000ED07EED40B0316F200C1DD3C01CA000C59
:105AD00011F40410F71DF803EF0D05EFF8F0F4F3DF
:105AE000EAF322F80FDA070709F9FDF3070CFA11B8
:105AF000FDF8FBE11904FBE7EB0020040DC40604EC
:105B0000FB000A0AF50B0909F10003EF1CFE0AF37A
:105B1000EEF81515F1DC100201000F0604D703EAB8
:105B2000F60B0BE20F0DE324F6D104090E19FFFC6E
:105B300002FDFEFCFBEFFBFE07F9F709ECF5071091
:105B4000F2E812051F2AFBFEFCF3FBDF03FAEF0568
:105B5000E701FEEF060E1323001CFC0D1137050CA8
:105B6000070901D6FCD01101EBFB04200FFAF30862
:105B700009F408121F030DFE06F50BEA0BD2FDE136
:105B80000903F013F9EE0D41F21B0526F70C030B88
:105B9000FCF5F500030AFFDBECFEF809F4FA16D178
:105BA000F7DDD00FF511E60307F104E7FF1BFBEA71
:105BB000EC01F129180C11FCEBF5F51B150DEBFFB1
:105BC000EA040DFC0602FDF3FB18FD2C06FEFFFBAC
:105BD0000A0EF7021309000C01F901ED041404EA9E
:105BE00006F4FD0BF7ED2115F2FA031ED1F50308BB
:105BF00007FAF510020500F700010408020108E0A9
:105C0000F7FDEB07D7DBF7031213FF1FFA0AFD05B9
:105C1000E702F9E0170601F9FD0CFD0004F6ECF8C7
:105C2000EFFDF614F60B02FFF80801FD0AF102F190
:105C30001836EE0A211111FEFDFBFEFEF9ECF3070A
:105C40000A05F103FF030603053417E43012F6F7E3
:105C5000FEFE04F7FC0BF808FDFBFBE20C11F90655
:105C6000FCF700091BEDF9FEF9E903F2F41DF7FE5C
:105C70000DFCF9020DFA1B0104110F1503DC0B0BCF
:105C800000FDFD010AFDF7EFF1F4F9F50808F30E48
:105C90000906020CF607FA0C0B00FA1BFFFCF9E8E8
:105CA000F7F8F6FEFAFEE922FCECF318F9F7FFF735
:105CB00008FBFAEA021503FAEB07F2FBFEF90AED1C
:105CC000FDDEFD1BF707EF02FCFD02FA0512FB00EB
:105CD000ED0400FB09010414F1D5EE1C16E50406E1
:105CE00004F2FA07FFE000ECFB0502F8101314F3CE
:105CF00003FBFFE6FC0F150100FB071101DBFAE7D0
:105D00000702F3DEF905163CFA12DF08EBF3F7039E
:105D1000FEF4FBFE0DFEECEDE209FE02100608CAE1
:105D2000F8E0C50323FEEF0909E80CF2F601FDF2E5
:105D3000F2FCF7021408F1F4F9E1E9060CFFFDFBAF
:105D400007F5FDE9FEF609DFF8FAFD0904F1070998
:105D5000E0F6F60B1E00FD070804F8F9F719FA0E35
:105D6000060EF7F0EF020A1BFDF7EC0DFFE506FC4F
:105D70000EF50512FD0005F7FB00FEF5070600EC29
:105D80000200E2FFF202EAFC04FDFA18020CFD0D2B
:105D9000EEFFFA05050AF50128100AE80A10FEFFD1
:105DA000FC07FDF6EE150305E2FC00F112FCE20231
:105DB0002B04350F100907F70200FFFFFA0708232D
:105DC0001816EC09FCFFEE0409FF48F3EE1103FE80
:105DD000FB06FE1B0211FDFB0C0304111007F71656
:105DE0000C26F3F6ED0412F5010806FA05E50504A4
:105DF0000102FE000811FA0E071832EEFC15050626
:105E0000F9FE0101021EFC06F710FDF208F91CF173
:105E10000BEE00EE1020FA05FD000A0A0723030B23
:105E2000F403F4F011042CEBF0FDEEF4F5E3F60AC4
:105E30000916F813031110FA1BFD09070F08F6FAEB
:105E40000438F7F4F62906FE00FEFD0901E6FFE638
:105E50001208070FFC100FFD03180AE4FA040602EB
:105E600003FC0202000EF9F8FEFBFAF808F90AFA40
:105E70000822FB0EFC24FA0202060615090DFFF1AA
:105E8000FAFEF2070201FACEE80A0205EFE4070182
:105E90000205FE2A06FE0CF40AFD151BFDFFFFEEAF
:105EA000FF29E5EDEFF4000802FA060103FD00F812
:105EB00001FB101D111608090013EA05E10BFD098D
:105EC000FD06F9E80BEB020B090005F712F00207DB
:105ED0001D190003FF05FB08FFFD0519FA03FE1459
:105EE0001DFBFF0603F6FDF3102111D9E5F40E0B9F
:105EF0000AFEFB10020A10EA0FFC07FDF0F814F18D
:105F0000ECF8D3F8DFEF0701F5F6FE100DED04F322
:105F10000801F711FB1401E1F8FAB420E7F9FAFBE4
:105F2000FC02F90102DC1AE21AFEFE01F6050A0D76
:105F3000F6DFFEF4FFFDEF010109F9FAEE02FDF2D2
:105F40000AF50F0DFF0F07FC04F6FEEBE8E301F185
:105F5000FFFEF9FAF72BFA06EDF509F6FEF7FEFA61
:105F6000EEC619F7D4E7F8F5F7FFF800F0FCFFDE0E
:105F70002006080EFDF3FAEAE7D3E4F8DBEAF8FAC4
:105F8000F50AFE1EF7D8050DF1001303FAFAFDF924
:105F9000F023ECFC00D7E4F2FDFCFD0706DBF8F88B
:105FA000EDF503EF190D0BE3FCECF3D115EDFE005D
:105FB00006FF13EC07E7F60F07FB03FBF001F604FF
:105FC000F2F923100ABE16F705F6F2D8EDE7FCFD4C
:105FD000FDF9F9F1F9F9F81008EF19131EDF13FFB5
:105FE000F8FA0BDCFFDD1903EEF700F0FCF919E617
:105FF000FDBD141010DB0E03F602010606FCFAFBD1
:1060000003F50DFF09F608F3F2E70F1D04290A074F
:10601000FD0000E0050DF90FF40001FDDC02FB1CA2
:1060200007C6E8FA2816F8000301F8C8080AFBFFBB
:10603000FEFDFC080CE3F917EBF7F618290AFEF54C
:10604000FE01F9C6141204EFF702ECFEFE010F196F
:10605000FD040A114F18FBF40DF70AF0FE3707058F
:10606000090302F1ECFD0DFEDADF0513DCFA010491
:1060700002FE030EFD19F1140209F21BE8FC19CD12
:10608000F5EEDA0712E6E5070302FFF900F1FCEA94
:10609000F801F8FD0803EAEF021BFD0528FB00F0FC
:1060A000F6050907FA06F7E00204FEF613EAF31A0A
:1060B000FF2607DF33192AF4F10D0900FD03F4FB75
:1060C000071EEA12FA00D827F22A13C30CFCF5F7D0
:1060D000030A07FFF61CFCF2F7FEFEFF0AFF0707A4
:1060E000F0090201ED0F0908060800FD001E02FB81
:1060F00001F2FEF2FC03F7FEEA0AEA001E030108C1
:10610000FC0BFAF5F8F308F809F9F60701F8E2EAEA
:10611000EF0BE10605FB0509FD04F31000E2FFFBB0
:10612000FC07F7FD0302F8190004F8FE101BFD0739
:10613000FAF9F4FDFA0906FEFCF4F8040F03FBF883
:10614000FA09E7F70018FC0CFCF9F4ECFF0710F86B
:1061500013FA080A08FEFAFAF6F4EA060CFF04023B
:10616000040603F704F806060805FE0DEC0DFAF028
:1061700001F605EF01100CEF01FFFF10010BFA0C07
:106180000D0E02FAF3020117050EF4FE02F6F9FCF9
:1061900001FC05FDF82603EBFD01FCFCFC0A1AE5F9
:1061A000FBF9A9031817F60E03FFFCF6060A07040D
:1061B000FA1605E90D0DFDECF8F1EFFE0819F400F3
:1061C0000106FD0C00070704FC0501F1F4F9F514C4
:1061D0000D05180A05F90C02FA05FA00FB06030B77
:1061E000090007000C1703FBEDF60AF808F508088C
:1061F0000000010DFC1303EBF105FDEB1B0B12D3AB
:10620000FF0DCDF733E809F9F709FCF9FEE00C0CB6
:106210000AFDF8F80005F3E603FC1AE0100012F49A
:1062200000050ADA00F10310FBFBFC040102E90D92
:106230001DF12CD2040312040502FFEE01F304FF4A
:10624000FBFF03F2FA07021104F3231619F5FD0709
:10625000FC0510F40917FA03FDFEFFEE0C09F00B24
:10626000FCEBE90BFCECFBFDF9F4FBD20923F2E7B4
:10627000E0F308EB0501190BF6EBEC271DDF03FD3E
:106280000DFB0BEDFC15FEE8FBFBF9FFFC11F20228
:10629000E811F017FB00010A0DFA0618FB02FAE5F7
:1062A000080101F50602E71D0100F60EFBD301F916
:1062B000F9FD01E6F91EFEF3E402FDF3100107F516
:1062C00004DCD3131822E601F7F201D5002BE9F420
:1062D000EDF9EFFF15FD08FFF9CEF91B161B0A00BB
:1062E00008010B01F5EA04F2F600F204F70401E9F3
:1062F000E6090B07F6FA23080108FF2608E3F8ED84
:1063000006F301F1020FF712F82AE2E600E7090BA3
:1063100005F70008F00CEDDEECF4FCE3270A0FDED5
:1063200002FABC0EFE02F90402F4F6FC08F104EFD6
:10633000030DFDF1FFFA02EF02E1FE091B050A075A
:10634000FF0A06E4F90303FC0C0A01FFEE03070C45
:10635000E1110EF1070B06FD020202FFF811F7FF33
:1063600008FC040BFD03110708E1D3E9F6EF08036D
:106370000D00072101E9F50101FA02EA110DFCE324
:106380000609FF07DFF4F605F7040D0107F8FC2006
:106390000F01FBFBFEFBFDFD10050AF2130AFEF5E3
:1063A000F909FFE0F70B02F8F811FCF8FCFF02FB1B
:1063B00006FD12F311FF04FF0DFAFDEA031CFA00BB
:1063C000F70002F5FC02F9FD08EA0C07EE07FD00F4
:1063D00005FCFFEE00170209F8FA0AFDF7040114A4
:1063E000F1EB0410F635F6FBFB090CF7FFF403188C
:1063F000030C090CE6EED30AEEF71B060C4AF4F682
:106400000409FD0A04ED13FD140C0924E4EED5FE85
:10641000F93011EAE9E80A06F4FB0720FFD80CED91
:106420000BF50A19EDF4090A2016CDEFF903FAF37A
:10643000FB02FFEEFE0401EBF910F918FCF813055E
:10644000F2F6E605EF16EF020110FEF000FA0EDCA0
:1064500010FE0514FC08E008E0101A011AD7090123
:106460000409F415FE0C0306FF0A09FFF91115FAD9
:10647000FBE31CF5FCEE0F0100FC010F010CFF0B10
:1064800009F70CE101012EE721D9EB01FEFCF8111F
:10649000FDFF02FE07F9F1FD100200FAFEFA04F218
:1064A000FC05E70E0807F6F3F001FCF906FFFF17FD
:1064B000F807FFFCFA02F2FC16E315FAF9EE13FDF9
:1064C00003F501E8F71FE6F9E60902FDFDFDEDFC25
:1064D000F2DBF60114FF0006070200FD061B02F5C1
:1064E000E80AFBF5140F1FF6DDD3EF20E0F5FF09F6
:1064F0000A05F705F713FD08FC0406FFFEFE03E599
:1065000001FA01F8DE01F9F1F00101E6F9F4060003
:10651000F106FF02FAF5FE000E0E07EF0606EB0885
:10652000F603FEF0F90DF60AF0FCFC0115F8E1FEA9
:10653000FDF6120C080CFFFCFCFA0902FDF906F846
:10654000F903F9F103FFF7FAFBEA051613EBE91576
:10655000000406FBFBE402190A0E010AF402FBE444
:106560000A042BFE1530F50704F6FBF318FB001D9B
:1065700031020814ECE6E9F50EFAF6FB20091902DF
:10658000FE01F8FD0100000312EBFFFFEAF0DB065D
:10659000FE100BEEFD03F9FE08FE02F6FCEEF51C04
:1065A000F3FEFFFCF4F9F900E9032EFCFB05F7020A
:1065B000F9ECEE0EFC11F5FAF50B01FFE9EB01CB5E
:1065C000F6CF080D150DE4F80213FD15FC14F30FBA
:1065D000F0EE080F00F916E3CFDAD21D0731F8FB11
:1065E0000303FF02F91AEF07FC1101010212EAF797
:1065F000FE06EE02F111FFF60CF209EEFDFC0C189E
:10660000E8FB0611EAF114F91FFB13F9F3DC03F5BB
:106610000605FDE207DA0610EE1209FAF1F206F8B5
:10662000FCE81AFD0EF000FCFF0E01FF0015FD1541
:10663000E5F3F9F7F1FAD1D10A1914E900EC1306E0
:106640000C0CFE2B0BE3F4FB07F8F711FDFD05E541
:10665000FA19010CCFE71C0205F6F8F80CE1F7E394
:106660000702FD1401F6F706F502E7F8440EDD0215
:10667000F1060EC209D90D0316FD040602E5F53F29
:10668000FFF753FE341F0B01090601EDF3E4FFE6AB
:106690001EFE17FBE7E9EA3FF0232EF417141DEF67
:1066A0000BF305CE071B0011FDFD1F05F701F5FCDF
:1066B00017F9EB0EDDECFD09FFF408FD0D15F319DC
:1066C00004F90AE8FEF916F305CFCE053F030CF6F0
:1066D000F5FA07ECF9C81AFE09FA09F10C02F11DE6
:1066E00022103FE917F80C0605060C1AFBE7FF0518
:1066F000E7EE06E6FEF5E921FFF221EAF9D6010709
:10670000030303F701FFEC01F802FCF105FAF5FFC2
:106710000EBFECFCFDD7F7EB1304FC00FD06060AE8
:10672000F0F7FD01F7F01003220BE110F51105075A
:10673000FBE9F80D09EAF024FD010209FAEF0EF178
:10674000FFD1FA01144AEF0700060AFFF22C0123D9
:10675000FF030C0FFAFFFE00F30DE308EC48EEEC2C
:10676000FB06F71B07080FF6200BFB0C13FBEDF0E5
:10677000F32B100EF22001F2FB14FDE9F6E7F719F6
:10678000FE0EF11302EEDD03CC0B35F9FF06F0F13E
:10679000FD03F9E601E8FD15F402F20EFEECE53F1B
:1067A00012FD2F1C23ED01F9F1FD030D02CEFBF3C9
:1067B000FDF00EF9F8FAF81EF5EA06F4E9D805FE40
:1067C000F5170B0BFFCA03F414E40E02EAEA02EC1D
:1067D000071925EFC2F5F813030311F30FFA0001AF
:1067E00003FC0603F1FD09121203E6DD0603FCEBD0
:1067F000FF05FDFB04F10FF7F9F50F19E9EDF122A3
:10680000EFC7160619FBFB03F8FCF7F1FE000FFAC1
:106810001D0B0714F6F9D30C1FEAE60006FCF8FA84
:10682000FC00EFED0729FE13EE01011AE80704252D
:10683000FAF5EFFC16DB030107E001E4F909FDF8C6
:10684000F6FC03F8E6F8F5F1EFC6E1F80EF905F706
:1068500006FAEFE3071CF3E7DF0EFEE7F800FF118F
:10686000E9E40D03F010FC020707000605E90D043A
:10687000F90410FAF0FE0A1AFCF0DFFCC8CF0A1186
:10688000FC02FF2406E60606F6F10DF8EC0F12FDF9
:10689000130807EED1D1E605FDF9F832010AF9E750
:1068A000FEE9FDFEFF0B21F127E4AEDE0C1D06091B
:1068B000FE08F1D30205F1E40206FCF6FFFEF90D35
:1068C000F8F5F7121DE709FBF401F8F2030C04EEEA
:1068D00003F7F606FCFEDEEAFF0E09EF04B225051B
:1068E000FD02FFF207F512F5F0FBFED8F20C26F1DF
:1068F00009CA07FBFEBA010112E90223031FFF01C7
:10690000F6F8FEDB1C1625EC19E4DAF4F2100201AD
:10691000F60E0200000F0A0700FAFD05F101071745
:10692000F3FAF5F8270DFF0BFF08FFDAFBFDF6067B
:10693000030AFB1005F7DBF0101134EA180125FEFD
:1069400009F0F9F202190C0DF3F9F9E8F50102EC7E
:10695000F104FD012403F9F803DFF6FCFC17F6113E
:10696000E6F1F4D808FA0CD5FCDEF4F619F8F608CE
:10697000030C081EFF0DF212F2FA08FD000800EBEE
:1069800010110909E70B040BFD09FFE501EE0011E9
:10699000E80EF8FE09F8DB23200F30ED0F260BFC84
:1069A0000808FAEB0D1D07EEF6F900FEF7FAF80AF3
:1069B0000426E1F6070FF1070B0D021DFDF20A1187
:1069C0001105FA060E06E80DFC1CF5D82315FFFF8D
:1069D000F9FD0ADAFC23F50AEF0AFFE7E9F0FB13F9
:1069E000DCD9D61E4956E4F1FF0801EBFE0CFC167B
:1069F0000518FCFDDBF9CFF8E7FBEB053E1B0501B5
:106A0000F60906F5FE06061213F51417F4F9D1106F
:106A1000EFF0E2F8F6C908EAFB0107F9FEDF00FB38
:106A2000F6ECF0F7EEEDDB1B10F7EEF3EBDEFF0B11
:106A3000FFFAFFFCF7F003EC1C06F6FFF5F1E9D2D4
:106A4000DE0FE201F5C7E0F7F71500EF09F40910D2
:106A50000F020001FE04D3E8D3102EEE06F002056B
:106A6000F4FFFB19F30D0021F4080C04F7F500D630
:106A70001DE00FE3F8D6FA0E07020114FCE5FDE174
:106A8000FFE511DDFFF22EF526D7D90AECE9FAFF72
:106A9000F60A0800FBD60BF9060002EB1AF1F3E642
:106AA00008230AE7EFF0FAF9FCFFFEE005EBFD0131
:106AB000F50D0FE3EF0AE5F41AD536CDE40A11FC23
:106AC00002F70329FD0DF704E1FDF0F7F1F8F0F20C
:106AD000F5E4F5E706F9FE01FFEBF400F700EFD26D
:106AE000DDF9F5E4170F1CE1FFD5F94202EDF1FCE9
:106AF00004F0FBFCF6031912230902FF1105F8FF4D
:106B0000F6EB32FC0603ED04080001F8F6F202F39E
:106B100009EC05F9EFFBE427EB0A25E505F416027D
:106B2000FAFB0AEBFA08FBF7F3FFF6060D1217E77C
:106B3000F1EFC90D0109F1F5FBE70E3D02F2FEE6AA
:106B400002FFFEE815EE19E9E803E008F8E3FFF9B3
:106B5000FAF4FB1401F4F9F70F1302070002FCE248
:106B60000A0203E500040507000C040C02FC0B11EB
:106B7000F7F403EEFA0304EDFFF2FCFA2CECFDFE51
:106B8000020301D1FC0C02F8FAEFFDFA07F9EFE07D
:106B9000DFCBFC0D110F22EC030404D80617041000
:106BA000FB0DF706FBE7EC07F4FC1305DE010EF620
:106BB000040907130CEAF610EF0511EEFBF506FDCC
:106BC00011F317F90504EAFCF902030EF815F512A2
:106BD000050605FE0DEF15EA11EEE3040030F2FAAA
:106BE000FE0B05F40B28FA110A0EF025F405C6FA7F
:106BF000EB2AF51D1D350B14FC15FDE303F60328E8
:106C00000F09F23EE8F5BD0FE31F20E314F6030081
:106C1000FF02FEEC09E304FC01EFF8F3060B1C2A6B
:106C2000121303F0F0050C060F130B10F201F8F627
:106C30000903F8E7F7FC1023F7FCF5F7EB0DEB0A77
:106C4000FE0F04180BCE10F533FF0313E702F1F526
:106C50000627FA00DFF5030F0504F1F8FDEE0B003F
:106C6000FBF00719EF120706240BC0DF1B1FFFF014
:106C700003FCF60906ECFBE701F10D060501E9103E
:106C8000F7FBFC013B040E08F21205020905001790
:106C90001FF405E9FFEAD60BFFFD00F00EED0FF43F
:106CA000090BFDE902240041F00111F5DF090D1285
:106CB0002DD91BD416E209FAFAF0F9F9F61BFEFDFC
:106CC000EDF8FCD9F30402F810BCE61AFBDF12FE63
:106CD000F30406F3FFF1F9F0F003F8E80AFB1104FE
:106CE000F501D61705F90204FC03FEFA072403F8A0
:106CF000020101E9080400FDF8F4FF01FD0DFD01AA
:106D0000011504F80F15FC0807FEF6EF090BF2EE6B
:106D1000F2F6F9FA18D91A0204F9F0F7000D050194
:106D2000FD08FE10F0ED03E9F9FD0C14EA111C0357
:106D300003FDF90E060A0BEC060EEB0606F7FFFF45
:106D400008FFE30EF521F6FFFCFDF90CFFF006F954
:106D50001308F2060B0905FAFAF9EEEF0504010132
:106D6000FD03F8EBEEFD07F5FA0A02010A1600F53D
:106D70000EFFFDFAF803FE0BFE05F2F3EB16EBFF38
:106D80000F0207F701FC0FFAF2FC060D00F212FAEF
:106D900001F108F801FF05F60B040C00FCFA21FED6
:106DA000FA02F309F7FCF1FC11050E13FD0202FCD7
:106DB000F902F4F8F001FFF4F9F4E8F1D8FCF0106E
:106DC000FC0202090705020CF4FAF6EC0307FD00C9
:106DD00007FFEB02F7ECFC0E0700FF10FEFF0B05B0
:106DE000FA07F1FBFBFC0503FC09EA14DF170DFBB6
:106DF000FD0305EAF0F306F0EB0800F0F4F7FFEF0F
:106E0000FBF9EE04E7010205FBFC080BFD0A0EF09E
:106E1000F3F205E30208FFE3F20CE601F4050100DA
:106E2000F005080B0ADC0003F1FBFEF1061906FA77
:106E30001303FA07F2FD0404000701FA01ED09FF4C
:106E4000FAFA0EFDFD1118F916F5ECFBD808FBFC5B
:106E50000AFCFBFA022BFE000705FB09E80724F1F8
:106E6000DFEEE910F321FF0E01FEFB06FB0502F346
:106E70000312F607FC0323E9D7F3DE101D200A06F0
:106E8000010B070309E90EE6FD0D070AF3111003D4
:106E900011DAEEE7E8C71005FFFBFB07F3010DF37E
:106EA00002000303FC14050901ECE6CC0ACB03F84D
:106EB0000A07F1FDF7FFFFF6000905F809050723AA
:106EC000EE24E708DCCB00EBFF0E040402E80C0123
:106ED00021F5FEF8F1F2D3F2143019F6FE060D0694
:106EE000030503FAFDF9050AFE0206E4E40C18F0B6
:106EF00011E2E4EF1622F306F302FCF2F51BFE0F9B
:106F0000FB0607E52AFC38EC2BDE02F20316F1083B
:106F10000708FAFBF422180B15F903F4F3FDF70F39
:106F2000EDF6E8FD1CFF04FB040B00DC05190A0A62
:106F3000FB06FBF6F7FE0D09170603031BF4F70526
:106F4000F5F9FFFE031AF70ED6F603F9EAFEEEF99D
:106F50000906F2EB23F5F100FD03FE08F8F40FF744
:106F6000EB06F4EA1FF706BCEE13363109FAFB0311
:106F7000F903020BFC2C051A0302FF050B1702E7AD
:106F80000300E80B01F10B0EFD030AF609120A08D3
:106F9000F9FFF9F0F7000FE9E60A1BF302F0070624
:106FA0000CFD05FC03D1F8FEFD05FDF517090CEB02
:106FB000072DF2F217141406FA01FC3E0BE6020547
:106FC0001811060DFDF5FC1D014B16DAE2D8FAFC8E
:106FD000FFF6F7FE030201F6F8F504E3FCFC0CF5FE
:106FE000E9FF0001FBF8F206F4F8FE1504F8F70DCE
:106FF00002F7F9E0220305E9FF05050E00C7EB0ED5
:1070000004FBFFFAFF0B01F1E60101DC1B13060391
:107010000ED9F91B07DC0B0105F3FEF006F6FAF8B2
:10702000F103FEE91301F00DE9E60815FA030FF08C
:10703000F1F906F002EDFBF6F6F5FDF9EE040DD9D7
:1070400000E3110AFB0505FB0CFC0AF9FF19F4ED3E
:10705000F104FEF7FBFE12FDEFD5F31E0D4C020509
:1070600000F702E10B04F70B01F9FCFA14FDEBF752
:1070700007EBE8041318F9FF0EF1FEDDFEF0F5E66C
:10708000FC07F6FCF6F11133F20DE628F50600F9DF
:1070900003F104F903FCEDFCF7FCF5FBF6F611FC3B
:1070A000FBE6E10BEF12FE03FEFBFB07083100FCE1
:1070B000EA04FB02F80F1E0B09E8E0FE0E00F302E3
:1070C000EEFEFDF103E8EF05F70CF00F05FF04F00D
:1070D000F9F3100211FE13F6F0F500FFE81104FBBE
:1070E0000509FB0BF2F50D0EF9ED1BFEFBFCFC0B8D
:1070F000FE02FBE9FD0BF500FCF9FF04FA0408F1C0
:1071000008FAEEFBF7F30106FBFA081A0217F8116A
:10711000E708F7F812FD0AFE050810FAFC11EEF672
:10712000FC0D050EF4F8F614F704F9F60CF703F568
:10713000072B3421100F02FF0109F4F3FCF3F3FADB
:10714000FE04F8FBFB0BF807100D24E916FEFE0207
:1071500003F400F105E107F50303F7F903FCFF0071
:1071600004F1DF0AEEE40E0111F5F80B020EFCE863
:10717000FD03061204FE0B0CF6FCC50DEAFC04032D
:10718000070C0F0C000CF7F70604F805FB0CF630A3
:1071900003FFF10D073FEA05F9FF0807FAFCFB14AE
:1071A0000504F21BFFFCFE0EF81826F80320080C5D
:1071B000030401EDFBFD1BFE0808FCF80907060FA0
:1071C000FAE8E6060B1811FB03F5FDF3081A02EACC
:1071D000F707F1F2F9060F1EEFEEDE0701EF01FBF4
:1071E0000CFE040707FE050602F2F3FD0C1B11E777
:1071F000F00524F6EDF7F6FD01F9FD1EF706060190
:10720000FAF80117F80E0D0CE9FC151009040CFA38
:1072100003FA03EC03F7FF01FC06FAFE051610ED76
:1072200000E7DD180BF50B02F5010E0507190B063B
:10723000F4FD07FAF412F3F4F8E6F10405ECF803B0
:1072400002F502E7F7080CEAF90405F001FEFDEB90
:107250000DDA1909F7ECFEF80A0E04FC0317EF0427
:10726000F0FD06F6FC0911F5F5EAE91CFC020DF744
:10727000E8080113FCFEF901EB01F912171416F5E9
:10728000050FF7FE1200FE0406FAFE03F1090206DE
:10729000FFFFF7EC0B0107FA2FF016F5FD090AF9CD
:1072A000FEFC0FEB001401F8FDFFF5DF0807F7FC0B
:1072B0003CD3200BF4EDF7FD0AF908F9FAF9EEF2E8
:1072C000FBF8FDE7F2F116F4FCE0EC1DD7DB01FB67
:1072D00009F1F50CFE0A05F5FE0DF209F50A14F2A6
:1072E000F506C7F8FF09FC0FF90AFCF704F90EEFE1
:1072F000FE0BFD000205FE110407EB011C4003F824
:10730000030D02CC021A09F6F50802FB0A00E6FE9C
:10731000CFFB0F0C0F1707FC060E06F0FF00071E31
:107320000CFDFE08FFF0D5E0D81055EFFDCC0204AF
:1073300005FC0318F7F70A05FBF303F1F8FD010458
:10734000FE20EFF3F413FAF80207F60001F612FF3D
:107350001F0203F50009F511060CEAEFFE11020009
:10736000F510FFEBFFED080D17FFF232F3FBF11AFA
:1073700003060CE50C3106F5001003EEFAF8F80AE6
:1073800014060C36F004E1ECE60738FC03FDFBEFD5
:107390000D020705EF0DFCEE05F70601F5FF15F9E7
:1073A00002F5F9F8D609F700F306F9F90605051014
:1073B000F20B03F1FA06E5EDF4FAD5E8EC0FECFF79
:1073C000F703080DF7EF0B0D16030CFB0301050483
:1073D000060600030EE8FF0503FB030C03D808F4C0
:1073E000FBFD04F600FAFB080A02F3E81A0AFF01A3
:1073F000FAF4FC0D0207FEF30FFD03F8FAF5FFF3B4
:10740000FA0DE5F72BE8FB04FD1A080AFDFA100354
:1074100005F801E60D03DBEDF7FBFDF40AFB0EF3C7
:10742000FE00FCEC06F8080BFFFF0505EB0104FA73
:1074300038E8ECF009F6F9FF0AFE0AF6FBF202F969
:10744000F4F112FB01FE240012F7D1FF0DF0FF034F
:10745000070D020CFEFFF3F6F3FE0B08EEFA04E84C
:10746000FFF107F901DE0D030007051701F2F9F23C
:10747000FFEDF8FA0A00F4FD07F3F3EDC6D2FB0BBB
:10748000FDFC07F5FFEEF8F601F6FAE90AFA271116
:10749000FEE304F5FFFC06F90600FB00021F0C18D2
:1074A000F70BF7FD0AFA09F7F3FC02FB0D0A0905D1
:1074B00012FA09FEFC04FEF7F40207F1F8041021A9
:1074C0000605F20207171503FFFEF709FEF9F80F8C
:1074D00006FB03F906FAE40E1F08F4ECF5F80205C2
:1074E00002FF03F7F8F8FB090EEC00F6F9EA031ABD
:1074F000F905F6EF0DFFF1FF0604FDECFA0703ECCA
:10750000F20202180505F9F0E8F335F80B0905FC5D
:107510000802F90301010307FBFB000B000D010248
:107520000C000DF60E08FA0EFD0F060BF6EF000626
:1075300010F5FB0B01EBEAE707271402F70108FD42
:107540001006F5F007F3FBFCF201F60105F8EBEB92
:10755000F4140401E50800FBFD0601F1FBE4020F51
:1075600000F2FCF6F606F7FA051C01ED0906F90D26
:107570000910041106ECF6FF0DF9FF0EF9EF020BEE
:10758000FDFE30F700160003FE0402FAFA0C08FBB9
:10759000150108FF09FFF6000DE61C0DF5030A03AF
:1075A000FDF906E3FB0AF30709F70617F4EF0AF201
:1075B000FEFEE811FF10F404FFFF05F4F8F4F8FAFA
:1075C00000F6F30EF004FCF5D714FD02170B170AB2
:1075D0000B0202F1F7F7FFEBF5F7FDFA2410012299
:1075E00007F60E00D7FB13F603FBFA15FD0D001787
:1075F000FBFFFFFA0601FC14F806FFE6E6BD0E02EB
:10760000EEFC011506FE0100E2F203041B131BFB56
:1076100016DC0301F3E3F40505FC050D020800F395
:10762000050D0209070722E8E2FBF3EE29420104F7
:1076300007FEFF04F8F2FA1F040EF21600040B1105
:1076400009120EFA22F518FF10FEF612FDF1FB00EA
:10765000EBF50408F5FB1E15FB0C0FF2EB260FFCF7
:1076600001FFFAE5FC0205F2E80108FF0D000A102F
:1076700013DE09FE101800F6F9FC01F20A150810D5
:107680000802021E0400E10AE306040F0119FD0DC1
:10769000FFF7FBFAF703E9E1FD070510F4F71524FE
:1076A00007DC03161416FEF608FAFCF6FC33F904A0
:1076B00001F8FC08F603F0FF00F6DF1B1EF7F4FFED
:1076C00009F9F8F3FF01FE04F600F2010800F4FCEA
:1076D000FEFCF7150FF60205F80B11FB0307F3018B
:1076E000000B020101F302F2F90E34E7E906FD0591
:1076F000FF0605FBFF32F601F606FE02F30B2FEC48
:10770000F202D004F4E3F20202FFFAFF08F405F2F9
:10771000E8FDF7EA050BEAE8F7E5F7FEF70204F6FD
:107720000A1A05F804E4FE04100300F3F1F401055D
:10773000052206F51B0901FD011007F6F70202F20A
:107740000F06091CF9FB010D0B3727F713FA03FC91
:1077500003FD060201F9051208FF09FDF7000BEE13
:1077600000E81E01E3FAE708F2EBF81DFC1BF5F751
:107770000811FB06FF00DA16031C2AEEC7E0F2F53B
:10778000F600F007FCCEFEF805030E030C0FDD0C2F
:107790001514F5F5E9BADDFD040A011E0BEE05EB43
:1077A000E4F4FCF70001D8FAED0AEE06040DFFF050
:1077B000FC0904D503140420F000EEE6F3F2F9F816
:1077C000FDB527122DFE0003ECF109180AF3FC05A4
:1077D000F202F2F212F7E112FBF30A1B11ED1BF0B9
:1077E0000FF7F40501D6FEE41AFAF7F4FEFDF1E511
:1077F000F6E927DEDDA311F9FCF9F61B0DD0000830
:10780000FF020C060405141CF2FF18D607FD100435
:10781000010006C204BEF3F1E80A0A0B0400E619EF
:10782000FFEE05EFE616180B020405FA02E70B1D42
:107830000BEE0D1FE6E7F011F8FF01FD14F718F449
:10784000FF0F02ED0CE6F7E2F3140610161B060814
:10785000F811E8FFF2FB02F5FB00FBF4F914FE025D
:10786000050B00DCE6F90D23F3F8FD08FE14F2E841
:10787000F70900080BDEFE1E0409F814FE01D72BE1
:10788000221B05EE0124F3FB07F301E0F507F80CDA
:10789000F50C09150109F9363DF426FCFD0D09F535
:1078A000FC0EFFEFF3FF060AFF050AF70BECEB0FE8
:1078B0004C3323F5012403FDFC01FCFFFF08041EEB
:1078C0000C04F4FAFAF40517323A1BCCDBFCFE0286
:1078D000FC09FAEEFD1F090CF7070303F5081A0867
:1078E00000F4FE12042EF6FFF60F0B00FB08FDF964
:1078F000F4110D1CE7FEECF2EFFCF6FA1709FBFDA4
:10790000F11308F002F90B060703F907F100F90873
:10791000FA09FDF7F3E80B0B0102021405F0FBF77F
:1079200000FC0603F601F116F30CF9F4EBD102FFAB
:1079300007FE090803FEFCF50509060807FCFEE83A
:10794000EE0CF2040AB0020BFB0AFF0A01EB07E798
:1079500018FDFF040FFCE5EAEC2AFFED0EE411062A
:10796000060AFB0500160B11FC030AFAEB080303D9
:1079700014E3FAF30C1DFDFE01F4FA0F0709FE0DE6
:1079800005F509FF0205090024EBFDE70AFDF801F2
:107990000305F71004E0031422050CE70BF7E807D2
:1079A000062CFAFFE10B0405F8050707FB03020F9D
:1079B0002100FB02F702FDEF131C01EEEA13FD06A6
:1079C000F9F7FB000017F813F6F70200EC02F9F3E1
:1079D00012EA09F708F9F9F6F401FF06F6FB0C00C4
:1079E000F8F2FC08060000DAFBE90127F30FFCFDC2
:1079F00001F807F4041E0DEE03F913F9F10CEB0581
:107A0000F8EAFEF5D8FD0AEFFDF503E6FB0702F9FB
:107A100004FE0F0BEB0A14FDE3F1E500EC02F0109D
:107A2000F807FD1AFFFDFF0101FB0302040300ED4F
:107A3000E2D6F1F6E0F8E6FD02FB0B110208FBEDE1
:107A4000FC04FBF20C020EEACD01FA1912FAFFFE59
:107A500000FE02FE00FCFE02FEFAFFFA04FE030333
:107A6000FDFF02FFFDFDFB04FE0102FB00FFFF0224
:107A70000100FE0604FF02FBFAFFFE04F4FE01FC17
:107A800002030502FFF7FC0105FF02050103FF00E9
:107A9000FE01FE00FAFF03FF01040002FD0000FDED
:107AA0000408FA0200FCF803FCFDFFFBF9F30402F2
:107AB00004FBFEFE0001FE01FF0401040301FCFEC5
:107AC000FFFE010108F4F4FFFDFCFE00FDFE0100D5
:107AD00001FEFE02FFFEFCFE01FBFEFC03FAFE04BB
:107AE000FFF7FFFFFEFCFE0301030302FEFEFC00A6
:107AF000FCFF04FF0007FF04FC0401F900FD010383
:107B0000FA0202FF04F902FD02FCFE000800FBFF7E
:107B1000FF0006FCFFFCFD0100FB01FAFD01FC0378
:107B2000FFFFFA01F0FDFD0004FFFCFDFDFD03FA7F
:107B3000FD03F7FC0003030000020400F600000050
:107B400001FDFCFD040302FF01FCFC05FD00FF003C
:107B5000FBF8FCFE04030403F902FF02FD02030626
:107B6000FE010306F700FEFFFAFB03FBF809FC0029
:107B7000FF02FF0101FFF9FE020200FAFAFDFE0317
:107B800003FEFB0003000202FBFD0105040300FFEE
:107B9000000106FF00FD05FE00FF0301F804FFFAE7
:107BA000FE04FCFE00FD0001FEFC0203FBFCFF05E1
:107BB000FE04FFFA03FEFBFC05000300FC00F701D6
:107BC000020302FAFE0000FFFEFFFAFFCD02F5FFFE
:107BD000FC080C14FCF211FD1504F315F408F6E989
:107BE0000E1A0DE7E8E4EF0B0802080401F1FA11A0
:107BF0001EFF1011F906F217FB262BFE1D350C1186
:107C0000F906FA0AF1EF01E703E4FDF903FEF4FCDB
:107C10000426FCED0003FDFA07000AFB080AEEED5E
:107C2000FBFB00EF0D100E0B0AF6E5FD06B90DEBA0
:107C3000F2F6000303050001EFFB1DFAF20B1C092D
:107C4000FCFA17F6F8F20DFA04F404FA09FFFEFE46
:107C5000F8000811000C121207D5E201EFE6FF054B
:107C600008F60113F60EFBDD06FA1313F6F50F07FF
:107C700000EEF926ED0A0D0DF404FCF1FEFD00F115
:107C8000000E040F070CDE11060AFBF40E02F30BC4
:107C900007F905F60F11F805F0F5FC060606F803DE
:107CA000E8EE170515FA17FF00070DEFFEF8F7F1DC
:107CB00005F8FCFF0B090816F402CC2F0AFF05F6A5
:107CC000010907E4F1FC11FF080904EA16FDF12A95
:107CD000FCFAF00C1B0FFDFDFDFCF4FFF8FF09FAA8
:107CE00004FA0B02FBEDEEFE1F0413F5C40EFEFCBE
:107CF0000D00EFDD0117FAED0BFC0009F1FB12118D
:107D0000F0C9E6F6D807060A0DF310EA0805FEF1F9
:107D10000906F527050C1AD6E5E7C41EEFF9DE02C1
:107D2000F3FA070EF5F500EC18F8F00A05F3FA0F70
:107D3000CFE4F30E14F4EEF402FDF6F2F2F007ECE9
:107D400007F2FB2301FBF0EDDBF4231200BB0E0A6C
:107D5000F302FBFCFACB07E0E50505E505011BF6A0
:107D60000800F705D9C70AF600E7030605EF16D5A0
:107D7000CF0801EA021B330E11E2FCE6BABEFA1587
:107D8000F900F619F8EAFCF7D8000CF1061F160501
:107D90001FD5F9F0F8DBD6FAFDF00E02071506F84C
:107DA000FEF905F316150DDA14D9E3F402F4090906
:107DB0000EF5F8FA01020DF7FBFDFCF9FCF81A3F8D
:107DC00011000102FEF20DF2FAFE01F007EA05F6DB
:107DD000F7F4FCF713FCF8204416F6F5F0CB070493
:107DE000F8F7F9EE01F006CEF7ECF8E6F8F0110A34
:107DF00001F1DEF2F1CEFFFCF1FA00F6FD05FEF630
:107E0000E8FE07F001F7FCD50D01DCED1802FB0DD3
:107E1000100BF80C0013FF0FE80F142AF90BF203F4
:107E200008F0EEEF1606EF0BF21112FDFD000FF752
:107E30002EF6F3190C01E7F20D1B0101FD0013F200
:107E40000104F80D12E4090B2004F3F5FCFA0E0707
:107E5000FB2CF2EBDE18E5FF0909080D0E0B0307FA
:107E60001EFC04ED16F7EEE10A3F33D80CF6FEF6E1
:107E7000F10807061204172007FF0504EE09FFF6B4
:107E80000BF62DFE070800FD000317EAFE03F3FDC5
:107E90000AEE09F3FF011407EAEE1F0DD8F3F6FB13
:107EA000FFFCFE0DFFFE06E30CF50213F3F50BF2EB
:107EB000D0FAD21404F6FAF50715FF1700F9080AEC
:107EC00015F71221F70302F2E2190C01FD0B04FF72
:107ED000FBF903F80B2E0308F4FF02F5000E070967
:107EE000FFE2E30520F1090105FE00E7FF26F801A6
:107EF000EA04FEFC030E0509F8F9F01833FE04004D
:107F00000406F6F20003F2EB0000F301000902FCA4
:107F1000FFECE10C04FC0902040A061E020601FF44
:107F2000130903F40B05041F0208FE05F223F003F6
:107F3000FDFF0BF6081604EAFEFD04F2050E09E348
:107F4000FDE8BD022728F80AECF6F5D5001901E98D
:107F50000605FEF7120C09E5F8E3FE050DEC070037
:107F60000007FBF201050908FB09FCF3ECF0F9013D
:107F7000FFFFF5FA0D10150C0404001F0B07FD0A96
:107F800008FE04EA0D1900161106DBDCF5E602FB1B
:107F90000302FF1A050BF7001AFDF2EA1F1BFFC0D0
:107FA000002DD002F60BF1000AFFFE0C03E90D04D0
:107FB0001501F603FB04FAEF000E04E8160FED01BD
:107FC000010D06E2FE1F0419FB0504FAF506F5F59E
:107FD000F6FF02FD130D08FE0FF6FC0F0A14FA045B
:107FE000FA00F9FBFA0F04F308DAFDF5F2F21209D0
:107FF00003FE031F00F403FFFFFE05D80DFCFDF593
:10800000021B00F2DF01F2FC06FD06080DFFFE0474
:1080100006F8F70514FCE7F7F9220EDFF20BFF0371
:10802000FF0611FC05F2FEFBF8FE0307051405022E
:10803000F4F6EAF509070AFB00F8FE0B0312F60C4A
:10804000FCF709F30906F1F213F6031ED8191CF91F
:10805000FDFE02FDFFF20CEF0505FEFCFBFB11F23D
:10806000F608D0F9ECE70A1001FC040C000AF3E36F
:108070000EFA02FE100D1AF1F7F8DD04F1D7030431
:10808000F90204DD05F303E7F50200EE13F7010042
:10809000F1EC11070631F6FFFE0C02F10A1D001F7C
:1080A0001907F61DFE04DFDEF61B43070CE90BF98A
:1080B0000509F2FBFFFB0BFCFDFBFB04160101FDB8
:1080C0000512F300ECFB07000703050C01F70B0199
:1080D00009060FF20AFB14100A0CDBFAE711070479
:1080E00001070900FFFE090F15F5FB0E0408F20D4C
:1080F000080A07FFF823FD09FC0C09E90609080D29
:1081000004FD0D22F2FFED01ECF4330D05070AFD2D
:10811000F5FB07F9FF18090011FD02FBF6FE160D2D
:1081200002E10813F20D0CFF0BFD0D0BFC1A00020F
:10813000F70D03E6F80500F1F0F3EFF9FFF4F108AD
:10814000F9FD0209EDF00304F0F707EF180D03F74E
:10815000FFF90318E8F404FBFB0BFEFC00DEFDF264
:10816000FD070AF4F508F00502FCEC060F0902FE13
:10817000F70504FEFE01F800FFFA0504FFFF06EB19
:10818000F309010223020BFB000BFE0000010605B0
:10819000040AFEF205FAF1DAF7F30BFB17FE09FB0E
:1081A000FD01FA1207FBFB1B05FD0DF2F5FD00F5C5
:1081B0001BFDF515E8FDF002FEF903F4F7DE08F902
:1081C0000DFC09FA04F710F415E8DA000D26F5F8AD
:1081D00002041405F823F6EAFBF9FF16020FF1205A
:1081E000F5E6F91036F00D050202010BF50C15F954
:1081F000FD050A210001DCFCF00AF4FBE8DD0A0FB2
:10820000F704081A08010EF21F0012FBFBFDFDF433
:108210000A09DBF303030209F30405F1FCE9F8FBA7
:10822000F0F804DE110B24EE16FFDCDC0F040C0C5E
:1082300009F900F6F01005F40A070CFC120EE0072D
:10824000FD26ED02F60511F90208F8F7F5EF03E94E
:108250000FFE01F3FDEAF2FAF213F402EBEE140F53
:1082600003FD06FA10FE0EFE01F4F0E3F40605F13C
:10827000FEF0EA03FFF808031006FAF6FD09030F03
:10828000030801040416FAFA100701FC0701F109BA
:10829000FFF6051BFA110EE707F40505F7060CF3C8
:1082A000F711E0163304EB08F609FDF3FA1901E7BC
:1082B000110CF40704050E23EC01E70A030CE70C8C
:1082C00002F803F1FB1209051FFAFEF8F4F6F20AB0
:1082D000F704E4150704FB10FD0B010301E00CFAA1
:1082E000020BFDF7FBF807010008FBDFE6EE0807CD
:1082F000010E08060316F3EAFB11FFF003120ED17C
:108300000AEAC60204DDF0F7FB08F71DEE05000DD2
:10831000100303F31007FADF01F9BDFF31FD090F68
:10832000FA06EA12050201011C0000F42205F1F62A
:10833000F014E8E91600211C030202FDFB1007E718
:108340000C0EFC07E606E31B133FEBBBF9C90B0D54
:10835000FAFD01F3FEFBFDF7FC0204E5100223E445
:10836000F9E3C2020CBC0AFC0EF100F90213FFE6AD
:10837000FBFFF8EF050421FFF5E5CF09010F08F633
:1083800012FBFFEEFB20F40B0500FBF1170A1B1597
:10839000E0F10F100121F8FD01FDF2F6FF12FC11D2
:1083A0000602F6F80805E003C30A360BEAFC0900EA
:1083B0000AFD02F70CF5FFF9FC0CFFE7F6FA0AECF0
:1083C00005F5DE05240607FAFEFC08110506F6F0A1
:1083D000001602E319FE14FD1516EE1A0608F10642
:1083E00000FF0503F8F006FFF901FAF80904EB02B3
:1083F000FBF900FC14C5F90B02FEFAF00CD7FBEEFA
:10840000FAFAEE060501090DF6FF1608FBEA050566
:108410000102FB11FDF7FEFE030707040A0AF5F748
:10842000061FF402CBF10307F401FCFD08E8FC058C
:10843000F90DEEE9EFF117000D1229F2E311F6083C
:10844000FEFC0114FAEF03FDF7FCFF0D1002F3FF31
:1084500008F1EAEAE3FAF5F9FCF9FAEEF4EB05E9DA
:10846000FFF8FDEBFF03111519FCEF320DFC0500C1
:10847000FBFE09F7FEF309160BFC03FC0203FF15D4
:1084800002FE0E04F0FD15F908EDFB0DFF0DFDFADF
:10849000FBF9090203091B29010A17FBF701F8047C
:1084A000FF03FD1F0AFB00F9F505050D0FFD0CFA92
:1084B000FC09F218E5E904070400F409FEE0FB05F5
:1084C000EBFB02F807010BFD0208F8E4012C05FFA5
:1084D00002FBF3EAF605FA070CF70008000F100C90
:1084E000FB03EB14FE0B0FF901F9FAEEF70402F1AE
:1084F000F403F909FE0411091005F5FCDCF808F78E
:1085000000FF010FF7FE0EF2EA000016EC0707036A
:108510001104FAF8DEDAECF8FFF50517F9F5FEF0CC
:1085200005EDFF03FF02F8FF13EADFF5F71906096F
:10853000000E08F5FAFEFCF3FD0105EF0E080C0D28
:10854000ED0ED604FCCB14F301F8F2F5FE0800FAA8
:10855000FD03F8F41120F6FDF7FAF7E9F8CA0F0B5E
:10856000FFF0F01FFDE605FCF8FD10EBFF00200218
:10857000FED7F804E5BCFD0D01FA0933FC0603E75C
:10858000F3F609DC1D1826F903DBD41306F7FE0405
:10859000FB0C000E0309FCFB0400F7F20E08FFEDD4
:1085A00005FEEF0008021B0408F901E3FDE60302E3
:1085B000E1FAFA0A0E04E1F224E81F0600F81FFAB5
:1085C00009F2F9FE0C0F09FBE5F1FFDBFAF100F50A
:1085D000FCE905EEFD0FF0F506F100FC0527FB01B7
:1085E00000FCF9E1250910E115DBE4F6E7EFF804FA
:1085F00000FBFB1706F8060D0103F9FB0B08EAFB6D
:108600000B0622EFFC04FEFFFBF5FF05FADF070770
:10861000E5F6050200F8ED1606011204EA010BFE6C
:1086200004F70907001301E9F6F80A01F5FF04FB56
:10863000EEE8E5FDF601E10F04F7F208FFF903EFBC
:10864000F3FEF4002E0401FDFDE8E608F1D0030876
:1086500001F80607FE0CFDF1FAFFFDF303FD11FB27
:10866000F3F6D00F12F90A0702F5FEE3011BFEF242
:108670000807FAFA0C0C0B12E4EBDA192B1EF9FEC0
:10868000FB05FCE9030E04050802FB06F4F9DB0018
:10869000CE0F1318142AFCFCFE11FDFEF701030E89
:1086A0000EFC0011FDF8CFF7F10C450EF1EAF804CD
:1086B0000109F906FD0F0B06FD0207FCFD0716E494
:1086C000090AD105FC16E203F5FA08EFF41C03EEE3
:1086D000001302F20010071205F6FAF70631FBF557
:1086E00005FD0C0106E5010221080A15FDFE070241
:1086F000F80410FCF2200705F514032BFFE001FD40
:108700000F07FC190C10F31AF2171BF4FFE4FBFC23
:1087100013F100150516EFE403FAEDED06160DF260
:1087200009FFE50CFEFFF60A020509F303F108054F
:10873000020A09E0030200F2F7FAE7F1FDFCE6079E
:10874000FF1307FF0A0402040302FCF3FA03FD030C
:10875000F808F21401F7050B07FDFFF1F80B05F51A
:1087600008FA0BFAFC1B0DF900E1E2EBE3F1F5046A
:10877000090AFE0A01FA0309080009FD0110F4F5CF
:10878000FE17F90111F2FEFDF50EFAF900EF090FDF
:1087900006F5F9FD0600F9FE101907F506FB0FECCA
:1087A000FE10F5F80516FFFFEF07FCFFECF1F512E0
:1087B0000CED23EAEDF501FE02FFF8EF07FDFAF6F6
:1087C000F2FDFDF903F70A0D1AEDF31FF30011FE98
:1087D00009F7F6ED09EFFFFB090701F00801FEFDBF
:1087E0000CFE00F4FB18E80D0305F813F2F2070D78
:1087F0000FFEFC0403F2EDED1629F2FA080E05FD5A
:10880000F61D02010716F11010E50F0FE901EA0548
:108810000E2F020504F609EFFA10FFEEF70A041313
:10882000FFFBFA16E7EAF2FE1E1A0616FB0002002C
:10883000F8F902FFF4090D00FCF6F40CFBF2EEE887
:10884000F0F000031813EA060E150012F71604F9EB
:10885000F908021CF8F02505D8DFE1FDFC1CFBF04F
:108860000812F50A0818F9010A00F226170FF0E3BA
:10887000F0010AF0FD13FDFFF6F7F4EC0DFDF90928
:108880000500020DDEE4EEEEF2EB2615FAEC15F132
:108890000CFE01F000EE0013030AFBF5FCE40201FC
:1088A000F5131903FBF3F2F402F80318FE12FFFEAE
:1088B000EEF50311E716FECEF0F2F6F9F6F5010734
:1088C0000800012B0BDF00EA1BFFFBFC0612FAEA93
:1088D000F418F7FEE2EA0BF5F9EFFB0C02D8FAE721
:1088E000FD0B0807FF01F910EF12E902531005FE16
:1088F00004F304DB02ED13F3F701FEE013F7F1429A
:10890000FCF220F01B111BF7F20DFBE5041005F043
:108910001308FFF0ECF50D10F4E702F4D9160C0C77
:10892000F70212E505F5FB0BF8F402F9FE111AEE59
:10893000FFFBD91FB7DCE106F5F0FFEE05E9F0F427
:10894000FDF509E4F9FE2AEB11DDB819ED1CF20A78
:108950000103FCDC043206FF000100F602030105FE
:10896000D7E2D1170921F2FD080902DF07FB0A0946
:10897000FB17FF15EC0BE0FCE71014F9FA2602F2E6
:10898000060BF603F702F71B04010311FDFDE1F5E9
:108990000608220C0E1501FBF506FBFF05F3FF0789
:1089A000040602F7F8E900020B0218F8DAE0FF0605
:1089B00006F904FBFB1006F31201FE13100AF5DBA7
:1089C000F23CC701FDC2FCF80213FFEF06E7FFFC13
:1089D00004FD041B0100EFE0F4080BE011E40912B0
:1089E000F3050202F909FA0903030F0A0800F70464
:1089F0000EEA03E8F6E4100904F7091603F5070682
:108A000014F3FDFFE5F00C000B06F81402F4F5007A
:108A1000FA10001301E50AFF19FB0BE507FDFCE561
:108A2000083F19FAE800EAFEF5050E040E00F01200
:108A3000F8030BF7E6F9E40311033AD8F510000345
:108A4000F5FA0506F80E0801FA06FD0BEFF2EAFE4C
:108A50000DF501F8F8FC0206FFFBF60BFFFE08EC33
:108A6000E7FDF2F20702071002FB00F8F8F8000633
:108A700005100312FEFC0C0E07FF03FE0B0D0BE5A9
:108A8000FD07F4EE09F7FB0700F10C0504FEFEF507
:108A9000FE02000402FAF9F6FAFFF3E2150510F9F6
:108AA000F9FBFA04FDEF0801F4FBF10C09FDFF0BE3
:108AB000FDE91B020DF9FD0E06F0FD1BFB020BF498
:108AC000F90804FFFFFAFD0001F8EAFBF9FBFE00DC
:108AD0000004FAFAFE00FF0807F507050D01EB0B8D
:108AE0001BF023FC0AF705FBFCF5010306FFFE1D46
:108AF000FFF10608FDF7FA0713FB15F8F9EB05FF80
:108B000002FA0A1908EDF9FDFBF70BFCFBF80CFA69
:108B1000072209FB11DC03020204FBFDFDF9FFF152
:108B2000F602FCF4080A17F40B02ECEE111701F23E
:108B3000FB05F8F605E6031405F9010301FCEE0C4C
:108B4000F4FD37E9041619FDFE01FE1A03F6F7EEEF
:108B5000E700F513EC000807EBF2ED05FF2811051F
:108B600004FAFFEE0520FA05F20006F304070214EA
:108B70000BF7F6130B2BF102F80505E8010AFE17B7
:108B8000FC000903FBFCFA0DEAFEFF0D081F0BFABF
:108B900002FD07DAFA09F5FEEA020C15ECF6051AF1
:108BA000F0DD09134C16FE070604091BFD18000B27
:108BB000FB030B17F008E603FCFCE80606FA01F5D8
:108BC000FC0A010A0B0309F501FBFE060004EC0593
:108BD0000A0AE3030E07F706FD16F7F0000AF90785
:108BE00004FCFD05F4FFFEEB010A15EA1E1807FD63
:108BF00002FE08EA02080606FFFCF31204050CF365
:108C00000502F0F308FF0DFB020CFD15F70608F94D
:108C10000004F1FA08F8FB060AF6FCFCF90CF2FE77
:108C20000403070A00FB00051BFD01FE0CFCF8EB2A
:108C30000C17F807FCF2F906F10604F5FCEDFAED65
:108C40000A060200EFF620020212F5FB10E901FF0E
:108C5000FBFEFA0AFBE107EB01F803FD0A12FE1A1C
:108C60001A1FF1F4EAA71103FEEAFFFF05FAFBE27F
:108C7000E7F901F113FE220F17E6F2F505C0100225
:108C80000EEFF919F62002ECE901FAFA1217201892
:108C90000BE3FBFF0FD6F90001F50AFBFD1104FC05
:108CA000E9F8FCF31011140D00DCFD09001204F9C1
:108CB000FBF5FB090012FC07FF01FE02FA15F701A4
:108CC0000AF0F50E0D360B030DECFCFB0DFEFC015E
:108CD000FF03FEF312FD1D040F180F02F33B010109
:108CE000FCF3020501FC01F80FF7F2E802051DFE96
:108CF000F40121FA090EF9F30F040000041F05FE28
:108D0000FC07030A0C05ED0F0517FC0BFCF808FF28
:108D1000FF02FEF6FAF9FDFFF1FC0201080BF3E693
:108D2000FBF40A12FBFDF5010509FF060007FB0B2A
:108D3000050306070700FBF5FE2001080EFD01FDF7
:108D40000603FE03FB01F505F3F3081008FF180600
:108D500004FD06FCEB05FBF90BFC0203000C041000
:108D60000504FEFD04FEF7F2FDF4FA0EF1F815FE1F
:108D7000FA00F3FD050E01F5F8FDFEF8FFFA03F425
:108D800002E40015DF06F6020CFF00F5F4F9FCE53D
:108D9000EEFE0401FB0516F508E2FE18E4FA0404F1
:108DA00007F8FF050C0400DC0DFF0E09090102FFA6
:108DB000DEFBEA1D08F605FA04FBFDFCFF09FAF4E8
:108DC0000701FDFCFAFDF902E8FBE00C0813F7FDD2
:108DD000F205FBFC05020D1002F7EFF900EEFA08B0
:108DE00002E91B0110F4FD0005EAFC0B0403001965
:108DF0000EF5FC0DEA060311E9121D04ED07FA0158
:108E000008E7052907EB09F00DFE0A0BFF11EFFE3D
:108E1000140813FAE2EFF41603F6002008F110E14B
:108E2000FBF307FB06F6241E1904C40EE31607F134
:108E3000FAF6FEF0FEFFF804F803050201F60BF463
:108E400005D0140706EBF3F9F5F4FB070001F5FC78
:108E5000E7F8FE14101405F9E8EAF516FBF009032B
:108E600014F8010B0FFC06ED080DFCE0050608F3F5
:108E700008E7DEE7F0EEF5010DFBFA111103020A37
:108E8000ECF110DB04F90FEE01ECDE00F3EF01086A
:108E90000A0902F003D9F8EDEC1003F10E04FC0FFF
:108EA00003EF0A0DF20701FE00F408F606F1FDF2E9
:108EB000F8ED000815F603E609EC120629EB07EDBC
:108EC00010FBFBF10AFEEFF2F8EA02F5F8F5FB07FA
:108ED000E7F6F700F805FB0111060010021B00136E
:108EE000041104F8F7020505FFEAF505EB03030298
:108EF00003050B0AFDE90EE8E3F8FB0900F9F0139E
:108F0000110BEAF60316F504040305120C2AF010FF
:108F1000EF0505FC09FCF6172B15DAEB06FC03F64A
:108F2000FB05FBF3001704FCFB0510031105F30C14
:108F30001A1D0CFCFE0C0AF9000302F9F9110509CF
:108F40000100EDF6FDFCF3FA12041A04E521F7FD29
:108F5000011302EAF6FBFD1215F70C03FCFB03FC00
:108F6000FEFF08FE0539D703ED08FBFAF2E8012FF2
:108F70000201130DE0EAEA04FF0A10F81C3300FCBA
:108F8000EC0CFE1E00F3F9F905E80417F7E2E61908
:108F90000CFC12F802E004F1FFEF020C04EDFEE716
:108FA000FAF5070DFE08FD170AEF07F0E7F4FF03D7
:108FB0000802080307F1F80F00FCFE00EA0211D8CE
:108FC000F1E703F1C9D5F30B0000FD19F8080B0C0C
:108FD00018F4041E04080AEBD6E205E70303F805BB
:108FE000FE0CF43E08FCFB0615FF0B200D0407EDFC
:108FF00008280901CD02F70AFBF9FD0BFED5FDFBA0
:10900000FEFB0C07FA031AE51FFB1F14F1F004FD29
:1090100004FBFD11FCE00904FE0DF5EA22FAEEFE68
:10902000ED031A0BE3F10DF702FB0BFF01E2F20077
:10903000F7EB0CF3DFFFDA0318E623FBFCE0230376
:10904000FEFCFE0DF0E4F1E8F2FAFCF5FCF125047B
:109050000500F30FF1E50D08FBF9030CF9FB02E73E
:1090600006E410F00A12FE0D10D3D60326FDED091A
:10907000FC04FAF201DE011907E4FE17F3EFCD2834
:10908000031347FCFC05000200F506DEFD04EE0AB2
:109090000EFC15FAECFC09250A0C0FFCEF120BFD77
:1090A00001E7F8D70425F6F3F904FEFF030F0011DA
:1090B000E6BDE8FBEB05D6FE04FBFDFFFB0FF5E587
:1090C000EBF8FFE7100514EEF3D1F32CFCB6FCEE41
:1090D000F406FFF90011F6FDDEFFF4E5F30B10F6E0
:1090E000F1D80D0E1BEAF3070501070D0205F21C6E
:1090F000E5F7F6F41704FED0F2EB11041FB2F30209
:10910000F7FC071008FFEBF0FA0206EE220C15F64A
:10911000FDF20123F1E50E00F2F612F209E204EB92
:10912000E20A0BC60610EC21EDD9E7160D15FDF489
:1091300006F8F2E702F0F405F5F4FBF6000900F397
:1091400002D523EE0D1A13FFFAF3080905F0FFE12B
:10915000DC0203D4EFEB0D10F5F01D251B4B000DC9
:109160000BEA03CCFCF3F80BEA04060E0FFB0C0829
:1091700018E4FC00242E13E7020305E2FEF2FFD8F8
:109180000C0BEF0917F0134003FDF022F4080DFC5F
:10919000050005D7FEF7F0EFF00BFDFBF0E902E765
:1091A0000DD8DE07FC14F50BF6F8F6FD03240107D5
:1091B000EE0AFA12FB201D0BFBE6D60E1705EAF1AC
:1091C000FF01F9E6030702F4FA14F12003F304F8AF
:1091D000F506070016FF0DF3020001F7F600FFF792
:1091E0000B08F90A05001109FF0A3313FDE3FDFA24
:1091F000010005FD020AF801F603010C050E0FEF50
:10920000FF04DF0D10E9000B0E001210FA1AEE0B2E
:10921000DDFDF5E4FF0C09F106102AF2FFFBFEF775
:10922000F50C0016F6F90C08EE0C01E91707E6F04C
:109230001F473F1118200B040A0E0A1500D80A0315
:10924000FFFE0DFFF6F3F0181B391BC3F828FBFFD8
:10925000FF03FE0506010803FCFF011B06F8E122DF
:10926000FB1010EADCF303FEF4010AFEF8EEFEEB5D
:109270000CFB001516FDE729F4220DF8C7E60001E6
:10928000060A091201EB06041EE7F91DF5ECDD0DD7
:10929000FB300C040121F2FAF7F90A1C04E809ED8D
:1092A00004F10614F7F7F918081BF4F912F8050A87
:1092B00005F207FDF9F6070401F5FA150A03001B8C
:1092C000FE04E5F4F405FEFB03F908DFFF010FF0EF
:1092D00012EFFC1205FB0A1AFC08F0F004FB07F77A
:1092E0000A05FA1D00EA12E208FC1302E9FB03F882
:1092F00004FE1DEEF7DD04FB00F6040F030EF91269
:10930000FAFE0A05FE1E08FB080BE80DFEF5EF0F3E
:1093100001F707FEFC160EE6ED020A0408051DD54E
:10932000F2C9C10BF703060401F60AE20AF703FBD0
:109330000607FDF30F0FF2F808EEF120190805F308
:1093400000F6F6F50D26FF03F9F509FA02FBEA0728
:10935000F0FF1C070006F2FCFF040107FE22FB14CD
:10936000FC0AFCE60E0202F5F4F507F4D5E8070462
:10937000FA13FF090312ECF1F00AFDF72C0A16E0CC
:10938000FBFACB0AF2ED0B04FAF60DF908FF08ED33
:10939000EC00ED161B02F5EB19DF010D090112FAC5
:1093A000030507D601FBFFE9F800FA080FF2E818F9
:1093B00012E53FED241200F2000FFCE1FE1BFF045A
:1093C00004010115F8FAD9FA09014605E005FE0184
:1093D000FE0006FD04FB0816F2FE0101F909FCE699
:1093E000F0E9F3F52B0DEAF70A0E01FAFAD9091B99
:1093F0000BF0FD09DEF0EDE0FEE7FEEF1C0BFA01DD
:10940000FC0006F902EB011C03F605ECE9F0EE04A2
:10941000EE0912F7FDF004EFFDF900EAF5E60E089B
:1094200007FBFCEFE2EC12FBFB062300E4E6FCFD8D
:109430000303F70F00DC0404F806000BE7EF02BE9D
:10944000FBE9EBFBF303E9F6FB0DFC2DFF1E051614
:109450000300051BE70608E8E60BC9031819F4101A
:10946000050D08130423F534FBEC080709F5CA07BA
:109470000914EDECE8FBF5EFFC0202EFF4E7FB0C5E
:109480000AFDFA06F4F3F9EF0A062EF2FDF3F6F6FA
:10949000020A04EC09CC082216FF00E7F9FD0533A7
:1094A000FB0727FDF7F501000006FD02F003F4209D
:1094B0000DEFFBF1E7FCEEF7ED1F0EEFDFE70D041C
:1094C00003F30324FECEF70205F40A04EEF405E6E6
:1094D000FF0E0C00AFF9F706F4F208F0FDE30BF213
:1094E000F8FC09F81512100BFE08E906230FF50722
:1094F000FD050AE9FDEC0C042300FC27FD01F6350F
:10950000030F2EFF221C15F60409FFDCFC120806CF
:109510000BFC13FDE90BDC260AEFEBFD040B150732
:1095200001FA05F6060EFE0201FD0805E9F116F442
:1095300017DDE109E7F00706FDFAFAF6000D001461
:10954000F1F704F1140E1C0607D3E816EDF701023B
:109550000A03F41E03E8090D0CF6FF1E0F05F2F7CF
:10956000120319DFC800F505FD100225FCDE01021B
:109570000AF9061BF4ECE30408F302F008D8F60934
:10958000FF11FEFC09E700040A000F20FFFBE8F7CB
:10959000FDE717F616FA08F906FF07F105E60A0CCB
:1095A000FF0D190CF0E905F409050EF9160217F97B
:1095B00006070808F6C70F0F0209FBF1EFF6E110E6
:1095C00003F631E804FF0AFC16120628FDF7F5172A
:1095D00015F80E0DF7EC11F50908EBF6F1090E047C
:1095E000FA11F5EDFB05051A21F70D18FB08EA1035
:1095F0000718FC0A192EFAFAFD0A02CD0229FF16F5
:1096000008100B2BFAEFDC03DC002A000F20FFF917
:1096100003FC03E7060A07051A00070EF4ED0047EE
:10962000F7FA140F321B07FB0408F612F41DFCF9BD
:10963000FD050A020E06E41AFC1FEEFBF5FC02FC17
:10964000FE1705F415FEF6F720FA0FFEF5FEDFF41F
:109650000F1AF915CFF40B00FD0202E6FEEDFA0C2D
:109660000308030FF0FCF515EE160BF0111EF910B0
:1096700009FCF9F6FEFE0102FA00FC10F506F314EF
:10968000FB130D0220030206EB0B08F4F61109FA96
:109690001C090705FAFDDDEF17E810FD11E403FCD6
:1096A000FB08F600F615F9FB130EFA03E7F7F008CE
:1096B0000FDCE90AECDC02FD01FD00F3FE0C17FDF6
:1096C000FF010005F30C1B12F8E7D61BF4C4F509E3
:1096D0000D00FFFBFE12EEF4F40AFEF4FEF815FE98
:1096E000EEC2CC17F7040BFE01FCFFD9FF21F2F903
:1096F000F7FEF8E9160F18FBF3D3CA14131609087E
:10970000F5F8FDDC06281113F51407F3150B050217
:10971000CBE40D100E18FC05000E06020124012EEC
:109720000715FF0412F8E2FED01A4E09E8E911020B
:10973000FA0A0E12FC18FADEE80AF603090C13F80E
:109740000D17CE06FB05FEF0FD05FDE9F8FC01FD59
:10975000EB15F6101500F9FA280AE515FFE91009CE
:10976000010BF0E307F40B17EF0FF3FFF8D8DF005E
:109770001DF8F2F2142B1609F70EFFF0FEF40EF1AD
:109780000B00F71804FE02EC0BFE2EF902E6FD0CAE
:109790000408012802EE09FF1207FFDF0008000697
:1097A0001319F9DDED070304030700F607E10702CB
:1097B0001EFFFAF9EBEBFBFA0A361702EA19E6127A
:1097C000FBFCFF0E09F7090005FDF609EFFEE505B4
:1097D00013FFE7F1F1100008EE13F9F9FAE60203BE
:1097E0000BF1060304160008140704F117F8020031
:1097F0000E04091410030A10270009FBF2060910D1
:10980000FBFC0DFC02FF0FFF03010B11FDFE04FC2E
:1098100006FD1BFE03FAFB0FEEF9E600EEF901F779
:1098200002F902F801E90A06F9060710F60E090B1B
:109830000502F4F5EFFB09FB07F402FE02EAF2FB76
:10984000F8100D0C0D06200A0606FA0B03ECFFF9C2
:1098500001FD0FE4031FFDF0F006F8E5FFF5031826
:10986000F4F5BF02FDEFF708F90003FFFB0C040855
:10987000F4F6FBE917FE15DDE500EB121CFE10F413
:1098800004F7FCE1F413FAF70F0B01E0071211FFE4
:10989000F2FA0210061713FE090AF500FF07FFF699
:1098A000150307FD0AF908F6E914F3F700F504FCBF
:1098B0000B0C060201060DE40DFAEE0916FEF4FB90
:1098C0000317C1061E0CFFFC0407FDF0030C0FF28A
:1098D0001DFA040303040903F0FDFEE60F180FFA56
:1098E000FD04FAF4022209041203FE110831E6FB1A
:1098F0000BFD04FAFA200F05FC1606F2FA1A000E08
:10990000010BFC0AEFEDE5FEFDF51202F805150D61
:10991000020AFA1E042412FA0BEAFBFF07F90DFDF6
:10992000011FE408E307DF0AED0001010927FF003A
:10993000F1090F07F6101AE3EFF8E802EE1AE0FE5D
:10994000F40BF9040AF912F816F40E12020CD3FF04
:10995000061A190304EA120DF40AF81600EC10F1C5
:10996000EF04FD0DE9FFEE07FC1BD1E2F4041C033C
:10997000080DF40401F50CDDE61909FDFE0728D5F4
:10998000ED0BC1010DDBEFFB030D0125FCE31EE533
:109990001602FAF513F7DDC8D70807F40AE4100930
:1099A000F9190305FEC214140500F8F8FC0B02E2D5
:1099B00019EEF9E704EEFE1212FFFDF30AFF0BFCAD
:1099C00009081F02E30726FA2DCFCDE5ECF0FDFFD5
:1099D0000C03F3F1FD0E02E9ED050FDE0B0508E8BF
:1099E000F9E0E00518ECF90701F80BE7070507DED9
:1099F000E9F90CCE160719EEF7E2E01D69D7FD0173
:109A00000102FCC70B230316E8FEFCC70E1207F485
:109A1000C0D7EA310C0918F7050B07EEFCFBFFF481
:109A2000060803E7F70AE732E4FB131CEB22FD0B01
:109A300001FCF8101206FAF400F303F2002109DE2B
:109A400011E1D4F63D15E200F8F202CFF11EF3F376
:109A5000F108F5F728F8160EF6DEEC222055ECF9A1
:109A6000F80AF7DAFA09FCFEFE09F91F050BD4DA49
:109A7000E31DEC0C2F6D1C0010FC06F5FFE512EE4B
:109A8000150BEF1FF4F8F628F613E0DAF7F3F5F903
:109A9000F6FBF602FBEBF5DDF8F0FDE0101206D761
:109AA000150AB301CFF6F4F5FD08F90CFEFDECE75D
:109AB000FE04F2EE10FE0CF5EEF5D9F8DF13E30824
:109AC000050B06F000FE0BF71609ED19E8FB04EC98
:109AD0001021F202180D071002F801F3F11AF50532
:109AE0000A02FD1AF202110D1BF3DBC3EFFF10FE99
:109AF000FFF7FD05FCF110FEFEED0FF5FD0804E893
:109B0000FD0FDE14F9E4F0FFFC010815F3FF0A195C
:109B10000703FBE500F6E407F420E4F00EE6FFF1AE
:109B2000020AFD10FD020210EAF105E8120FFDFA2B
:109B30000D0B1EDEF5FBFF070EFA0BF4FF01060707
:109B4000F3F7EEECF30502EF1EE4FBEDEEFDEFF5AF
:109B50000AFA01F4FE2AFDF4FEFCF4F5FEF70B0808
:109B6000DFF4B90CFB08F50BFF040BE2FF09000959
:109B7000FC0EFD07E6FEE80BE1ECCF133B4008F8D6
:109B80000516F7EA0502FB060F00FA15EAF8D8F900
:109B9000B30B1015183710F7FF09FAFCFBECFC2289
:109BA00019FFF00DF9EEC6F7E9224005F0E60701CE
:109BB0000709FE06F5F601EC000507F5060204E9C3
:109BC000F320C010CDD6FB020A1C07FCFFFD20F5D8
:109BD00014000B060011F1FBF801EBFC03D4FD07A8
:109BE000FE100700FCF20C1B0EF90215F709EF0638
:109BF000FEF705E1EBFD15FC080B070D0BE3080D67
:109C0000130A1A1DF10905FD0C082EF7FFED020AD3
:109C100002FB0E1EFE08FEED0E0A06E101021BFD10
:109C20000531CDFAF322FFFB040505EF00F7080824
:109C3000E2FE03E8FB0ED6F201EAFAD3E3FAE00211
:109C40000CF9FE09080A1505F7110DFAF5FCF70DD8
:109C5000FDEB02FCEDFCF70C09F4FF1702F5FFEE3B
:109C6000000114FB041414F8F1D901ED08FA00FC0A
:109C700003F1FC210C0401FC0F06FAF505090BE9C0
:109C80000303E2F527FC0800F4FF04FE03F70311C9
:109C900007FCF4FC1303D9F5161008CC1401FCFFE3
:109CA0000305FCE602FF091AF9FCFCFF01FAE5FED8
:109CB00028E213FFF6F018FC000901E2F4F5FC0BB2
:109CC000F5FE02EFFE1107FD1FD9FB052B0F08FB68
:109CD0000B02F70C00ECFB0D0FF6080119EAE9196D
:109CE0002A2443FA06E913FFFEEBFD2BFEF003FDE9
:109CF000DBED04060A09180A1DF3FEE5F7D50A0F85
:109D000009F100F8FE1DF4FAF000FFFFFA031E0649
:109D10000AD5CDF104E0EE0CFAF0FFF2050506FAE3
:109D2000FA0AF8F816162DF912EDD71F022F02F7CE
:109D30000DF4FFFE020CF60E09050809FA17EEE510
:109D400011EA32F71446030601F6F90BF714F70887
:109D5000EC110AE40BEB0EF42718F3F90352FCF4B0
:109D6000F9FA02EF0210FE04EE01F3CE0E0BF1E45D
:109D70000419F7080D11FCF9040009FE0508FD029D
:109D8000F4FAF7EAF9FAEFE60519FCF101FE05FA33
:109D9000FF07F6DC01E2040A0115F905FFF3EF0104
:109DA000FBFB07060C0105FEFC0AFC2A00F9FC0877
:109DB0002EFBF80501F0EDDFF9240BFD1505F0038E
:109DC000FB15FF10FFF10C0B17EEF9F8E7F9F4EBB8
:109DD00006121F04FA0D080F001406E80103051D02
:109DE00005FDFF12F4FBE2DE1307FFE4F81503FFA5
:109DF00004FCF8E0FCED0CEBFEF9FF0BFAFC042090
:109E00000ED82901F2FBFD0205030515F6F500EA5F
:109E100002FE0115F1020D1903F2FAF4EC0EF40240
:109E20000EFDF808F01A02F5FDF41202ED0E11F61F
:109E3000EC00C6E7E8EBF2F304F400090321EC14AC
:109E4000F2F301FEEC0113D8E7E1E20808110DFD81
:109E5000FF030211F50B0209FC00010B10FB0111BD
:109E6000020A12FDDEEDF80CF6F9FEE60B1206F81A
:109E70000A0011F707FD0123F61A261DF2FEF9F478
:109E800006FBFF1105EFFAF104F9F01BFCFDF20BE4
:109E9000FD28080AFCFB010E00FFF60DFDED00F1A8
:109EA00005F9FD0D1711EB22F20BFB061308FF0756
:109EB000FCFBF3DFF606EFFCF5F2FFFBFE032405E7
:109EC00004E503160FE3FFFF04FA0AE5FB0B0AF2B1
:109ED000FB030115070A0901E5E7F2010620FF026D
:109EE00000FE060B08F003ED170B050A09030DF23F
:109EF000E7EEFB06FEF4120306F9001103F1FEF192
:109F000005090DFB060F1120F106F6FCF3F901001F
:109F100006EB02FDFF12E6F2DFFEFCF8081118DF87
:109F2000FAE1F00E12F00000FBEAFFDEFEF702F7A6
:109F3000EDFFFDFE05030308F0D4E01314E00B0968
:109F40000C0802DF0200FBEAED03FBF3180307FA3B
:109F5000DC06FA0C1C0405FB01FCFCFDFF1D0AFDE0
:109F6000ED1501F100091923F7EDEDF9C9E4FE0B38
:109F700013FC040B0B07FBF9E6FEF9F1080916F2D6
:109F80000AD2C709DAF6FFFCF5FFFCF60505F90F62
:109F9000EF03EEF90E0603DB0DFACF14FBFBF20024
:109FA000F80E00ED1504FEF10A16F40302FB060399
:109FB000090D18FD17090202FA03FAF6FE12030E44
:109FC00001F50501FE08E5050015FF0BFA21F9056D
:109FD000070B01F5FDE2050AFF030204F5FAFCFA9E
:109FE0000FF52DF9EF00F9FB0001FD11FFEF09124C
:109FF00009EC0007EAF6F4F40201E8F827E115118C
:10A0000009FFFF02FBFDFAD908F8070DF4050FF967
:10A0100011F2C4E9FDD003F2FBF0F8F10B04F109F1
:10A02000F301F9FBFC05310827EEBB0DF30706FB36
:10A03000000000F3FCE50D0A1607FB25EFFFEDF12C
:10A04000FD010F032301ED020205F815112CFE1A84
:10A0500009FD0708F907FBDFF1FBFC05110DF4F61C
:10A06000F917FF0A0340FE23FE01FAD90C0EDBD0DC
:10A0700016320B0005F0F7FAF80002F5F4F70208C3
:10A080000701E5D8FFF60CD50D08F6F80A02FCF931
:10A090000508F6DCF2060009FDF70302F4EFF721EC
:10A0A000F6E709FD10F0FF05000000210405090690
:10A0B00013F10CEB0FF7EFE5E60FF8F0F0F9030002
:10A0C000F908FE16FED7040C16FD04F8F407F7E6AF
:10A0D000E93024FFF5FD010AFFF701FD08F8FFFE56
:10A0E0000EF6FC020002F8F00D07D5E23614FD066C
:10A0F0000AF701F600F8FBFEFFF9F10F08F3FE0284
:10A1000001011A03180704F1F603FDE50CE702F25A
:10A1100002F8030D01F5F004F60FFE0A0D0517060F
:10A12000F50E06F2F50CFC12F8FC07FCF30700082C
:10A130000BDFF1FE25F30F08040DFAFA040BFC0601
:10A14000F0FB05EBED0A08EE10CEE9FBC3E603FCDD
:10A15000F20EF80F04D40601FFFBF925EE0BEBE03D
:10A16000FFF632EDF70001050508001801EDFB06CA
:10A170000BF70215F3EBECF21B01F2F3DBE0FA084C
:10A180000300FE0CFDCD071D09FD140C02F6DDFEDB
:10A1900008061B00F1D315FEFCF90111FAD8F8F2FC
:10A1A000F1F60B19F3F3EEF7190410D31E01FDEBD2
:10A1B000FEFC06FF0AE3FD1C000600F4EEF90A208F
:10A1C000F1D911F9F3E0E40B0D06EC1BF8FA0A1AC9
:10A1D0000CFC0A02F1E6E9160510E61003030AE991
:10A1E000FA16F6EF0FF5FD0621FF0012FBFCE4075F
:10A1F00007141D01F407FEF50AFBFFDFFD0EF9163B
:10A200000B060B19F6F20217EAF32EFA0C230CFFD9
:10A2100000F409C3070805F7F80CF522FE00FF2734
:10A22000F9DBFE1D2614EB0BF80FFEFFFF1E0010DE
:10A23000FFF902110AEEC802020B11FAFD08FDE750
:10A24000F8050704011BF70014070126E9F6ECF1F5
:10A25000FC22F70F040014FC03FB00ECFFF5F311E4
:10A26000EE050A17EDFEFE0EE8010B080A01EE12DC
:10A27000F701F8FE01F2FC04EC03F9100AFBFCFD07
:10A28000040F12022106FDFEF60901EFFDFAF503A7
:10A29000190306FA08F2D9EE1BE937EA22F609F0AB
:10A2A0000103FDE9FC01F60B13FF08FEE8E5EB11E5
:10A2B00013160FFA13F50B00F60000E4010CF90475
:10A2C00011FA0A06F9F907200204FDE91DE8F7F77B
:10A2D000FEFEEDF204F90825060105ECFF00DBF0B7
:10A2E000121F47E9F402EFFAFFFBF10FFADAFB1B4A
:10A2F000EEF3FCF1FBFA02EA161710F007FF1DFD62
:10A30000050307020B09F602E5FAFAEBF802200250
:10A310001817E202FE02FC0404F5F5FBFE0AFF0337
:10A32000FF0609F502EE1AEC10FABF16FFDEECFE8E
:10A33000FFFD0AE603EDFC14F704FE03E7E6F1EC8B
:10A34000E6C137070F2EEBFBFCF9F300031AEB1DF8
:10A35000EA090302E7F711FFF2DDEE09124206FBFC
:10A36000FEFF08F9031EE914EE0E00FA1100EAEAF6
:10A37000FE10F00CEF050300F80008EBF7E9FF0B07
:10A38000F0FDF4D4EDE6FFF5FC01FDE9FBF60CEE83
:10A3900006FAF6D3FFDFF015F7F5F62207EA050512
:10A3A000EE0016FD2A000AF2FE05FA1F060CFEF367
:10A3B0000AFFF007F4FDD8DCF51222FC03E90FFCDC
:10A3C000F60802F8F5DCF80309F3E604EBE3D3F54D
:10A3D000F01B0A16DC080B06FC0509F10D06060A3F
:10A3E00008FEF911F1EBEBFBF5060700232DFCFE4F
:10A3F000FEFBFCC203F511ED05FAF6FDF5FBF9379E
:10A40000100532F9F01AF1FF05F8F1FDF4EAEEF16A
:10A410000A040F06F0070312FD01DDEFD424010149
:10A42000FD06FA07F517060106F70802E505FF0322
:10A43000E1E8E40FF8F8D6F5F401FDECF916F2F6D0
:10A44000FCF605FEEEEE1CE5E7CBFA0BF2F407078F
:10A45000FDFB06FD11CE02F4070507EA0FFAEBED4E
:10A460000B15F8EF21D3020605FD07E702F0FD14F6
:10A4700004F3020A15F7F102081821F507DBF807C3
:10A480000AFAF91AF411F81204F4000B23F6140472
:10A49000031225FD12270108090207F2F408FDFA4C
:10A4A000FF0607060A08FE180FF71B22F8F706FA40
:10A4B00009FAFE0C04FB0715EFFCFEFDFAF20E1480
:10A4C000FBF70F04F92FFCFF01081AE6FE15F31243
:10A4D000EC040314FB08300CF0C5E413E03BE6F396
:10A4E000FBFD0329010EEDEAF8FA0319110B2A0509
:10A4F000D8072E1AED16E5000E01F907FE0800FD3B
:10A500000801F8190A07FDFFF01B2922FC00F9FFDA
:10A51000FFF409080D11F4F2ED020107EEFB1AF742
:10A52000FDF1090CDBF2030904F8F60104FA03DB80
:10A53000E1F40300050627FAFEECDC0609E300045B
:10A54000F5F819ECFC0BFCF2EBFBFBE731151AF804
:10A55000F2D6111BF8F5F806070E1409FEF1FCE916
:10A56000FEFD0DE005050400FAF1F51718FD00FFEA
:10A57000F4FC07F60507F9EEEFF40303E8F109240C
:10A580000DDBE9120EE710110002F5F80524F8E1E1
:10A59000070E0EFD120D01FC0EDCE81CE6EB04FEBE
:10A5A000F5F203F7FBFB02C804FCF1F108FE2300FF
:10A5B00013EBF422FEFAED04070008E8F4EE03F4CE
:10A5C00003F9FBF210030201F0FDEF1DDFCD120DC8
:10A5D0000AF10B08EF1407F4F00F02EDF7012AF966
:10A5E000F9FCD6F9F1C7021300F2FD1B11FAFAC704
:10A5F000E701FAE62B212CE713C4CF04E8B9050ADA
:10A60000FDFCFACE011105DDDF10FCE6291A190464
:10A61000F6CDF00C0E05EEFA0B01FCF5FE2AFF005C
:10A62000180D0A0E141B1511FAF916130ED90B0F7B
:10A6300009F3EDFEFB040AE6EE0C02ED120E061025
:10A64000FFFAEE0B05F90E02F9FFF906FDFC0AF61A
:10A6500003F2FAE41DEE15E43613D503EB111504ED
:10A66000050105D5FE390A0E05FFF2E50608F301DE
:10A670000EE7E8032C0808F8F21DF9F1F83100168E
:10A680000C110621F0F6E8F4E00525F3040F180B91
:10A69000F90BFA0AF524FD06FB02F9EDFDF61108A7
:10A6A0000813E701DD10F201EFFC0706FA1F030AA9
:10A6B0000BF907E9F90316EA091FF21EE018E8038F
:10A6C000F916FB05FBE20000020EFFFB0A0BEBF89C
:10A6D0000A3607010620FC040C08F9FEFFE20523F8
:10A6E0000DFEFB11F0FCE002020D0DEBFE0612FD6B
:10A6F000F908F90DFF181002F50F0C02FE0322E90C
:10A70000F30EF80DF5EDFB02FD0EF31610E511F05A
:10A710000302F8F90C0AF8E0D7F60D07F7FDFCF88C
:10A720000611050700CCFB1213F2170CFA09F9EF1A
:10A730000CF70DF406FC020DF8F0FC0104EF0CEC34
:10A7400009FC0D18F50612FA0E080906F6DF0913C2
:10A75000FEF6F90B08FA0CDBF000FDE706040BFB34
:10A7600009E1D619D1CD1EF2FEE500F1060EF5BACB
:10A77000ECFB03C6110F2B10FDB8CD12F9B10C1470
:10A7800007EB06E70207FCDBC60CFFD12220241DE5
:10A79000FDCFD30C0415FA0A03FF02040E38FA1693
:10A7A000FAF7FAF11C281E06E2DC1B0C0617100350
:10A7B0000FF202FAFA2405EB0308FEFFEF05120080
:10A7C000160AD60AFADF08FCFFE5F2EAF70601FBF3
:10A7D000EE1205E81EFDFFE12E0ADC170104F2F37C
:10A7E000050CFCECF7F61400F409E8EAEDF4F5E3E7
:10A7F0000813C502142406FFFB07F9F0F80500FF53
:10A800000400ED01090DE2EB1008FBE803E7030388
:10A8100003FBF2150C0102FF0EF8F0F40E0208ED36
:10A820000B0701EDEC12EF06F41202FEFCE812FB3E
:10A8300033F8010011F3FAE9F33CF1140E25F7FBAC
:10A8400003F8F703F5F40DF2FEF8F804F5F7F6FD5A
:10A85000F309EEE2F2120D080804F7FD0BF1FD1307
:10A860000F000016E9FFE5F9190F0CE3FBF90F02E1
:10A870000103F719FEFE070BF6F818F8F90011EFBF
:10A880000109E409ECFAF114080CF90B08FB0AFAC7
:10A8900017FD03F8041117F2DE16F005F9F9FF07AA
:10A8A000F908FD1002EE0BF506FE0800E80409F0B9
:10A8B000CE04F6F4F70008070305000FF9FFFE0DBC
:10A8C000F5070101FC0BFA02F5F70C18F9E5F7F9A9
:10A8D00003FA02F20116FF05E606FDFBF0FF03F5A1
:10A8E000E8CE1C03F8F0FEF9F90401090AF9091B86
:10A8F000F90002FEF200FCDEDFCAF0EE01DD090520
:10A900000305F4180DE41615080110FAE5E8F2D471
:10A910000F23E5F803CF060401FDFC20FEE106F558
:10A9200004FE0D00FC1135FA1506B9F51CDEFDFA22
:10A9300002FF03FA03FBFB080209F4020AEE071DFB
:10A94000F512FD02F5330E08060A0CF20300070D9E
:10A950000FF0E608F900DD020128070A061A1B03BA
:10A9600002070502FE09060AED0202E5F705FCEC06
:10A9700001F912040CF5F407FDF0FE000815061DA0
:10A98000FDF313DCFC0402E117E5EBF6FD0208FF22
:10A99000F6F8FBE7FEF81201EB0108FEE5040316EA
:10A9A000FDF9EBF83110E0F9FE07F5F00B0F0EFDA5
:10A9B00007FC011C080AE1F2FCFB1EFD32E609FD62
:10A9C000F9FC06F60A09FFEA0B0802F7E5FBF404B6
:10A9D000FCEFF50BFE0302FFF802FCE8F90A0B0896
:10A9E000010902FDF30517DDE10CF6F8FD09F50498
:10A9F000FDFF0506031A0103FB13030D010A15E908
:10AA00000A04F4FF0B010B03FC090103FAF5120C15
:10AA1000F9F8F8E9FFF4EEFD07F6F9F4001706FA85
:10AA2000EE01F9FC09150116FC0709001101F3F10B
:10AA30001618FCE11010140BF800F5FBFF000B02D8
:10AA40000C01F3F9FFF5F110FEF203ECEC1D15FF1C
:10AA50000C040E03F5EC00F70307F9EA0BFF0EF305
:10AA60000106DDF6F5F80904FCFCF7FF05080C17F4
:10AA7000F5F00C02040D0F0B0335010BF9F6FF0E78
:10AA80000203FE0A01FEEB09EDF300FF0EFEF9E101
:10AA900022070CFB0FFCE400F9FE030504FCFFFB9E
:10AAA000F9F3030A0406F6EE2215F90006040EFC7B
:10AAB00012F70D0AFF10FFF0F901F9FD120C34072F
:10AAC000040ACD0FEF0A000C04EDFE01FD1609F09B
:10AAD000DD00FD010A101FFEF6B9D7F8FEE401FB08
:10AAE000F5FDFD1BFDF2FBDD10EBFEF119001FF57E
:10AAF000E303F415ECE2EDFBF5F90D11FB050FFB9B
:10AB0000FA04FD02FC100423FDEDDDFDFCFB0E0A42
:10AB100008F1F70A0B290AE6EAF2FEF7FB1129D73A
:10AB2000F3F3E705E5EA0314F2FCFE11F005F5E5A1
:10AB3000EEF3F9FF220A11DFF1C8D700FFE4FA01B2
:10AB400003FDF5E3030006F4E703F1ED211D01D752
:10AB5000F4EB0517F2F5F101F80C02230214F904E5
:10AB60000AFFFBF6FAFB09F200F9E0E7F6F3190A2F
:10AB70000CFD021500EEECDBE6F803EF1A0410EE14
:10AB800003F5B004F2E2FC0303ED0411FBFB06DF66
:10AB9000EE09F2E91D0C0CF71ADFDA0EF7000C04CF
:10ABA0000709FFF9F9FE05E807F4FDE815071E0D92
:10ABB0001EE3FA01DCDCF10A170003FF0A06FFF8C6
:10ABC000FBFC02EA080605F110DADA1538F5FF0E8B
:10ABD000020B040308D8FC0600F314F7070DF90F65
:10ABE000120D37F4EFB51DFDFEF7F8160BEFFDDF84
:10ABF000F2F6F3010E080C0F0CEBE8FFE7C11003AF
:10AC00000BE4070D001DF6F7E1FBFBD5131B3A1211
:10AC100034E6D9F7EEEDED0204FA01FA082AFB0555
:10AC2000F60802EE181214EB02DEEB160C1F0CFAFB
:10AC3000F9F207F60322FA130100FDFBF40DF4F418
:10AC400002D9F8132F2D130107EFF609000F00FFAB
:10AC5000ECFE03FD1400120B0702ED1B0A180202A2
:10AC600005EFFAFEFE06F5E809F6F7E50C1204F723
:10AC70000A0AF9FE04F207FCFEF30106FD0D03F8D3
:10AC8000FD02F0E20A02E9081707E3EE00F7080206
:10AC9000FF05F5FCFE03EF0EF5FDF20A0501F7FDD9
:10ACA00003FC1502FB030AFDFB0A000BFFF610066E
:10ACB00017EFFCF713FB00F8FC231501030301FD5C
:10ACC000FDFE080AF9FF01F8000E01F8F9F614F28A
:10ACD000FAF520F8E405110109FFFCFF06FD010F5C
:10ACE0000A01F80FF0F806F60A14F802000A06FB4B
:10ACF000F503F3090AF90707FBFF0107F7F813F952
:10AD000002F91410F311FB0504F80AF8F90CFDE53B
:10AD1000F800F802010815020EF9081D050DFBFFE9
:10AD2000FBF4FA02F51A0AEDFDF309FD060F070719
:10AD3000EFFAEC1BF106F9F6FD0FFF07020F000B0F
:10AD4000FA010EE6F50A04EE0302FA0911B105FB59
:10AD5000FC03060602BEFEDF0F00FFF20FFBE5FB61
:10AD6000F50E57FB00ED07EC070AFE2706FCF8007E
:10AD7000FC0306D701FBFB0609EE20F2FBE204FE12
:10AD800004FDFD0401F0010BDCFF11F5010425F6C3
:10AD90003304F2EFF7C9EF110BF9020AF9F9F5EDF7
:10ADA000F5F6F0F9020A21F023D3B7F50D4002FEC3
:10ADB00008EC01D501F9E808FD13FC06EEF2F127D5
:10ADC00018DA2DF1162F0BFCF1FE01060001EE182A
:10ADD0000AF5F305FEE8E90C092510F10B1A16FE39
:10ADE00005F3F8DD04FE01F3F8F6F7E505F109FCDB
:10ADF000070300FD13E2FBF6F90CFDF4FA0AFFFE6F
:10AE0000F804FBED13F811F1F5ECF208F9180B0456
:10AE100004FCF6EB01E406FA05F1F935F3F30E2B29
:10AE2000FFF417F9171CF508F60EF90906FFF2F8FA
:10AE30002703F63C06F0F10E0B30160F130002F05C
:10AE4000F7FAFB2707F7FB050F030207F0EB11FCEE
:10AE5000061FE303EF13060AF407FEF90708F823B9
:10AE60001A0A01FEE604ECF40E2310EEFA03F90EC2
:10AE700003FEFC03F9F60C0FFCFFFB0CEE04F50FD0
:10AE8000FDFB1801DDFEF7F5FFFEF8F5FA0C06F8FC
:10AE90000EFB0AF6F80604FE160E0C060605F20571
:10AEA000F8010B030606F5F004FE170EF0F0F4F8B7
:10AEB000F626FDFFDF0001F40707FB0104F405F1AE
:10AEC0000402020DFD0502F6E5132609E9D4EDFBA7
:10AED0000C0607FB05F60CFCE40401FBF304F1EBA4
:10AEE000DFE60C0103F1ED01FFF4F3F8F9E10B1FCC
:10AEF0000E0EFE0AFCF2EDE6F8FA02F2F740FF044D
:10AF000002FD02FBFCFB061728F30205EDEFD4FA65
:10AF1000FD131502FBF4F8F202F4FB07EAECEF0C68
:10AF200006F403F8EDE4F109F70725FCF2E2000569
:10AF3000FCF001FF06F205FC00F5050EF6FD02DE51
:10AF4000F2DDE5FFEBF7DAFC0D070005050904FD6E
:10AF50000603FE00F201F1F6D9FFED010DFAFFF84C
:10AF6000FCFCFF0AF9F5F42502F606071DFDDAFEE2
:10AF7000FB04F5E7EFD5040100F603F7FBF1FC084D
:10AF8000F9FE0200FDEDFFEB15EEFF0A00E502FD04
:10AF90001305FE01FEC6FE1E1707FCEE01F7F709BA
:10AFA000112C1DF3D9E602FE0603030E01F1F11B7D
:10AFB00005F8FAECEDF3E403041D2CF6FAE30DFCBE
:10AFC000F8F6FB22FBE3F5FF0C0DFE17ECF100F4A5
:10AFD0000D11DF05BCF4F60503E9FAF1F8F500E818
:10AFE000F3F109FD060E0F2306EEF112470CF104F2
:10AFF000FAFAFDE107E208F612F8FA14F1F7FB3D60
:10B00000F60030FE25170404000AFEE80808FEF9E1
:10B01000FB0305F7FBF6F54712F5190B080B0C07B8
:10B02000F7F3FFCF041FFBFB060B0002F603080C2F
:10B030000DE6FD0AF1F20FFAF6FD00F6040302FD3B
:10B04000F8F704F1F402070103EEEC1BFD0C06080F
:10B050000A03FEEA1027120EFB08FD050600F60D96
:10B06000F509F81204100D111704FF0FF50304027F
:10B07000020C0B0FF9FFFCFFF7010EEA2617140B69
:10B08000021405EC02F900ECFA0A0704FAF302E6EE
:10B09000FEFCF6050F3A1E12FE0A0102031601001D
:10B0A0000E09000702071600FF0EEFE8FCFB02077F
:10B0B000FF0F02FEF2FE06F509F8FE0C24FB07F670
:10B0C000FF3AE8F2E4FA00F5000009FFFADF1DEEAE
:10B0D0002B08070F1314F5E6F22304CEF016070D24
:10B0E00001FF06F40622FA0AFDEA0E02FA05EF0550
:10B0F000070EF4FF1D34FAF7FB03FCF30123FB03F7
:10B10000FA00050EFBF5FBF701E4F1F205F4F4FD9E
:10B11000FF0D001701F80BFE20F7050D02F7FDFEED
:10B12000FD28FA050FFF08FCFF0904FF0720091F8F
:10B1300018FD1003F6060BF0FA14EFF4F519F10EF2
:10B14000FF0501FFF21CFF3206EFFFFFF6F5EDEE03
:10B1500009F6FCFE190207F9FF01FD00FC020A1BBB
:10B16000F909EF0BFD02FED104FE10EBE40B050A1A
:10B1700002F2F601F92207DEEAF5050BEB0203D92C
:10B18000F9E6CCFBD7EAF7FD070201FCF8F106D897
:10B190000EFC0EFE05051DCDD7F2CA02F908E80423
:10B1A0001201080702EFFF100702FAFA0203FFDF9D
:10B1B000E5E4F4EE0FFBEC0604FE02010404FFEFED
:10B1C000FFF405090AFE01E0E5FE0E0BFF22F70978
:10B1D000050FFF07FD1A05190304FF0FED0A07FA13
:10B1E000ECFB04091026E708050EF80602ED0F092E
:10B1F00016FD0117E3E5C8E8FEFA06F2E8CFF8FE0F
:10B200000B0EF502FBE908FE1CF3FC0AEBFAEFF962
:10B21000081206F4F9CF09FBF8F702EFF3FC01017D
:10B220000309040FFBFE11F305E6F3F4F4C50A0568
:10B230000413F40EFEF9020105F5F209F5E8F9EC44
:10B24000EE11F7FE03EA0204FD02022BFC1806369B
:10B250000EF303FEE9E7EFCFF52212FFFDF3F5F75A
:10B260000604FDEB0715000F0A020EFDF202FB02B9
:10B270001007E2E7E4ED04F4F7FC04CF03FBFA1453
:10B280000103FFDEEAF701F911EEFD050F080AF7E9
:10B29000FC0A010404070A021F0F0AFBE7F2EB375E
:10B2A000F80630EE16FEF40AF70E0A000321F71531
:10B2B000FF00FFFD010610DCE8FFF40802EF05F3D4
:10B2C000FFFD06F9F711FBFDF9090200ED12E6EEAC
:10B2D000FE0CE818E8FE1212FE0801FE03000DEA5B
:10B2E000F3FDF41302F9F10AFD12D7E5040F090981
:10B2F000FF0B02EDFF07FFF3FA08021401FF03F052
:10B300000814EFFD2C0EF50402020CF501020BF6F9
:10B31000FF0DF4F4F9FBE3FC08FF39FC150521F0FF
:10B32000FF09FD0EF5E8FD0EF8FD02FF0702E7F943
:10B33000131817F40D0C13FF0F000E1EFA020F1650
:10B340000207FD04F8FDFE1E2015F4CCE8DDECFE3E
:10B35000070204FE021E04FCF1190206ED020FE2D0
:10B36000E2F0DFFF0017F9060A0E080A1A010AF5D3
:10B37000FC16FA0EF603F2F0E6E1E2042305FFF90B
:10B38000FA13FED6FF0517FE0D0306FAE6F9EE05E1
:10B39000ECF1D3F50AF613F6070306F7FB06030FE5
:10B3A00015F8F6FCFD1109F5FA1AF2EEF9C40D03D1
:10B3B000020DEB0F05F30FDA0F0607060EFBF82957
:10B3C000053DE700EDA601FFF820030703EA1AF7A1
:10B3D0002EF70B14FDF9D2EE033DDDECF0D3140F84
:10B3E000FB1C00FBFF260B1BFDFD0105F9FFEAFF1F
:10B3F0001C03E8DB1621F0FD01080907F81C021800
:10B40000FEF40EFFF2FE27BB11D8FD05010C05FB73
:10B410000706FE09FE0F090E2A0A0AEFDDFD070DD9
:10B420000401DFF6E508F20D080FFD06FC0B13041E
:10B43000290805D5F0F6F1E8031EEEFBDE05E90963
:10B44000F8070812FD070A12FEFE07FBE3F9E7F80A
:10B4500010100700F4FB02F7F9070FFAF4F703EAFC
:10B46000FBFEFB00130C01C4E20515F4F20001031E
:10B47000FC0F0B05000BF6EAFEFD06FF010C1FEAB0
:10B48000ED07A70B1CE317FE080709EEF8CC14F62E
:10B49000050004EA0A1107CFEFF9C7DFF203090339
:10B4A00003FAFC0902DD0507F7F900F5FFFD10F7C7
:10B4B00003D9FDE81A020103FAF3F1F5F7FCFC06E3
:10B4C000000713F5090201E70CDCF2F8DEDA0BF9EC
:10B4D000F90804F303CC06F410FC04FAFEF6F7D1E5
:10B4E000FAF92CF50EF9F9FD06040202F4F005183C
:10B4F00007F207EC07FEFCE70FEF100300DE06F093
:10B5000000FDFF0A0600F51514FFF5DCF9F506E964
:10B5100014061F01FBD1FDF6F901F7E50121FD0835
:10B52000010600FF02EE01B4F4FA252AF03603FA10
:10B530000A03F6F80CECFC1BEF0E0300F4F0EBEC46
:10B54000FBCF26E5E63F0B0B03000B2109F50814A2
:10B55000EB11000101011B09F4F3FC17054DEBFD94
:10B56000FF07000FFE11EEFC10FCF30F10FCD8F8E3
:10B570001A2107FEFCC403F6FDFEEFE008DBFCF435
:10B58000F704F302ECEDCB0DD01406ECFFF6FB0153
:10B5900006F8F8D901CE091CEB0303FB08F3E139E7
:10B5A000040042F50AEF06F7FFFBF514FCDFF5FF98
:10B5B00011FC0901E20A0F2A021BFBED0ADC13FA57
:10B5C000F511090FFFC5FD0012EA080BFAFF0BFB8E
:10B5D000E7161004E7EEFEFBF806F9FDF8E1FBFFC5
:10B5E000040A07F9FDFDF74A0107E90D521DEDFDBB
:10B5F000FAF9F4E502CC070501FAF72DFCFADC377D
:10B60000FB1825E6491A0DFD040102D3FAFFFF10CD
:10B61000F602080BFC070E2508FF1501070219F2B8
:10B62000FFF502EBFF05120EFFFA07FEFAFF0824F2
:10B630000EFE002DE0120DF7FFFE03ECFF19F201E4
:10B64000F30103EAFCEC0CFF0AF8F401040DFB1211
:10B650000304F9E80B22010BF304FD0D0C01F208C1
:10B66000F61AE506DE180B0FFE190910F2FCFC09AC
:10B67000F80BF2FEF1F8FCF1F105F6080AF31417E5
:10B680000212F6E5FDF110EBE70605DCF80F04F910
:10B69000020DF8FB12FB02FF0004FBF401FD0A0798
:10B6A00006FBFAEA11142BCD0508F5F9F41E0B116F
:10B6B0000017F700FAF812E008FBF8132201F01067
:10B6C0000166E0EADE0E07FBF50AF92B02E120D85D
:10B6D0003DEB0E15EF0EF502032FE8E6F6ED0CF24A
:10B6E000040DF3D5FB30080228FEFDF7FD0EF71818
:10B6F0001B1215FF150A10F2FD0602F2FE2FFF1DA8
:10B700000C1C0317F61C07D4F9F8F1FA15110FE514
:10B7100001070409F20913E11FFC060EFBF90F15DE
:10B72000FE18E302EBF6E603061400F7F616080A25
:10B73000181B10F5F6120AF6EEFABDF7E919DF0943
:10B74000FE070B00FA2310FE1CFA11E91505E206AC
:10B750000A1F0FF6E5020509FE0C03FD0601FB14A6
:10B76000F300F515FE01E2CAFC040FD0241916F807
:10B7700009F8F8140A1102E8E81AFE03FE0420B4DE
:10B78000FD18AD0433E308030313F51200F005E7D9
:10B790000B0B09E50FF9DAAAE8E6D4F607F40CFB7F
:10B7A000080D04FDFBC40746FB050911EB0D0CE871
:10B7B00024C7FABA01E103FD0404F9F210FC01E820
:10B7C000070D0305FD090AF011F1D4F8061EF5F482
:10B7D000F80207F603210B0CF4060502F9FDF5EF5C
:10B7E000EEFCFC160719FEF7030E0AFB02EF0F0032
:10B7F000040FF811E9F1E9DAF309EEFC3D2B0AF840
:10B80000FC0602E409EC04F408F80A05ECF1EFFF89
:10B81000FF06D4EEF8D511F7F207FCE702FFF6FDBC
:10B8200005F70D01FAF6181518F5C2F401EBEC074F
:10B83000FCF90104090411E710FC040807F7EFF70D
:10B84000EA27F3031005E2F80007F513FC0F0A00DE
:10B8500000FC0506DF0602F6D80702F70400FE0525
:10B86000F80AFEEFFC5802341BF703E8FF00CCE5B2
:10B870001CFFE3F60D1A09FA04FDFAF8091A081577
:10B88000040E0102EE110FDA14FB03040B0F09FB87
:10B89000F9F9F9E4050309151A0404E5EFFD0312AB
:10B8A000EB22F3F5F10604FD03FDFE16FA1FFEFC84
:10B8B000050D00DEF80EEEDBE9090600F5F1FF14D8
:10B8C000F50FFD1007EEFC02090106DDF101DFEACC
:10B8D000FF3008FEEBF509FE05F707F9FDD9FFF388
:10B8E00005F8F7000A0AE907EC0EC7E80F060BF6A1
:10B8F0000A02F8E203F20DEF0111FBFA13FF09044B
:10B90000070E1005320D0DF701FEFEE002E211F503
:10B91000120E0CF503EFFAFEDD0018F0FAF01CFC35
:10B92000F90601FAFFE60C0816F908EEFC0CF9E836
:10B9300006DBEBF3FBFA0607FD0AFFF70F1F011901
:10B940000206000AF8032AF025CED1FE17D1F91B12
:10B95000FA08FFFD031BFFF0FF02FDDC0708FCDE19
:10B96000F4DCEB0B0DE9F4F802F5FBD7FF32F4E958
:10B97000F1FC03E1220421F901D0E62325C71207D7
:10B98000FDF003C2031403F3E3F0FBD51C1241FEE8
:10B99000F1CCF52CFC0F110902F9F604FB43F1FC84
:10B9A000F20E06EBF903E816DBE50E040300FFFCDC
:10B9B000F3EE0408FF17EBEAE50901F411100AEFB2
:10B9C000FEE3DF014700F8F0F7E303E00323F309A8
:10B9D000FC0E02F30E0502F21AFCF22019530204C7
:10B9E000FFFEFDD6070F030FEE0EF009F704F9F97D
:10B9F0000213FF0F1F2216F7020EFDF50A0705FFBF
:10BA0000F403FA210507E111E302EFE1FCF5030B72
:10BA1000FFF60816F5ECFAE204F8FCEB120504DE7A
:10BA20001327E2F1EA0EEF0C00F5F01006F202F631
:10BA3000020AE8050AE821F8F926FC0F0429EBFFC1
:10BA400001060CEE07FC10FA180FF8160102001898
:10BA5000F92DE4F6060B21FEFA07FC020F0503029E
:10BA600019F6F30AE701F2171A01F7E3DCF8080206
:10BA700005FDF71908F005FC09F7FDF0E4F314F6ED
:10BA8000F60AF2FEECE7EC09FA0000FEFE180604E6
:10BA90000BF40A000A1707EFEA0001FEFFE500FBBE
:10BAA00007FE0E0200F2021304F2FC08FD07F6FE88
:10BAB000F10B0CEB1CF90F060A06FE07FFEDF70C65
:10BAC00003F8F401F7F704EB09FA090FDF01F906AF
:10BAD0000A04EFED04F20907031001FEFF09070B4A
:10BAE00003E319FCBFFB16010500071301F505FA76
:10BAF000040405FBF7F7EB0EF4FD1400E505F6036F
:10BB0000F9FE062009CA12FAFA010A0609FDDEEF5B
:10BB1000E81C12F800B21AF811FDFC15F9E30CE963
:10BB200011F5051D04F709F90901E1C7210F08FF07
:10BB3000FCFEF0F005E2FF1C02FDFD050EF2F41D17
:10BB4000FE2C27F8F712070FFA09FDFE00D308EBC9
:10BB50001DFAF513F8F3F804F00FE8EFF4031AFAFE
:10BB6000140303E80925082108091DFEE106F70C66
:10BB700018E6FB03240901FCFA0602E6FA39082458
:10BB8000FBFF1309F909FBFA0AE9EDE5162C12FD92
:10BB9000FB1004E003030DF3FCF90A23EAEF05248C
:10BBA000E9D4E50F4C32EB01FDFA04FB052217192D
:10BBB0001611070EF410D5FFF6FEE30E0800E9EEAD
:10BBC000F60AFA0FF91609FE060FFAFCFD10E30A51
:10BBD0000A07F2F4FEFC070D0509FBECFEF9FD096E
:10BBE000F814F508E6FBE6B4F4062BE6FC0DFF01BD
:10BBF000FB0403FD0216ECE90005F10A0E0715E54A
:10BC0000FC1EF1E916F009FD0616031EF5E22006FA
:10BC10000C00FFFA0708E6DCFAF71CEC17F905023E
:10BC2000F8040AFB09F4F5250F0708FFEBF2F4D638
:10BC300026F901C8FCF20A01FB08F9F50BE40AFD3C
:10BC400007FFFDFCF6021515F00FFDF1F9D2080310
:10BC5000FC040A0EFFE509F7F8F8FB030F01FDDA13
:10BC6000FFF512FEF9D207FE02F704F0F9FFF4DA4D
:10BC7000F9F300DD1A03270115D7ED0BFCAA060224
:10BC8000FBE608E9F520F9FCC50502E0261B2D07B7
:10BC9000FDCAF6190813E6FD08F802FDF92704F7B6
:10BCA000F111FEEE13040F0FE0E8FD16FAF30EFC9F
:10BCB000FDEEF9140C05F2F9F80F0AF5FB1304FE7A
:10BCC00008DAE4031A1DF1FAF4F500EF0716F60995
:10BCD000ED0D02EC240900001FFFF51516FCF7001E
:10BCE000FD04FCFB0112F707F00EF3F0FC00ECEE94
:10BCF000F61BF2FC101316FA000A0AF1F5FEF9F42D
:10BD0000040AF109FB05E206EC1EE5E7F6E30D0780
:10BD10000308F1FD02E3FEF0F4FFF7ED1406F8145A
:10BD200023081CEC16FFFDFBFA05030A03E305FFDD
:10BD30001EECF4F700F10C0D0C1A1F08091AFCFB9D
:10BD4000FA0A00FEFBE7FF0F17F5F313F7F3E30022
:10BD5000FF0D04EAEEF8F401F50404FBF505050D0A
:10BD60000DFA0325F1FBF80B0F07ECE9160B05069E
:10BD7000F80C001104F0FA1206F1060AFA030AF4AC
:10BD800007081806010AFC04000FF705F510F9066C
:10BD90000B0A090C01021107F90E050707F1F6025B
:10BDA000F7FEFE12F91E031AEAED0C08F2FDE70C8D
:10BDB000FAFF0705F9EEFE01F903F90EFEFDFF0D8E
:10BDC000EEF9F5F5F20609FAEF03F611EFF90D00B9
:10BDD00009FBFD04FBF506F3F700FE01040513FB68
:10BDE0000800E6FEF9D2091206F7FB24FBF50ADF8C
:10BDF000EB04EF04100B1C0103FEE7FCD3B01306A9
:10BE000002F90604FAF9FEEBFB0604F1150D201207
:10BE10001E0101F7F5F9E702FDFE04FFFB210E020A
:10BE2000FC040201130D01050105F0F60FFF0D01E1
:10BE300004FFFB05F70DFFF9FC01FBF618FBFF13F0
:10BE40000D0CEEFBFA1D040B02F8020DFFFE04EDD3
:10BE500002F808E505F90A071B01E5FEF2F303FF06
:10BE6000FD0007FC001709F502F6F6EE0B1212F1C1
:10BE700008F6EEFFF905FC000304FAFEFE0F0012BF
:10BE8000FCFCFEF60612EDF802EFEFF6020308F7EF
:10BE9000FFF90111FC1EFD07020303F7F900090970
:10BEA0000800F204060B050AF802040E0B1619032B
:10BEB000090205020E080EF8FD0502FC00FFFD0355
:10BEC000FF0001F901080B03F8090DFD0B0E0FFD32
:10BED000FEEDFDF8E505FA070908FC07FF05FF0A76
:10BEE00001F60200070DFCE0FA1206F901000DFC54
:10BEF000FAFBFB0BFA0A01F0F20306F80D000BE463
:10BF000007EEF303F4F0F8080CF9FB00FEF20CDE88
:10BF1000FC0DFEFF0A0302F0FCE8F70FF9F705023B
:10BF2000060B0000FDFE05EA05FD0BF506FC0F07FC
:10BF300014ECF4FAFCF7FE03FEF8F714040001F524
:10BF4000FF0503F4090200F8FBFBFC1BE0C1FE0146
:10BF500008000B0508E9F3DBF50601FAEDFDFB022D
:10BF6000F4FC09EBE2D213FB04F10612F5F704F23C
:10BF7000D607FCF209113507FCD3EADCC9E8E90D64
:10BF8000F0EFFD23F0DFFC09E51503EC0FF71115C9
:10BF900006F7FCF3EAC9E7FF10FB0606FED704F339
:10BFA000F5FB02ED1B15FBF30806ECF51D19FFEF81
:10BFB0000601FCF9FFF7030802F9F2F907F5EF357E
:10BFC0001111140D130923FDFFF509ECFAE6FEF13A
:10BFD000FDF6F5FB0E020921340FF0E7FCF216FA2C
:10BFE000FD03F3E602E618F103ED07E7F00004169F
:10BFF00015DEFFE5FCE4F9FFFBFEFEF8F806FE03A4
:10C0000000FEF4111BFD09FC200718F80A0F0509B2
:10C01000EE00FDFBF91D030709050E22F100F018E3
:10C02000FBC60100152108FFFFFFFAEAF60105F340
:10C030002DF80026FEFFEB01FF2A11031C020A0166
:10C04000FCF10204FF05F6EC080BFD07E8F4FA0327
:10C050000A180EF9F400F3010E0EF600FBF800FCCE
:10C06000070009F003F713ECE7291305F5FAFCFEC6
:10C07000FD13F6FBF60B001501F5FC140405F2CDDB
:10C080000AF911FDEFF4F20303000CFC07EA0104C6
:10C09000F6F805F2EAFE0DF301FB2211FFFD0E0595
:10C0A000050203F303E601F4F9000E06F1EB01F1DA
:10C0B0000A19FFF5E0FEE900FA0501F8FDF603EDC7
:10C0C0000B03F20EF2030309EB2C000D11F5EDF258
:10C0D000FDFF01EB0614F4070206FF01F4F9F2F884
:10C0E000EBCC0D11192BE1F8090A00F1000803153A
:10C0F00008050706EDF3E3FECF03130E4249FAF9F4
:10C10000EF2300F7FEDD070515070E1BDFF6CDEF69
:10C11000F41806FD1EDF290C0008061B09EDFCF3D0
:10C1200000EAFE12EEF0E8FA0A11DEE30200F8FF80
:10C13000020EF30C09F6ECFCFBFAF40803E6FC052E
:10C14000DE0C0FFCD9FAFE07020FFBFBFCE00D0032
:10C150001104F826F4FBEB0FDA0AF9F8090710FFCF
:10C16000020F02090724100E07101013F217FA1A13
:10C170000ADDCF1A22FBFE06FCF3FDF00D17FF22AD
:10C1800004FC27E8F4F711FD1EDEFAE9040E0005B1
:10C190000CFCFCEC01F707F8FFFF0809F6F9030BAC
:10C1A000F706EC08350DFAF2F20302F6F90A011768
:10C1B000F60B0304F201FCFAF7EA0416010006FD8F
:10C1C000F005FD02FA190308F30005FBF400DDF8A1
:10C1D00009E5E9F61BF20107FC01EFDEFD0F01F8AE
:10C1E000E6020707F0FB01B9FFE70B10FD0501F6BA
:10C1F00005FB04EF031009FDF6FEFC0AFE0D14EF2B
:10C20000FD02FEFCEF090106FE0E0311FA07FD1404
:10C210000E0AFE0DEBFE07E1EB0807F30F10DF0D32
:10C2200001FBFE1BF3F2FD0701F907FA1405F5ED1A
:10C23000FA09EDF1EBF8FA0500F9081902D702ED59
:10C240000714FB0116090A0AF811E7051B02F8F7A3
:10C2500003FEFEF00904FDF7EAFFFEF502FE060FFD
:10C2600000E8DB0A0801F8F0FFF7FDE1F31BFBFC37
:10C27000EF03F9EF02011A0C03EE041800F5F7FDC5
:10C28000FBF303FEF80406F0F6F4FB0B0111FBFED2
:10C29000F0FCFA10F6F60CFD03F8FC1A05FB00E4BE
:10C2A000050607ED0204E9160B08F806F5F8F0009C
:10C2B00002050AE80222FCEFE9FFFDFC030008F694
:10C2C000FBDACC131C06EEFEFCE9FCD9FF160005D8
:10C2D000F7FE01FD120903F2F2CEF3140D11FBFB80
:10C2E000FD000301FEE003FD0809F7E5FB0614E18C
:10C2F000E103170AFD080F0EFF00FD1C05E3FEEE2B
:10C30000040300F20F0E080BF513DFE0F4EA0AFE57
:10C31000FBFA0CFEF9FFF5E8F1F2F6F0211C1AD257
:10C320001AFBB1F419F5F7F802F9FB1A02E4FEF56D
:10C33000F809E3EF05FAEFEE11F1F4070405040044
:10C340000D0203D904040901F700FAF6FBFD080207
:10C35000F2F20AE70C0304FCFD07FA0204250E0FB3
:10C3600003FC08F1000D0BFC05DAD2F1F1F0090431
:10C370000808020FFDEA0310F9FF06EA090D00EBB9
:10C38000181724EFE401F402FEF8FC1608E9040E85
:10C39000F8F6F2F9FDF7F8F9041810E808F70004C8
:10C3A000FF06F4EFF81600F8EBF8F610010C09029E
:10C3B000EDEBF0F106000FF9FD07FFEAF51BFC0FAE
:10C3C000F202FEEBF9EBFBEF19E80D02FD00F5FDC3
:10C3D000F50BF206FEF0F1FF020802FCFAFFEC0199
:10C3E000FAE935010C14E9F202F601060CF0041327
:10C3F000FEE90F01F301F3060AFE0DF31B1D0C10FD
:10C40000F6F6081703DB05F40CFC14FEFBFC1E0714
:10C410002011E8F0FBDC000106FD010E04FD0BD746
:10C42000F7FF01FB010D141014E6B9EA0430F4F62D
:10C4300005F906FD07F7F2100CFCF8FCEAF0F20A29
:10C44000F2E0220917F705FA00F9EEFD0F07FC08E4
:10C45000FAFCFA17FCFFEBFAEF0BFD08FB1F0108D3
:10C4600002F4090301FCFE09EF130FF9050317F8A5
:10C470000D0407122F07FBFD04F0F6FD10FFFE0967
:10C48000FAFCFFE20805FFFB16FDE3FBFEF80001E6
:10C49000FFF801F904FD0C16EC02F31301F4010797
:10C4A000F6FAEE0B0BF50D06F70C04FF080806165E
:10C4B00001FBFE06FFF7E4ED030F181104EB11F981
:10C4C000FFFDF811FD07FA0DFEF50400E7FFFC0083
:10C4D000E907F5FE1012FCFE080106F6030CFDFB51
:10C4E00003F9F1F50CFFFAF21307090CE004FB0065
:10C4F0000800F7ECFA00070202F5F30BE703181E39
:10C50000F8F23301F01C08FDF90606EC0F12FCF9F5
:10C5100002060907F4FC0C34000CFC1AF10AF600C0
:10C52000FD0607FFF12EF6E712050AFBE4EEFFF524
:10C53000E0EDD812F5FBF7FCF80AF103030404EA76
:10C54000FE0106110A0901EEF00B1D0501F903FDBC
:10C55000FDFEF7060508FDF9F8070A05FDFB00E8F2
:10C56000FC01F309E608EEFBFD00FC0211FBFDF601
:10C5700006FC0AF206080FF4FCF0EE030704FA06C4
:10C58000050207F1FC01F9F102F9FAFAFBF6F500F0
:10C59000FEEDFB020AF20707FAFAFF020403F7FEB8
:10C5A000010803FBFA01EFFBF30B050011E909F7A2
:10C5B00007FAFCFDF7F2F80202F7FC01010307019C
:10C5C000FCFDFEF5F6FD05FBFBFBFB06060302FE8C
:10C5D0000A030603F1FFFF05FF0CFA000104F7054B
:10C5E00005030805FCF507FB040B010004070CFF1D
:10C5F00008FBF8FD010BFC08FE02FCF507F9070239
:10C60000FF0A071001FD100CFBFFF80801010400F0
:10C61000FC0303F7FDFD06F901020210FCFA060512
:10C62000FAF4FFF8E7FD0CF50608030000FCF1F44E
:10C63000EEFF02FAFA010509FDF7F9FD0D0000FE13
:10C64000F7F604000DFF040704020CFD1108FDFEBF
:10C650000902F8FC16070406070DFAF7F8FD0403B3
:10C66000F8070501FFF50501FB02041C020902FDA4
:10C67000000702FBFA03040006F9FEF7010DF812A9
:10C680000001050901FFFD03FE0600F9FC08FCFAA4
:10C69000FF09FD0B0709F9F60002F001F9080CFE8D
:10C6A000FC04F10403F800FD0005FD05FB02FFFF9B
:10C6B000051300F8E104FAFAF6FC04FF03FE000992
:10C6C00002FDF7F20805FBFE0D0301F8FB19F60663
:10C6D000020908FBFF1BFB0808FC0302F805FEF833
:10C6E000FFF7080BF8F6E7F5FC09F9F9020902185B
:10C6F0001DF60919F3F3F712F403FC12FA3BFA01E1
:10C7000002100809FEE70D1104FF0412EF00E7090B
:10C71000F62C07F303F91206F603010905EAEFEB1D
:10C7200003060907FA03FC0BFA0AF8E317C3FE0134
:10C73000050803050BF9F70B0BFB050C07F4FD01CE
:10C74000EA0C14FEFBC1FCFF07F2F6F904E90AEF5C
:10C7500010F9FD1EFD07FC04E0F1E808F3DB15FC11
:10C7600004FC1004FE0BF909FC07161AFE04F6F986
:10C770000EFAE409F343FB0B0D0806ED0102F31C6E
:10C78000F6FB13F5FF06030E0AE802EA091AF6F8AB
:10C79000FF0306E911F201FEFA00FF0BFCF1042190
:10C7A000F7F30E0A2914FDFB050207F6001AFB1623
:10C7B000FFFC04FFF4F3FA0DF3E2E6000C0A00FEBE
:10C7C000F70101060313FC08FE01F2FEF803DFFD8A
:10C7D00006F4F5FC12F6ECF70B0702EE0506F8EF8F
:10C7E000F60BF50C02F502D103F813F2EC0902F78F
:10C7F00005FFFEF5FA200202FE010111EAFF01E841
:10C80000FADFFC00F0FA02F90102030206F6F8FE74
:10C810000F02F20E00FB02EBED000202F4FEF5FC4B
:10C8200005FCFC12F5EE00F1FEF9FAFA14FD00ED3C
:10C83000FE0CF8F8E7F4F803FB0500FEF8EB04DA69
:10C8400004FC08090EE70501F511EFEDC6C8FF0469
:10C850000FF2F8F900ED04E5EB0805F301FF15F31D
:10C8600001F3FE01F7E2FA0A00F3F81905FDFEFCF8
:10C87000EBF307DC250C0FE706D40006F5CFFCFE32
:10C88000FFF8FCFE0316F8F4E2020EDE0F0E24FEA3
:10C8900008E5EA170B20F10201FCFAF6FDF6ED03BC
:10C8A000F1FF05E10A0D010304EFF30704EE11F9AE
:10C8B00001FDFCE905ED0DFBF4FBFDFA0BFFFE0AA3
:10C8C0000AEEFFFFFE010FF2F7F9F805F9FAE8E9C1
:10C8D000EF01FEF2FAEC140C07DEE611F73FFFFB66
:10C8E00002FD08DDFE000BFFEC03F5EF1201011461
:10C8F00001E0EAFE163709F90802FEECF8F8FDED52
:10C900000303F8F1FF02020DFF0FEF24F6150EFFEF
:10C91000F4FEFBF2FE04FC02E9FEF404F8F808F869
:10C9200001F3E0F90D0BF30BFBFA000FFC13F80613
:10C930000507F11D0A091B02020C04060AFEFEF897
:10C94000F90205FFFBEDFB0CFA0AF3100204FF01EC
:10C95000130C08000E090607FB03FE0100F4FCFBA4
:10C960000B0AF80DF6E8F81805030C03FEFF06F7AE
:10C970000B0901F6FF1A090C02FBF3FDFE04FCF0A3
:10C980000306190CF2FAFA08F90210170101FE0C5D
:10C99000F3FE0500FCF010FEF0042900EDF9F601AD
:10C9A000080904140C00FB020302FEFB0FFFEA0B54
:10C9B000F314211DDC1502F605FEF702F9EB040065
:10C9C0000C0B040CF909FB07E71727F01AFA0E0DF8
:10C9D0000EF40102F400FEF20BFE04DDFCFD04E99E
:10C9E000FDF7E301210E07FEF4001008EFFD05122C
:10C9F000200C09F40101FEFD01F608F3CC1702FA40
:10CA0000F9020CEE01F7F603FF09F0E31C11EE0149
:10CA1000090A29F3052BF3E508FA02EFFC15EE1BD2
:10CA2000000AFDF1EBF2E3AFC70F5513F8010CF16B
:10CA300000F8FE10F4010B120601FCF505F4FBFDF5
:10CA40000218100ADD11FDF8FE04FD0302D9FE0CE8
:10CA5000F40801EEF306270714030CF2FDE6E4FFE9
:10CA600003F91008FBBFF6FB06EE01111608F011E2
:10CA70000F0EF4F4E1ACEB01F3FEFAF9FDD2F7ECA2
:10CA8000F9FBF01CFCFBF510E3042C1B10F601FC79
:10CA9000FE0B12FA0BF9FE1CFC100307F700E00670
:10CAA00006023FF7FEF214FB0306060FFCE908142A
:10CAB000D6FE0AEAEB101B2508010CF2D6E113FDA5
:10CAC000FEF3FA0705DBF7F0FC010100251912104F
:10CAD00014F00509E7E1F3F9F3F1030AFEC8FEDDFE
:10CAE000F9040AE5060DF425FFF9EA222BF5F60311
:10CAF000F20B04E103EEFD1809F7FC30FFF1E41D31
:10CB0000E9FD35F11FF9030101FEFAFAFF11FCFE00
:10CB1000EF021602F40BFB08FFFD2910F3141E09A7
:10CB2000F7EC03F7FBF0FE0CE106110A0E06041DFC
:10CB30004518071B050FFCF810F5F40601FCFB086F
:10CB4000FC02FDF1F9F427FEFE1EF4DF00D20D0514
:10CB5000FC07010206E0FDF9F3F7FFE60CF9ECFB38
:10CB60000AFB0BF700E7F205FAFFFE0AFAF2000BE8
:10CB700006ED07000504FFF6FD0A0FFD4546FB051F
:10CB800007F8FC0701170412050405EA00010E0F5F
:10CB90000B1D0C0A0D060B06040602ED0310FBFC30
:10CBA000F905FEF4060CF30F15000EFDFF1C00FE48
:10CBB000FCF9FCE108F9FB060C02020FEF08F7FA9A
:10CBC000FEFD15FAF10E0DFEF70000070901F6FB58
:10CBD000F80B0FF4FFFB1702F40015F90240FB04F9
:10CBE0000BF60215F609F5D0EC050804151600F74A
:10CBF00002F305060221FE0C0BFE02FFF9DFF7DD52
:10CC000003FB0AEEF7F309070C02F732FA02F7F812
:10CC1000F5FE03ED0AF9F90CF705FD0608FE03D64B
:10CC2000FF031913FB07F1F2FDFB05240B17FEFFB1
:10CC3000F6F1F5FDFBF410F903F8000F04E3EB0740
:10CC400003FAF9EDFDFDF418F20104F4F60C12F606
:10CC500001F402FBEB0BFDFAFB06F80100010712E1
:10CC6000F0FC050002F50CF40BFDFA20C0ED05FC0C
:10CC700000F1FCCB030807E8E9F3F905EFF7111C15
:10CC8000EFB7FD0BC6FB08FB01E807F40510FED06B
:10CC9000ECF9001002094BDDD4E1B60ED3EECF1152
:10CCA00003F4F50CF50405D5F4F2F9EB0C1C05F6CC
:10CCB000B4E6FA25F3F2D4FD07FAF8F501EAF4E157
:10CCC000F9EFECFC070AF3EFC4F5133503D0FB0EC4
:10CCD000F4F30904F6E9F2EBE9FB0BF9F5FC14F8BF
:10CCE000EDD8F003F3C71C0A04FC0AFDF60503EDBA
:10CCF000E91315E6F9141E0BF7D3BDFAF513F90283
:10CD0000FF03FBF604F90513030BFCDE010103141A
:10CD1000E7EDE9F1FBE8FB0306FFFFFBF9FD01FC92
:10CD20000908EFE2030EFAFAE8F90202E33204031B
:10CD300010F402F3070EF8E3F90CFD06F308FE0801
:10CD4000F9EFD80AC5DF0BFAEE08FB1AFFFAFAD0A2
:10CD5000F612F9EE0EFEFDEE2235DAF1F2E10BF8F5
:10CD6000030900F6FB00F901EBF302E905FDFE0102
:10CD70002FD6DBF0FBEBE3020AF4F6ECEF05F8EF5D
:10CD8000F6EC08FB090712D025FFF2F907E5F6F6E5
:10CD90000A0AFB20FD030B0311FAFDF0EEEEECE2B4
:10CDA0000536F9DBD4F8F6F8FE060304FAF00215AE
:10CDB0002FFDFE080DFBE8DD2B3B2AE5DB0D010412
:10CDC00008FC010EFDFD080AE903050CF0F902F963
:10CDD000FF0DF0E91C28FBF805F3F70BFEEAFE0B4C
:10CDE0000606FDEE07F90AE6041F353217EFEF07D6
:10CDF000F20AFCF1F11400F4FDFE22EE06F6F90E43
:10CE0000EDCA30F2EA070200F4050DDBFAFE02EA91
:10CE100001E81D09110B0810F6E01608DEEBF1051C
:10CE200004FA0DF7F9DA00D8020A13FDF90200013D
:10CE3000C7E5F71EF7FAF3F90206FE04FDF0F5FA6E
:10CE400000030010140DEEF7CE0E2F17CAD01001FC
:10CE500009FC0606F301FFE50107020409FE09F7D4
:10CE6000FD08DFFFEADBFC08FF16F81600EE1AD219
:10CE7000F8FEFDF9FC051DE2F4DBD2FFCCF10A0956
:10CE80000BFF05FC00F106E70002EC0310FD08F2C1
:10CE9000FEF8FC0419F409010E10F8EBF9FB060288
:10CEA0000CEEFD010E0109F62102D6E51CE5080095
:10CEB000F903F9FD02E6F6F307F9020F1BFB032D58
:10CEC000021FE0E5F424F6110F08F80E080700F63B
:10CED0001FF20B22FAFB030DF105DCE5EAF703096B
:10CEE000F71B01080221FAFA0CFB050AFD13F506EF
:10CEF00010F1EDF2142AF6F70C0804F5FC31F620D7
:10CF000003030306F7EFDDE7F2E706060D2412142C
:10CF100004F9F3E00A4D0B0501F8FDEBF0001105F3
:10CF2000F2ECC9032527F4FF1109FAF5032C0DFAD9
:10CF3000F20B03EEEC0AF9FA00EAEEFBF705F5074F
:10CF4000FB080316F9FC0DFD0205FBE60018ECECEE
:10CF50000CF62A0702F2F90102F5F6F8FFF6FCFBDF
:10CF6000FC00F004FC00F3DDE907F8F701EF060D23
:10CF700001080005F90BF6EAF30906002C0833C591
:10CF8000F404D60A3FEE070C02080AEBF5EB18F999
:10CF900004FEDDEC21F8F4C8D9D80FF928ED18FA11
:10CFA000FC05FB0FFDDA060E0FF301E60301000797
:10CFB00013EFFBE124000704F3FF040B0311FBF85C
:10CFC000F5F507FE0A0B19071CE8E916FB27000513
:10CFD000FB0BFE01F9EC08F50205FCEBFD0108F97D
:10CFE000FBEBD903FBB80F0C04F9FDFCF5F601E2ED
:10CFF000FC03FBEA180F33F20DDBD2F9FEC2FFFE91
:10D0000002FB0F05072604EFF40507EE0B1D49315F
:10D0100002D8EB08EF15E4000B0302F3011603FD41
:10D0200008FEFB010C0BFDFFE6E6F60909E610F62B
:10D03000FCF4F5020209FFF0F80210ECFF00F10B1E
:10D0400005E2E516F81B1305FDF5F407010EFFEDEB
:10D05000E602F3E611F515FE2508EC0301EAFFFFF1
:10D06000FBF804F3061704E9EEF9F1E41A051CF9DC
:10D070000CE7E5010B01FBF4FA0209F5FE0A0DF2DB
:10D08000F6F0F10004FEF3F3E309E20C06FE1303ED
:10D09000F90A0A0100F6E914FA0600F9FBF903E1BE
:10D0A00016020B0400EDEFF7FBFF0A320B03F10D44
:10D0B0000BFB01ED04FA010705152417F1F8FEF149
:10D0C000FDF1FEFE020EEA03EEFCFE02FC0106F29A
:10D0D0000AF1F5FDEEF4F8EFFE000502F5FE000A98
:10D0E000F104FCF5000302F9EEFF1D1AF00803FD40
:10D0F000FDFCFFF0FC07FFFFFCFE05F4FB03F6FA66
:10D10000F9D2F709FFFD01FE07F004020D0001E36B
:10D11000EA051402FE013A00EAF0EF11EC06F3040E
:10D1200008FBFE0D16F1FDE5F5F908F5220EF5F602
:10D13000DA030D3304F70709F2F70305FCECFBF102
:10D14000F405F4F00EF00AF7EBF9FF1C10F8FC07F9
:10D15000F9020002070402FDF80602FCFF02FC01CE
:10D16000F3FA030AF404030106000106FF00FAFFC4
:10D17000FC07FE07F904FDFF05FE00FEFE040500A6
:10D1800000F307FAFF0009FDFFF5FA03FE0806FBAE
:10D19000F7FDFD0800F108FDFEFCFB06F5FE0702A9
:10D1A000FDFAFDFBF90506F901FE00FCFF05FBF5A4
:10D1B0000104FEFFFC0200010706F3FDF902FC0179
:10D1C000FC0202FA05F6FF060A05FBFEF6FD06055F
:10D1D000FD00FC000103FE01FE03FE03FCF6FFFD63
:10D1E000FD07FBFCFBF601000201FCFC06FCFBF961
:10D1F000FA01FD040DFCFD01FDFFFC03FAFA00FA43
:10D20000F9F7F7FF0B01F2FC000200FEFBF702FC4E
:10D21000FDF900020501FE0006F903FB0C05FE0501
:10D2200001FFFBFB0701F80B01FDFBF9FD02060402
:10D23000020301FCF903FFF7FFFDFAFFF9FF04F811
:10D24000FDFD00FE030105FF03FEFBFEFEFFF5F6FC
:10D25000FBF9FBFEF5040A02F501FE0100FDFBFCF3
:10D26000FD0404F802FB01FDFB0207F701F80108C9
:10D270000802FDFE01FF0202FA04F900FF00FBF5BF
:10D2800001010101FF050002FBFA09FC050209FA90
:10D290000402FA05F20107FAFE030006F4FFFDFAA4
:10D2A000FAFD060703040004F701FC0000FD000A74
:10D2B000FC00030500FDFE000100FE0401F7FD0077
:10D2C000FFFBFFFEFB030A060BFA00FD10190DFA27
:10D2D000FEFBFFF00A06000002FF02FF02FAF1FE69
:10D2E0000AF2EE0AEE21F809011905DFF104FA133A
:10D2F0000504FE08F6F8E60CDE0720FF3A450BFFB2
:10D30000F90F06FBFDFE000D06F7070EF3E5DB1235
:10D31000F91402F204E326FE0305F7F5FCE0010729
:10D32000F5FB0300EFEDDE1A0EFE0FFDE4E8EF0162
:10D330000402020001F70002FEEFF906FF000DE60D
:10D340000A08EE07F517E10C0102FEEEFC02040CE0
:10D35000120E03110AFB00F5DE0CFBEA012AF9FCB0
:10D360000E040121F60805121D14122EF4FB05F51A
:10D370000406080CFC241305F8FDFEFD0ADE0DE58D
:10D3800016F906FBFF001F26FAFC1109EAE1F0037B
:10D390000410ED180305050A0EFA00F117F7EDE485
:10D3A000F70A0D1004EEFB04FFEFFAFDFDEFFCF7AA
:10D3B000F4F7ECF6F400FBF71AEEFDFA06F81504A4
:10D3C000FF050801FD03ED02FEF8010207FA11FD59
:10D3D00005EC0A09090EF013FDF3FD0D080906EB33
:10D3E000F6F306ED08FB1BFE21FAEC2FE5F301092D
:10D3F00000F702ED010A07FA0EFB0DFCE4F6EF1749
:10D40000EBD028F9C81202FBF3F0FFE0FD0705F8A6
:10D41000F7000503EAFD13E3DEECFBF9E400E408A2
:10D42000FAEDF609040DF5E0ECF9EAFDFE0C15E85D
:10D43000B7DAD012C9E4E500F6010A18F6ECF8E410
:10D4400000F9EA000AF8F0F0BCF5DD21F805040562
:10D45000FB01FDF0010D00FD0A04F70AF8FBF008DE
:10D46000FEF105FE240B07FDFF050AED04FF021681
:10D470000EF1F9070CF0F70EFD0C1CF22330F5034A
:10D48000FD0000F10003FE0F13FE03F606FCFC078F
:10D49000021909010DF20813FB0907FAFFF5FB0257
:10D4A00007F6FFF3F903F611FAFB05F8FE00010396
:10D4B0001007F8F200FEFD020BFEF606FE07EDF186
:10D4C00000020AF9E608FC04FC0507F902EDFDFD7F
:10D4D0001401070A0302FFFCFA0DF9F80A05060C0D
:10D4E0000E00EE03FB0303F6F9000B00FFF9060F35
:10D4F00000F4030BF01000F9F5F504F9080C0AEF3D
:10D5000009FF05F1F5F8FD2804F4E4E807F8EFFF5A
:10D51000F703F50A03EDFE0404000C0B0AEAF2F02F
:10D5200003060D06EEEC0001FDF00AFDFEE7000E1D
:10D530000A01E3F2F9F804181AF40501F4032101D1
:10D5400008F303FDFCFFF51607FC09F803F90C1AB4
:10D5500004D7F0FF0E1AE804F8EFFD01FB1CFCF8FD
:10D5600000F3F70209FD10F216F1FF10BF01F903F5
:10D57000FAF8FCF004FB040513FFF915EEF703F5C8
:10D58000F0D206FEB609FCFD0AFC06E60519F5EC2C
:10D59000F1FE060FE6081CD5D4D7E60FE6FCE00A3C
:10D5A00000EDFD0E0106F3D401FFF0FBF7021CEBCA
:10D5B000BAEBB5F9F3F4E4FDFDF7FE0004F0FAF27E
:10D5C000FAFDF3F20C04F6EFD20BF41F1909070C65
:10D5D00000000C00FFF4F7F405FAFFFD0600F10669
:10D5E0000C15FEFF12FC02FF0301F600F8E7FCFD3C
:10D5F000F50801FC0FFF15F90E0109112D4CF80378
:10D60000FAFD07FB0821F50FF3FC04F402031208EE
:10D610000205F9030DF80402FC0A020A04100408CA
:10D62000FA1305E20B09070A15F70C010C1FEFFDB1
:10D63000F706F6F2FE0D01F60F0A0109FB08FCFAE7
:10D6400017040F0105DD04F503F204F904F0F4F901
:10D65000FA010AF7FE0511F90AFD1701FC14FF088B
:10D6600003FD070A000DFDE2FA0305000E030DF7A6
:10D67000EFE714192010E6F700F005FC06F2F7DEDC
:10D6800009F207FCF307EF06F1F7F515F6F703F8D3
:10D690000CFAFDFE0201F72303FE03FC0207F9EE7C
:10D6A00000161D08F50702F803000C00F912F31B21
:10D6B0000901FE04000203E80AF3170BD8FCFD077A
:10D6C000FCEC01FDFCFEFB11ECF4FC0D080208F87B
:10D6D00005E3EB05F601FBF60205F8F7FF0301068B
:10D6E000F2F7FFF40DFAFFE70DF41033BF010CF46D
:10D6F00001FA06EEFB090DF0F6F2070FED0118FF37
:10D70000F9BB0705D7F80905FEE606001010FACDAB
:10D71000E1F4011D01FF3BE1C2C8BF2AC5F3D30BF1
:10D72000FFF7FA040304F7CA0F06F1EE1C0E02F429
:10D73000BCDBDC0CD5F1F000EFF206FF01F4FEF1EA
:10D74000F902F0E32D10F3EBBAFB0E3405060000EE
:10D7500000000000000000000000000002030000C4
:10D76000000000000000000000000000FCFA0000C3
:10D7700000000000000000000000000002F00000B7
:10D7800000000000000000000000000001DF0000B9
:10D79000000000000000000000000000FD1200007A
:10D7A000000000000000000000000000FF17000063
:10D7B000000000000000000000000000040F000056
:10D7C0000000000000000000000000000AF200005D
:10D7D000000000000000000000000000FEEF00005C
:10D7E0000000000000000000000000000603000030
:10D7F000000000000000000000000000FA1E000011
:10D800000000000000000000000000000212000004
:10D8100000000000000000000000000008080000F8
:10D8200000000000000000000000000007FF0000F2
:10D83000000000000000000000000000FC100000DC
:10D84000000000000000000000000000071F0000B2
:10D850000000000000000000000000000433000091
:10D860000000000000000000000000000037000081
:10D87000000000000000000000000000FF25000084
:10D88000000000000000000000000000FAED0000B1
:10D89000000000000000000000000000FD0100008A
:10D8A000000000000000000000000000021A00005C
:10D8B0000000000000000000000000000B1B000042
:10D8C0000000000000000000000000000E0A000040
:10D8D0000000000000000000000000000001E9005E
:10D8E00000000000000000000000000000E7CD0084
:10D8F00000000000000000000000000000E8E00060
:10D9000000000000000000000000000000E9D60058
:10D91000000000000000000000000000000BE60016
:10D9200000000000000000000000000000FB1000EC
:10D93000000000000000000000000000002B1400A8
:10D9400000000000000000000000000000290B00A3
:10D9500000000000000000000000000000380F0080
:10D9600000000000000000000000000000FAFB00C2
:10D97000000000000000000000000000001BFE008E
:10D980000000000000000000000000000029150059
:10D9900000000000000000000000000000201E0049
:10D9A00000000000000000000000000000FE250054
:10D9B00000000000000000000000000000D9FF008F
:10D9C000000000000000000000000000000F1A002E
:10D9D00000000000000000000000000000F6FB0056
:10D9E0000000000000000000000000000006F2003F
:10D9F00000000000000000000000000000FCF50036
:10DA000000000000000000000000000000FEF9001F
:10DA100000000000000000000000000000D3CF0064
:10DA200000000000000000000000000000E6E4002C
:10DA30000000000000000000000000000012FD00D7
:10DA400000000000000000000000000000FCFD00DD
:10DA500000000000000000000000000000EA0100DB
:10DA600000000000000000000000000000000503AE
:10DA70000000000000000000000000000000090895
:10DA8000000000000000000000000000000002F1A3
:10DA90000000000000000000000000000000D801AD
:10DAA0000000000000000000000000000000EA1B71
:10DAB00000000000000000000000000000000DFC5D
:10DAC00000000000000000000000000000000E0A3E
:10DAD0000000000000000000000000000000FDEB5E
:10DAE0000000000000000000000000000000EA0B41
:10DAF0000000000000000000000000000000E5251C
:10DB0000000000000000000000000000000007F618
:10DB10000000000000000000000000000000F90606
:10DB2000000000000000000000000000000006E609
:10DB30000000000000000000000000000000ED11E7
:10DB40000000000000000000000000000000E130C4
:10DB500000000000000000000000000000003FF98D
:10DB60000000000000000000000000000000240C85
:10DB7000000000000000000000000000000016018E
:10DB80000000000000000000000000000000FAFF9C
:10DB90000000000000000000000000000000EF1482
:10DBA00000000000000000000000000000004B0228
:10DBB000000000000000000000000000000027EE50
:10DBC00000000000000000000000000000000FF84E
:10DBD000000000000000000000000000000006F847
:10DBE0000000000000000000000000000000F60639
:10DBF000000000000000000000000000000000E441
:10DC0000050000000000000000000000000000000F
:10DC1000EC0000000000000000000000000000EB2D
:10DC2000FE0000000000000000000000000000F501
:10DC3000ED0000000000000000000000000000FDFA
:10DC4000F50000000000000000000000000000EDF2
:10DC5000E7000000000000000000000000000022BB
:10DC6000190000000000000000000000000000FBA0
:10DC7000FB0000000000000000000000000000F1B8
:10DC8000E80000000000000000000000000000FAB2
:10DC9000E500000000000000000000000000000C93
:10DCA000F60000000000000000000000000000126C
:10DCB0000400000000000000000000000000000F51
:10DCC000080000000000000000000000000000FC50
:10DCD000EA0000000000000000000000000000FF5B
:10DCE0000000000000000000000000000000000D27
:10DCF0001600000000000000000000000000000707
:10DD000007000000000000000000000000000012FA
:10DD10000B0000000000000000000000000000F107
:10DD2000F2000000000000000000000000000008F9
:10DD300003000000000000000000000000000012CE
:10DD40000F00000000000000000000000000000CB8
:10DD50000600000000000000000000000000002796
:10DD60001F0000000000000000000000000000F69E
:10DD7000FF0000000000000000000000000000EDB7
:10DD8000ED000000000000000000000000000000A6
:10DD9000F2F300000000000000000000000000009E
:10DDA000F30200000000000000000000000000007E
:10DDB000060100000000000000000000000000005C
:10DDC0000BFA00000000000000000000000000004E
:10DDD000060200000000000000000000000000003B
:10DDE000F002000000000000000000000000000041
:10DDF000EEF700000000000000000000000000003E
:10DE0000FAFC00000000000000000000000000001C
:10DE10001EFA0000000000000000000000000000EA
:10DE200006040000000000000000000000000000E8
:10DE3000F9FF0000000000000000000000000000EA
:10DE4000EEEE0000000000000000000000000000F6
:10DE5000F0010000000000000000000000000000D1
:10DE6000230B000000000000000000000000000084
:10DE700009FB00000000000000000000000000009E
:10DE8000EF000000000000000000000000000000A3
:10DE9000010200000000000000000000000000007F
:10DEA00004F300000000000000000000000000007B
:10DEB000F806000000000000000000000000000064
:10DEC0000814000000000000000000000000000036
:10DED00002FE000000000000000000000000000042
:10DEE0000EFA00000000000000000000000000002A
:10DEF000F5F9000000000000000000000000000034
:10DF0000FD0700000000000000000000000000000D
:10DF1000FC0A0000000000000000000000000000FB
:10DF200000FE0B00000000000000000000000000E8
:10DF3000001A0300000000000000000000000000C4
:10DF400000260900000000000000000000000000A2
:10DF5000001F04000000000000000000000000009E
:10DF6000001DEF00000000000000000000000000A5
:10DF7000000D020000000000000000000000000092
:10DF80000017040000000000000000000000000076
:10DF90000030F2000000000000000000000000005F
:10DFA000001CF30000000000000000000000000062
:10DFB0000022FE0000000000000000000000000041
:10DFC0000004040000000000000000000000000049
:10DFD0000025F80000000000000000000000000024
:10DFE0000032F3000000000000000000000000000C
:10DFF0000022FC0000000000000000000000000003
:10E000000025ED00000000000000000000000000FE
:10E01000002F0100000000000000000000000000D0
:10E02000001EFA00000000000000000000000000D8
:10E0300000240300000000000000000000000000B9
:10E040000029FC00000000000000000000000000AB
:10E050000009F300000000000000000000000000C4
:10E06000001BFD0000000000000000000000000098
:10E070000038020000000000000000000000000066
:10E08000002A000000000000000000000000000066
:10E090000004F50000000000000000000000000087
:10E0A000000105000000000000000000000000006A
:10E0B0000000FDF40000000000000000000000006F
:10E0C0000000F7F500000000000000000000000064
:10E0D0000000F0F50000000000000000000000005B
:10E0E0000000F4F20000000000000000000000004A
:10E0F0000000FAF600000000000000000000000030
:10E100000000F4F10000000000000000000000002A
:10E11000000003EE0000000000000000000000000E
:10E120000000FF06000000000000000000000000EA
:10E130000000FFFF000000000000000000000000E1
:10E14000000001FD000000000000000000000000D1
:10E15000000002F5000000000000000000000000C8
:10E160000000FE02000000000000000000000000AF
:10E1700000000EF800000000000000000000000099
:10E18000000002F20000000000000000000000009B
:10E190000000FBED00000000000000000000000097
:10E1A0000000FBF60000000000000000000000007E
:10E1B00000000CFF00000000000000000000000054
:10E1C0000000110800000000000000000000000036
:10E1D0000000FEFB00000000000000000000000046
:10E1E0000000FE1000000000000000000000000021
:10E1F0000000F7E90000000000000000000000003F
:10E200000000180E000000000000000000000000E8
:10E210000000090A000000000000000000000000EB
:10E220000000FB00000000000000000000000000F3
:10E23000000007F9000000000000000000000000DE
:10E2400000000008FA0000000000000000000000CC
:10E250000000000E090000000000000000000000A7
:10E26000000000F91B00000000000000000000009A
:10E27000000000FE10000000000000000000000090
:10E28000000000CAE70000000000000000000000DD
:10E2900000000005F2000000000000000000000087
:10E2A00000000023FC00000000000000000000004F
:10E2B0000000001F0F000000000000000000000030
:10E2C000000000142C00000000000000000000000E
:10E2D000000000D30C00000000000000000000005F
:10E2E000000000DEED000000000000000000000063
:10E2F000000000FCF500000000000000000000002D
:10E300000000000F030000000000000000000000FB
:10E31000000000F2240000000000000000000000E7
:10E32000000000D417000000000000000000000002
:10E33000000000EAF2000000000000000000000001
:10E34000000000D1D3000000000000000000000029
:10E35000000000FAF80000000000000000000000CB
:10E36000000000F621000000000000000000000096
:10E37000000000DD050000000000000000000000BB
:10E38000000000F600000000000000000000000097
:10E39000000000C8E00000000000000000000000D5
:10E3A00000000000D5000000000000000000000098
:10E3B000000000F60800000000000000000000005F
:10E3C000000000EA0C000000000000000000000057
:10E3D00000000000FAF6000000000000000000004D
:10E3E0000000000000050000000000000000000028
:10E3F00000000000FAFD0000000000000000000026
:10E4000000000000080E00000000000000000000F6
:10E4100000000000F9000000000000000000000003
:10E4200000000000010100000000000000000000EA
:10E4300000000000FBE900000000000000000000F8
:10E4400000000000FFF600000000000000000000D7
:10E4500000000000000D00000000000000000000AF
:10E4600000000000030800000000000000000000A1
:10E4700000000000F9F900000000000000000000AA
:10E4800000000000F8020000000000000000000092
:10E4900000000000F1FC000000000000000000008F
:10E4A000000000000914000000000000000000004F
:10E4B0000000000001050000000000000000000056
:10E4C00000000000FCFD0000000000000000000053
:10E4D00000000000F8F6000000000000000000004E
:10E4E00000000000F1F30000000000000000000048
:10E4F0000000000006F60000000000000000000020
:10E5000000000000F8F7000000000000000000001C
:10E5100000000000FF0800000000000000000000F4
:10E5200000000000F2F40000000000000000000005
:10E53000000000000D0300000000000000000000CB
:10E5400000000000F1FA00000000000000000000E0
:10E5500000000000F0FB00000000000000000000D0
:10E560000000000000F4FE000000000000000000B9
:10E570000000000000F8080000000000000000009B
:10E580000000000000F40D0000000000000000008A
:10E59000000000000017070000000000000000005D
:10E5A00000000000000EFA00000000000000000063
:10E5B0000000000000F9150000000000000000004D
:10E5C0000000000000C10300000000000000000087
:10E5D000000000000009EF00000000000000000043
:10E5E00000000000004FE2000000000000000000FA
:10E5F000000000000047E3000000000000000000F1
:10E600000000000000E80D00000000000000000015
:10E6100000000000000AE900000000000000000007
:10E62000000000000039DB000000000000000000D6
:10E6300000000000004AC8000000000000000000C8
:10E6400000000000001ADE000000000000000000D2
:10E6500000000000000206000000000000000000B2
:10E66000000000000013E7000000000000000000B0
:10E67000000000000025EA0000000000000000008B
:10E68000000000000003EE00000000000000000099
:10E690000000000000BCF4000000000000000000CA
:10E6A000000000000006EF00000000000000000075
:10E6B000000000000001ED0000000000000000006C
:10E6C0000000000000EF0B00000000000000000050
:10E6D0000000000000DC1500000000000000000049
:10E6E0000000000000DC0700000000000000000047
:10E6F000000000000000F90400000000000000001D
:10E70000000000000000F003000000000000000016
:10E7100000000000000002030000000000000000F4
:10E72000000000000000121C0000000000000000BB
:10E730000000000000002D19000000000000000093
:10E74000000000000000FDF80000000000000000D4
:10E75000000000000000FF120000000000000000A8
:10E760000000000000000AF30000000000000000AC
:10E770000000000000000216000000000000000081
:10E780000000000000001F1E00000000000000004C
:10E79000000000000000EFFB00000000000000008F
:10E7A000000000000000F00E00000000000000006B
:10E7B0000000000000000E0D00000000000000003E
:10E7C000000000000000231E000000000000000008
:10E7D0000000000000001A19000000000000000006
:10E7E000000000000000FBFE000000000000000030
:10E7F000000000000000020B00000000000000000C
:10E80000000000000000FD220000000000000000E9
:10E81000000000000000FA0E0000000000000000F0
:10E82000000000000000FF000000000000000000E9
:10E830000000000000000C0E0000000000000000BE
:10E8400000000000000001120000000000000000B5
:10E85000000000000000F9150000000000000000AA
:10E86000000000000000F8010000000000000000AF
:10E87000000000000000FB0300000000000000009A
:10E880000000000000000009FA0000000000000085
:10E890000000000000000000060000000000000072
:10E8A000000000000000000716000000000000004B
:10E8B0000000000000000013F7000000000000004E
:10E8C000000000000000000EE90000000000000051
:10E8D00000000000000000F40D0000000000000037
:10E8E000000000000000000802000000000000001E
:10E8F0000000000000000009E5000000000000002A
:10E9000000000000000000F6E4000000000000002D
:10E9100000000000000000F8E70000000000000018
:10E920000000000000000007E00000000000000000
:10E930000000000000000007DB00000000000000F5
:10E9400000000000000000000500000000000000C2
:10E9500000000000000000F12F0000000000000097
:10E9600000000000000000F725000000000000008B
:10E97000000000000000000A12000000000000007B
:10E9800000000000000000EA3A0000000000000063
:10E9900000000000000000F444000000000000003F
:10E9A00000000000000000E6290000000000000058
:10E9B00000000000000000EBE90000000000000083
:10E9C00000000000000000F306000000000000004E
:10E9D00000000000000000F8EA0000000000000055
:10E9E00000000000000000FECC000000000000005D
:10E9F00000000000000000EFD10000000000000057
:10EA000000000000000000E3DA0000000000000049
:10EA1000000000000000000001ED00000000000008
:10EA20000000000000000000FB18000000000000D3
:10EA30000000000000000000EA00000000000000EC
:10EA4000000000000000000001D5000000000000F0
:10EA5000000000000000000018CF000000000000CF
:10EA60000000000000000000FCE6000000000000C4
:10EA7000000000000000000013FD00000000000086
:10EA800000000000000000000C3D0000000000003D
:10EA90000000000000000000DE5400000000000044
:10EAA0000000000000000000DF3400000000000053
:10EAB0000000000000000000EF0700000000000060
:10EAC00000000000000000001FEA0000000000003D
:10EAD000000000000000000033C000000000000043
:10EAE000000000000000000034F000000000000002
:10EAF00000000000000000001F1D000000000000DA
:10EB00000000000000000000E81900000000000004
:10EB10000000000000000000D4160000000000000B
:10EB20000000000000000000DEFC0000000000000B
:10EB3000000000000000000002F7000000000000DC
:10EB4000000000000000000005F8000000000000C8
:10EB5000000000000000000015FF000000000000A1
:10EB60000000000000000000F3FB000000000000B7
:10EB70000000000000000000F80400000000000099
:10EB80000000000000000000F2E1000000000000B2
:10EB90000000000000000000F8EE0000000000008F
:10EBA000000000000000000000FCFB00000000006E
:10EBB000000000000000000000030600000000004C
:10EBC000000000000000000000E60200000000005D
:10EBD000000000000000000000F50300000000003D
:10EBE000000000000000000000FFFD000000000029
:10EBF000000000000000000000F1FA00000000002A
:10EC0000000000000000000000F1FA000000000019
:10EC1000000000000000000000E80000000000000C
:10EC2000000000000000000000F8EE0000000000FE
:10EC300000000000000000000015F40000000000CB
:10EC4000000000000000000000F2F70000000000DB
:10EC500000000000000000000005ED0000000000C2
:10EC60000000000000000000000DEF0000000000A8
:10EC70000000000000000000000002000000000092
:10EC80000000000000000000000F04000000000071
:10EC9000000000000000000000F7EF00000000008E
:10ECA000000000000000000000EEF900000000007D
:10ECB00000000000000000000001F1000000000062
:10ECC000000000000000000000F60400000000004A
:10ECD000000000000000000000141200000000000E
:10ECE00000000000000000000041F00000000000F3
:10ECF0000000000000000000001C1A0000000000DE
:10ED00000000000000000000001B040000000000E4
:10ED10000000000000000000001FFF0000000000D5
:10ED200000000000000000000009120000000000C8
:10ED30000000000000000000000029F000000000BA
:10ED40000000000000000000000030130000000080
:10ED500000000000000000000000240F0000000080
:10ED600000000000000000000000260B0000000072
:10ED7000000000000000000000000B060000000082
:10ED80000000000000000000000028FD000000005E
:10ED9000000000000000000000001F030000000051
:10EDA000000000000000000000000F1D0000000037
:10EDB000000000000000000000000018000000003B
:10EDC00000000000000000000000FD0C000000003A
:10EDD000000000000000000000000404000000002B
:10EDE0000000000000000000000008FC000000001F
:10EDF00000000000000000000000090C00000000FE
:10EE0000000000000000000000000A1500000000E3
:10EE1000000000000000000000000D1800000000CD
:10EE200000000000000000000000F41000000000DE
:10EE300000000000000000000000EDEC00000000F9
:10EE400000000000000000000000FDEB00000000DA
:10EE500000000000000000000000F1F500000000CC
:10EE600000000000000000000000FAF500000000B3
:10EE70000000000000000000000000000000000092
:10EE800000000000000000000000F6F50000000097
:10EE900000000000000000000000F4F50000000089
:10EEA00000000000000000000000F7EF000000007C
:10EEB00000000000000000000000F4EC010B07E778
:10EEC000000000000000000000000000062D15DD1D
:10EED000000000000000000000000000053A0FEBF9
:10EEE0000000000000000000000000000A3221F3D2
:10EEF000000000000000000000000000031719ECF3
:10EF0000000000000000000000000000FDFFFDE622
:10EF1000000000000000000000000000000F1EDDE7
:10EF2000000000000000000000000000071233EAAB
:10EF3000000000000000000000000000FE041AF3C2
:10EF400000000000000000000000000009FF23E6B0
:10EF500000000000000000000000000000FCEDF1D7
:10EF6000000000000000000000000000FFFFE1F4CE
:10EF700000000000000000000000000002F5EFF7B4
:10EF8000000000000000000000000000FF0315006A
:10EF900000000000000000000000000006FC1BF55F
:10EFA000000000000000000000000000FEF719F75C
:10EFB000000000000000000000000000F4ECEEFC87
:10EFC000000000000000000000000000F8EFEF0764
:10EFD000000000000000000000000000F5EBF01948
:10EFE000000000000000000000000000F6ED131714
:10EFF00000000000000000000000000004FE0EFC05
:10F0000000000000000000000000000010FEF6EF0D
:10F01000000000000000000000000000060601F4EF
:10F0200000000000000000000000000001F2E8FF06
:10F0300000000000000000000000000008ECE60FE7
:10F040000000000000000000000000000000E402DA
:10F05000F0E3000000000000000000000000E6F8FF
:10F06000EAE7000000000000000000000000E719CF
:10F0700002E8000000000000000000000000C8FFDF
:10F0800002E0000000000000000000000000E203B9
:10F09000F3EB000000000000000000000000E91693
:10F0A000FFDC000000000000000000000000F60F80
:10F0B00008EB000000000000000000000000E9165E
:10F0C00003E2000000000000000000000000BBFAA6
:10F0D000E4E8000000000000000000000000EB0D6C
:10F0E000FCE5000000000000000000000000F92A1C
:10F0F00018ED000000000000000000000000F31BFD
:10F1000018E1000000000000000000000000D2F93B
:10F11000F5D9000000000000000000000000E60239
:10F12000EAEA000000000000000000000000060EF7
:10F130000CFA000000000000000000000000EE28B3
:10F140001CE3000000000000000000000000EF21B0
:10F1500016DC000000000000000000000000FAE8DB
:10F16000F7EF0000000000000000000000002A018E
:10F17000EEFA00000000000000000000000022F491
:10F18000F402000000000000000000000000DF1199
:10F190001CF6000000000000000000000000ED165A
:10F1A00019040000000000000000000000000AFC3C
:10F1B00008030000000000000000000000001EF036
:10F1C000F8FE00000000000000000000000019FB35
:10F1D000FEFA000000000000000000000000000037
:10F1E000FBEC00F500000000000000000000000043
:10F1F000FA2EF0E300000000000000000000000014
:10F20000DD1B0514000000000000000000000000ED
:10F210002BF2143800000000000000000000000085
:10F2200001F5EC07000000000000000000000000F5
:10F2300001F11F3500000000000000000000000088
:10F240001FEDF014000000000000000000000000AE
:10F25000F1E918C5000000000000000000000000F7
:10F260001EDD1A0300000000000000000000000086
:10F27000F0E80802000000000000000000000000AC
:10F280001DEE591300000000000000000000000007
:10F2900029DA0D0C00000000000000000000000052
:10F2A000E8DF18D6000000000000000000000000A9
:10F2B00018D333F000000000000000000000000040
:10F2C000F8D22FE400000000000000000000000061
:10F2D00018F2320A000000000000000000000000E8
:10F2E0003CE520F5000000000000000000000000E8
:10F2F000F1DEEBF100000000000000000000000063
:10F3000003E72AE500000000000000000000000004
:10F3100005FDF8E40000000000000000000000000F
:10F32000F8F420FC000000000000000000000000D5
:10F330001CE9FAF0000000000000000000000000DE
:10F34000EFF6F700000000000000000000000000E1
:10F3500001F522D8000000000000000000000000BD
:10F36000F4EA0BF4000000000000000000000000C0
:10F370000000FA0F06EA0000000000000000000094
:10F380000000EBF7EBE900000000000000000000C7
:10F390000000FAE4DEF100000000000000000000C0
:10F3A0000000F8F9F9CE00000000000000000000A5
:10F3B000000007FB0FFF000000000000000000003D
:10F3C0000000011732E30000000000000000000010
:10F3D0000000F4F310F8000000000000000000003E
:10F3E000000018E0D1E00000000000000000000074
:10F3F00000001B23CACF0000000000000000000036
:10F40000000028F1140300000000000000000000CC
:10F41000000020082C2E000000000000000000006A
:10F42000000004D3232700000000000000000000BB
:10F43000000024F9F4C400000000000000000000F7
:10F44000000031FAC7FC00000000000000000000CE
:10F45000000046EE251A0000000000000000000039
:10F4600000001BF902230000000000000000000063
:10F470000000FCFE0B210000000000000000000066
:10F48000000014FDD2AA00000000000000000000EF
:10F4900000002CF7D5200000000000000000000054
:10F4A00000001FDC2C07000000000000000000002E
:10F4B0000000081BF50B0000000000000000000029
:10F4C0000000101A02D6000000000000000000003A
:10F4D000000000F5E2DF0000000000000000000076
:10F4E000000020CFFF160000000000000000000018
:10F4F000000004E215080000000000000000000009
:10F5000000000000E6CE121900000000000000001C
:10F5100000000000C8D10BF5000000000000000052
:10F5200000000000CCE805F9000000000000000029
:10F5300000000000EA0801F30000000000000000E5
:10F54000000000001D1705FD000000000000000085
:10F5500000000000F9CCFD1F0000000000000000CA
:10F5600000000000E9CF071A0000000000000000C2
:10F5700000000000D4C2261B0000000000000000B4
:10F5800000000000C6E13308000000000000000099
:10F5900000000000DE06371600000000000000003A
:10F5A0000000000003FE0C1400000000000000003A
:10F5B0000000000008C10913000000000000000066
:10F5C00000000000FFA6FD0B00000000000000008E
:10F5D00000000000DFC50B2B000000000000000051
:10F5E00000000000CBE9141900000000000000003A
:10F5F000000000000B151D1F0000000000000000AF
:10F6000000000000130711190000000000000000B6
:10F61000000000002526FF10000000000000000090
:10F62000000000001926031C00000000000000007C
:10F630000000000003EEFC150000000000000000C8
:10F64000000000002A22ED1300000000000000006E
:10F65000000000002643F21300000000000000003C
:10F66000000000002D32F802000000000000000041
:10F67000000000001B21221C000000000000000010
:10F680000000000011EC180A00000000000000005B
:10F690000000000000000C1DF5210000000000002B
:10F6A0000000000000001217F82100000000000018
:10F6B000000000000000001AF81F00000000000019
:10F6C000000000000000F212EE0F00000000000039
:10F6D000000000000000FF0AEF0200000000000030
:10F6E000000000000000040FE9000000000000001E
:10F6F0000000000000001835FB20000000000000A2
:10F700000000000000000E14E21D000000000000D8
:10F71000000000000000021CE70B000000000000D9
:10F720000000000000000107F2EA000000000000F5
:10F73000000000000000F50EE2EB000000000000F9
:10F74000000000000000F812F40B000000000000B0
:10F75000000000000000F012CD13000000000000C7
:10F76000000000000000EF1CE501000000000000A8
:10F77000000000000000FA06E8ED000000000000B4
:10F78000000000000000EE0E041000000000000069
:10F79000000000000000F6F715EC0000000000007B
:10F7A000000000000000EEF8160A00000000000053
:10F7B000000000000000E9FD07EE0000000000006E
:10F7C000000000000000F1F5F2E100000000000080
:10F7D00000000000000010F83CF0000000000000F5
:10F7E000000000000000FEDA2FF100000000000021
:10F7F00000000000000009F00C0400000000000000
:10F8000000000000000000FDFFFC00000000000000
:10F81000000000000000FCFD1AFB000000000000DA
:10F820000000000000000000F1F2FFF30000000003
:10F830000000000000000000F7F4E20000000000FB
:10F840000000000000000000F6ECE4F600000000FC
:10F850000000000000000000FECBE7F50000000003
:10F86000000000000000000008D4FAEE00000000D4
:10F8700000000000000000000AE9EDF900000000AF
:10F880000000000000000000F61406F10000000077
:10F890000000000000000000E613F4F0000000008B
:10F8A0000000000000000000E817F4E7000000007E
:10F8B0000000000000000000EE0D03ED000000005D
:10F8C00000000000000000000AE50CF70000000046
:10F8D00000000000000000000E2B240600000000C5
:10F8E0000000000000000000FE492CFF00000000A6
:10F8F00000000000000000000A4C11080000000099
:10F900000000000000000000EB13EEF20000000019
:10F91000000000000000000007E80BFD00000000F0
:10F92000000000000000000016CC1B0200000000D8
:10F93000000000000000000015E22DFF00000000A4
:10F94000000000000000000016103E16000000003D
:10F950000000000000000000F4200107000000008B
:10F960000000000000000000EE0DF80400000000A0
:10F970000000000000000000F90306FD0000000088
:10F980000000000000000000EEDE14F500000000A2
:10F99000000000000000000003B411F400000000AB
:10F9A0000000000000000000F4E50AFDFF110B0557
:10F9B0000DF7FD010308FDF4FA0FFAFBFF0803023F
:10F9C000F5041806FEEFEE0FFB17FB0A04030913FC
:10F9D000080D1308FF08F5F0ED0002110913FFFFF1
:10F9E0000BFC0A0BF61DF8FFEDF3F0070A3A2202B2
:10F9F0000313130F0B10FDEC1C0904FC07090BF596
:10FA0000FC1000F00FF505FB20FF03E708FFFE04E4
:10FA1000FD0BFDFC07F70B100F0F14F61112EA1087
:10FA20000A0009070C090703062408090B33061608
:10FA300013F216FA021F06EC1C100F1407351E03F2
:10FA400004F409F21114FCF42AF20CFC07F305D8B3
:10FA5000E010D7FEFCE3180116F912F7080817E4C6
:10FA6000E31CE3E901EC1BFF132E1B000D0C31E737
:10FA7000E70FE3EEF70315F514041008102717E05D
:10FA8000F600D4FDF20EFBEB0CE7FCFFFC240DE8C6
:10FA9000F4F3F4F6F30AF2DB0FC3FCF3010F14CC1A
:10FAA000E121D3E3F5D721FBEF132000061B21E072
:10FAB000E31EE2EDEDDF1D130F1D1910052836D8EA
:10FAC000E504EB00DFD80FFE1203050C033249D624
:10FAD000E226EFFDD9EBFEDE02D9F0FD06232BE78F
:10FAE000E60FF700EAEEECDFF5DDE3F5FA271EE0BE
:10FAF000DF0BF4EFF5FB0C0114F3FE09FF0C1B0404
:10FB0000FA0C06FAEFF6FD06E205FB090709190AE9
:10FB1000FD07FFEEDCF3F1FCE60EEE030A0B180323
:10FB2000F60203E7EB04F8F100F5FB01011F4204C4
:10FB3000F704FFEBFD06FEF72122FBEF0014002186
:10FB400017EA1AF74D24F4EE1309FA1A06F2FA101E
:10FB5000FFF109D71B10FFEB06F606F9F8E3010ADF
:10FB6000FCF202EB0606FEFFF3EA000AFCFAF7F8E5
:10FB7000F9F207F8FCDEF901EEFF02FFFB080208CC
:10FB800003F908F9EDF8F80AECFAFF050FF4FA1496
:10FB900004EB03F83A2CF90D1406FE1EFDF7E908F4
:10FBA000F30105E9030D05F609FEFEF1FCFEEA0D81
:10FBB000FCFF0706F3E2FCFD00E8FB00FF04EAFBA4
:10FBC00005F1030CE901FDEAEEE3FCF6F910FC0295
:10FBD00000F00F00FC06EEFAFEDDF5F701F6EB1083
:10FBE00004E301F71D19F7F709E8F715F101E3023E
:10FBF000F2F702F3F2E5F1F5E6E2EDEBFB090008BE
:10FC000004FE0B0FE6F2F4F7E7DDF6F9051C1DFA2A
:10FC1000FAFD0201F80EEFF3F3F1F5F70611180201
:10FC200009F80A03FA18EF0003EAF4FB04F7DB060D
:10FC3000FBF9F8F2FEFFF3F8F4E9F810F60DE8042A
:10FC4000F1F20AFFE2D7ECF1DCE7F4FEFD0C0D0A5D
:10FC500006FB0802EB14F0EFF2E9F1F3FF031204E4
:10FC6000020504FF030BEFEFFDEFEE0206070508A8
:10FC7000080A0B110E15F7FA05F9FDF60004E2006B
:10FC8000F6EC08EDF3E2EFFCD6F8EB07FA06F11D0F
:10FC900000FE16FCEDECF200E0FDF7FDF90906129E
:10FCA00011FB02F8FA09FAF5F3F6F4F9FEFCF80391
:10FCB000FF08010F090404F0FA09FCFA0207031116
:10FCC0000F0D06060F06FEFA050EFFF82573206FCE
:10FCD0007574206F6620626F756E647320256C7575
:10FCE000203E20256C750A00556E6B6E6F776E2076
:10FCF00050474D2066696C6520666F726D617400B7
:10FD000050474D20696D6167652073697A6520648D
:10FD10006F6573206E6F74206D617463682061720B
:10FD20007261792073697A6500000000667265610E
:10FD3000642829206E756D626572206F6620726579
:10FD40006164206F626A656374732028256C75296D
:10FD500020646966666572656E74207468616E20E1
:10FD600065787065637465642028257529205B6457
:10FD70006174615D0A000000667265616428292073
:10FD80006E756D626572206F662072656164206FAA
:10FD9000626A656374732028256C7529206469661E
:10FDA000666572656E74207468616E206578706532
:10FDB000637465642028257529205B6F75747075E0
:10FDC00074546172676574735D0A0000454F462084
:10FDD0006E6F7420726561636865642C2046696C7F
:10FDE00065206572726F7220212100007265616466
:10FDF0005F6D6E6973745F696E70757400000000EA
:10FE000000010202030303030404040404040404C1
:10FE10000505050505050505050505050505050592
:10FE20000606060606060606060606060606060672
:10FE30000606060606060606060606060606060662
:10FE40000707070707070707070707070707070742
:10FE50000707070707070707070707070707070732
:10FE60000707070707070707070707070707070722
:10FE70000707070707070707070707070707070712
:10FE800008080808080808080808080808080808F2
:10FE900008080808080808080808080808080808E2
:10FEA00008080808080808080808080808080808D2
:10FEB00008080808080808080808080808080808C2
:10FEC00008080808080808080808080808080808B2
:10FED00008080808080808080808080808080808A2
:10FEE0000808080808080808080808080808080892
:10FEF0000808080808080808080808080808080882
:10FF0000494E4600696E66004E414E006E616E00BD
:10FF1000303132333435363738394142434445463F
:10FF20000000000030313233343536373839616201
:10FF30006364656600000000286E756C6C29000023
:10FF40003000000038480080744200807442008015
:10FF50002C4800807442008074420080744200800B
:10FF600074420080744200807442008030470080F8
:10FF70001C4800807442008048470080544700803D
:10FF800074420080DC470080404200804042008094
:10FF90004042008040420080404200804042008059
:10FFA0004042008040420080404200807442008015
:10FFB0007442008074420080744200807442008069
:10FFC0007442008074420080744200807442008059
:10FFD00074420080B04700809C45008074420080DD
:10FFE0009C4500807442008074420080744200800E
:10FFF0007442008050480080744200807442008047
:02000004800278
:100000003449008074420080744200807442008051
:1000100074420080744200805C480080744200801A
:100020007442008048540080744200807442008012
:1000300074420080744200807442008074420080E8
:1000400074420080744200807442008074420080D8
:10005000F44700808C4600809C4500809C450080D1
:100060009C450080E84700808C46008074420080F8
:10007000744200804C44008074420080504A0080EA
:10008000204A0080E84900804C440080744200808F
:100090008049008074420080504900807442008092
:1000A00074420080A05400802020202020202020A6
:1000B00020202020202020203030303030303030C0
:1000C0003030303030303030E067008040640080C5
:1000D00040640080D46700804064008040640080F9
:1000E0004064008040640080406400804064008080
:1000F00034670080C46700804064008044670080EB
:100100005067008040640080B86700800C64008005
:100110000C6400800C6400800C6400800C6400801F
:100120000C6400800C6400800C6400800C6400800F
:10013000406400804064008040640080406400802F
:10014000406400804064008040640080406400801F
:100150004064008040640080A467008040640080A8
:1001600040640080406400804064008040640080FF
:1001700040640080406400804064008040640080EF
:1001800040640080646800804064008040640080B7
:1001900040640080406400804064008018680080F3
:1001A0004064008040640080FC6E008040640080F9
:1001B00040640080406400804064008040640080AF
:1001C000406400804064008040640080406400809F
:1001D00040640080F8670080906600804064008082
:1001E00040640080406400802C690080906600803C
:1001F0004064008040640080986500804064008016
:10020000F4680080CC680080C06900809865008038
:10021000406400806069008040640080386900802C
:100220004064008040640080506F008020202020C7
:10023000202020202020202020202020303030307E
:10024000303030303030303030303030430000002B
:10025000504F5349580000002E000000496E666957
:100260006E697479000000004E614E0042616C6C52
:100270006F632073756363656564656400000000E7
:100280002E2E2F2E2E2F2E2E2F2E2E2F2E2E2F2E89
:100290002E2F7372632F6E65776C69622F6E657790
:1002A0006C69622F6C6962632F7374646C69622F6E
:1002B00064746F612E6300002E2E2F2E2E2F2E2E93
:1002C0002F2E2E2F2E2E2F2E2E2F7372632F6E6514
:1002D000776C69622F6E65776C69622F6C696263F7
:1002E0002F7374646C69622F6D707265632E630086
:1002F00005000000190000007D0000000000000063
:10030000000000000000F03F00000000000024405A
:1003100000000000000059400000000000408F4035
:10032000000000000088C34000000000006AF840A0
:100330000000000080842E4100000000D0126341C4
:100340000000000084D797410000000065CDCD413A
:10035000000000205FA00242000000E8764837421B
:10036000000000A2941A6D42000040E59C30A242B9
:100370000000901EC4BCD64200003426F56B0C432E
:100380000080E03779C3414300A0D88557347643D5
:1003900000C84E676DC1AB43003D9160E458E14336
:1003A000408CB5781DAF154450EFE2D6E41A4B44AB
:1003B00092D54D06CFF08044F64AE1C7022DB544F0
:1003C000B49DD9794378EA44BC89D897B2D29C3C91
:1003D00033A7A8D523F649393DA7F444FD0FA5322C
:1003E0009D978CCF08BA5B25436FAC642806C80A7A
:1003F0000080E03779C34143176E05B5B5B8934621
:10040000F5F93FE9034F384D321D30F94877825AEC
:100410003CBF737FDD4F1575002020202020202059
:1004200020202828282828202020202020202020A4
:1004300020202020202020202088101010101010B4
:100440001010101010101010100404040404040400
:10045000040404101010101010104141414141419A
:10046000010101010101010101010101010101017C
:10047000010101011010101010104242424242428C
:10048000020202020202020202020202020202024C
:1004900002020202101010102000000000000000F4
:1004A000000000000000000000000000000000004C
:1004B000000000000000000000000000000000003C
:1004C000000000000000000000000000000000002C
:1004D000000000000000000000000000000000001C
:1004E000000000000000000000000000000000000C
:1004F00000000000000000000000000000000000FC
:1005000000000000000000000000000000000000EB
:100510000000000000000000000000002C206675B4
:100520006E6374696F6E3A2000000000617373653A
:100530007274696F6E2022257322206661696C6572
:10054000643A2066696C6520222573222C206C6930
:100550006E65202564257325730A0000C4CB0080D6
:1005600070CA00801CCA008070CB00801CCA00804A
:1005700080CA00801CCA008070CB008070CA0080D6
:1005800070CA008080CA008070CB0080FCCA0080E6
:0C059000FCCA0080FCCA008080CA008009
:10059C001000000000000000037A5200017C0101F1
:1005AC001B0D020010000000180000000416FEFFD6
:1005BC00DC04000000000000100000002C00000013
:0C05CC00CC1AFEFF9004000000000000AC
:1005D8000000001000000000000000000000000003
:1005E8000000000000000000000000000000000003
:1005F800000000000000000050350A323420323478
:100608000A3235350A000000000000000000000032
:1006180000000000000000000000000000000000D2
:1006280000000000000000000000000000000000C2
:1006380000000000000000000000000000000000B2
:1006480000000000000000000000000000000000A2
:10065800000000000005040000000000000002D2B5
:1006680042000000000000000000000007B38700FF
:1006780000000000000064FE5C00000000000000B4
:10068800000000006FFE9D00000000000003CBFE8C
:10069800360000000000000000000020E7FE6600B1
:1006A800000000000024FED8120000000000000036
:1006B8000000007EFEB300000000000000ACFE3B1E
:1006C800000000000000000000002EFCEA120000FC
:1006D8000000000005E2F523000000000000000013
:1006E800000080FE660000000000000025FEA90052
:1006F8000000000000000000001AF1FB13000000D9
:1007080000000000AAFE55000000000000000000E4
:10071800002EFEC20000000000000009E7F62300DA
:1007280000000000000000000076FF981D00000097
:1007380000000074FEB60000000000000000000089
:100748000076FEFEF3D7D7D7CAB985D1FE8300114C
:100758000000000000000000003EF3FEFEFEFEFE6A
:10076800FEFEFEFEFEE89D230000000000000000E3
:1007780000004684944649616161BBFEF922040089
:100788000000000000000000000000000000000061
:100798000000AEFE71000000000000000000000034
:1007A80000000000000000000016EEFE350000000A
:1007B8000000000000000000000000000000000031
:1007C8000073FE9F01000000000000000000000010
:1007D800000000000000000000AEFE610000000004
:1007E8000000000000000000000000000000000001
:1007F80000D7FE73000000000000000000000000A9
:10080800000000000000000055FBFE690000000029
:1008180000000000000000000000000000000000D0
:1008280054F2880A000000000000000000000000E8
:1008380000000000000000000000000000000000B0
:10084800000000000004000000000000000000009C
:1008580003000000EC17028000000000EC17028083
:1008680054180280BC18028000000000000000003C
:100878000000000000000000000000000000000070
:100888000000000000000000000000000000000060
:100898000000000000000000000000000000000050
:1008A8000000000000000000000000000000000040
:1008B8000000000000000000000000000000000030
:1008C8000000000000000000000000000000000020
:1008D8000000000000000000000000000000000010
:1008E8000000000000000000000000000000000000
:1008F80001000000000000000E33CDAB34126DE69D
:10090800ECDE05000B000000000000000000000005
:1009180000000000000000000000000000000000CF
:1009280000000000000000000000000000000000BF
:1009380000000000000000000000000000000000AF
:10094800000000000000000000000000000000009F
:10095800000000000000000000000000000000008F
:10096800000000000000000000000000000000007F
:10097800000000000000000000000000000000006F
:100988008009028080090280880902808809028023
:1009980090090280900902809809028098090280D3
:1009A800A0090280A0090280A8090280A809028083
:1009B800B0090280B0090280B8090280B809028033
:1009C800C0090280C0090280C8090280C8090280E3
:1009D800D0090280D0090280D8090280D809028093
:1009E800E0090280E0090280E8090280E809028043
:1009F800F0090280F0090280F8090280F8090280F3
:100A0800000A0280000A0280080A0280080A02809E
:100A1800100A0280100A0280180A0280180A02804E
:100A2800200A0280200A0280280A0280280A0280FE
:100A3800300A0280300A0280380A0280380A0280AE
:100A4800400A0280400A0280480A0280480A02805E
:100A5800500A0280500A0280580A0280580A02800E
:100A6800600A0280600A0280680A0280680A0280BE
:100A7800700A0280700A0280780A0280780A02806E
:100A8800800A0280800A0280880A0280880A02801E
:100A9800900A0280900A0280980A0280980A0280CE
:100AA800A00A0280A00A0280A80A0280A80A02807E
:100AB800B00A0280B00A0280B80A0280B80A02802E
:100AC800C00A0280C00A0280C80A0280C80A0280DE
:100AD800D00A0280D00A0280D80A0280D80A02808E
:100AE800E00A0280E00A0280E80A0280E80A02803E
:100AF800F00A0280F00A0280F80A0280F80A0280EE
:100B0800000B0280000B0280080B0280080B028099
:100B1800100B0280100B0280180B0280180B028049
:100B2800200B0280200B0280280B0280280B0280F9
:100B3800300B0280300B0280380B0280380B0280A9
:100B4800400B0280400B0280480B0280480B028059
:100B5800500B0280500B0280580B0280580B028009
:100B6800600B0280600B0280680B0280680B0280B9
:100B7800700B0280700B0280780B0280780B028069
:100B8800800B0280800B0280880B0280880B028019
:100B9800900B0280900B0280980B0280980B0280C9
:100BA800A00B0280A00B0280A80B0280A80B028079
:100BB800B00B0280B00B0280B80B0280B80B028029
:100BC800C00B0280C00B0280C80B0280C80B0280D9
:100BD800D00B0280D00B0280D80B0280D80B028089
:100BE800E00B0280E00B0280E80B0280E80B028039
:100BF800F00B0280F00B0280F80B0280F80B0280E9
:100C0800000C0280000C0280080C0280080C028094
:100C1800100C0280100C0280180C0280180C028044
:100C2800200C0280200C0280280C0280280C0280F4
:100C3800300C0280300C0280380C0280380C0280A4
:100C4800400C0280400C0280480C0280480C028054
:100C5800500C0280500C0280580C0280580C028004
:100C6800600C0280600C0280680C0280680C0280B4
:100C7800700C0280700C0280780C0280780C028064
:100C8800800C0280800C0280880C0280880C028014
:100C9800900C0280900C0280980C0280980C0280C4
:100CA800A00C0280A00C0280A80C0280A80C028074
:100CB800B00C0280B00C0280B80C0280B80C028024
:100CC800C00C0280C00C0280C80C0280C80C0280D4
:100CD800D00C0280D00C0280D80C0280D80C028084
:100CE800E00C0280E00C0280E80C0280E80C028034
:100CF800F00C0280F00C0280F80C0280F80C0280E4
:100D0800000D0280000D0280080D0280080D02808F
:100D1800100D0280100D0280180D0280180D02803F
:100D2800200D0280200D0280280D0280280D0280EF
:100D3800300D0280300D0280380D0280380D02809F
:100D4800400D0280400D0280480D0280480D02804F
:100D5800500D0280500D0280580D0280580D0280FF
:100D6800600D0280600D0280680D0280680D0280AF
:100D7800700D0280700D0280780D0280780D02805F
:100D88004300000000000000000000000000000018
:100D9800000000000000000000000000000000004B
:100DA80043000000000000000000000000000000F8
:100DB800000000000000000000000000000000002B
:100DC80043000000000000000000000000000000D8
:100DD800000000000000000000000000000000000B
:100DE80043000000000000000000000000000000B8
:100DF80000000000000000000000000000000000EB
:100E08004300000000000000000000000000000097
:100E180000000000000000000000000000000000CA
:100E28004300000000000000000000000000000077
:100E380000000000000000000000000000000000AA
:100E48004300000000000000000000000000000057
:100E5800000000000000000000000000000000008A
:100E68004CB20080589A00800000000018040280EC
:100E7800580202804CEC00804CEC00804CEC008066
:100E88004CEC00804CEC00804CEC00804CEC00807A
:100E98004CEC00804CEC0080FFFFFFFFFFFFFFFFE2
:100EA800FFFFFFFFFFFF00000100415343494900D6
:100EB800000000000000000000000000000000002A
:100EC80000000000000000000000415343494900B1
:100ED800000000000000000000000000000000000A
:0C0EE800000000000000000000000000FE
:100EF800FFFFFFFFFFFFEF7F000000000000F83F4B
:100F080061436F63A787D23FB3C8608B288AC63F07
:100F1800FB799F501344D33F000000000000F03FCE
:100F280000000000000024400000000000001C40F9
:100F38000000000000001440000000000000E03F36
:100F4800E01A028060080280FFFFFFFF0000020035
:0400000580000080F7
:00000001FF
